[2024-07-16 18:01:28] local.ERROR: No application encryption key has been specified. {"exception":"[object] (Illuminate\\Encryption\\MissingAppKeyException(code: 0): No application encryption key has been specified. at C:\\Users\\luism\\OneDrive\\Documents\\Proyectos\\WMS-ARCOSA-NEW\\vendor\\laravel\\framework\\src\\Illuminate\\Encryption\\EncryptionServiceProvider.php:83)
[stacktrace]
#0 C:\\Users\\luism\\OneDrive\\Documents\\Proyectos\\WMS-ARCOSA-NEW\\vendor\\laravel\\framework\\src\\Illuminate\\Support\\helpers.php(363): Illuminate\\Encryption\\EncryptionServiceProvider->Illuminate\\Encryption\\{closure}('')
#1 C:\\Users\\luism\\OneDrive\\Documents\\Proyectos\\WMS-ARCOSA-NEW\\vendor\\laravel\\framework\\src\\Illuminate\\Encryption\\EncryptionServiceProvider.php(81): tap('', Object(Closure))
#2 C:\\Users\\luism\\OneDrive\\Documents\\Proyectos\\WMS-ARCOSA-NEW\\vendor\\laravel\\framework\\src\\Illuminate\\Encryption\\EncryptionServiceProvider.php(64): Illuminate\\Encryption\\EncryptionServiceProvider->key(Array)
#3 C:\\Users\\luism\\OneDrive\\Documents\\Proyectos\\WMS-ARCOSA-NEW\\vendor\\laravel\\framework\\src\\Illuminate\\Encryption\\EncryptionServiceProvider.php(32): Illuminate\\Encryption\\EncryptionServiceProvider->parseKey(Array)
#4 C:\\Users\\luism\\OneDrive\\Documents\\Proyectos\\WMS-ARCOSA-NEW\\vendor\\laravel\\framework\\src\\Illuminate\\Container\\Container.php(900): Illuminate\\Encryption\\EncryptionServiceProvider->Illuminate\\Encryption\\{closure}(Object(Illuminate\\Foundation\\Application), Array)
#5 C:\\Users\\luism\\OneDrive\\Documents\\Proyectos\\WMS-ARCOSA-NEW\\vendor\\laravel\\framework\\src\\Illuminate\\Container\\Container.php(787): Illuminate\\Container\\Container->build(Object(Closure))
#6 C:\\Users\\luism\\OneDrive\\Documents\\Proyectos\\WMS-ARCOSA-NEW\\vendor\\laravel\\framework\\src\\Illuminate\\Foundation\\Application.php(1041): Illuminate\\Container\\Container->resolve('encrypter', Array, true)
#7 C:\\Users\\luism\\OneDrive\\Documents\\Proyectos\\WMS-ARCOSA-NEW\\vendor\\laravel\\framework\\src\\Illuminate\\Container\\Container.php(723): Illuminate\\Foundation\\Application->resolve('encrypter', Array)
#8 C:\\Users\\luism\\OneDrive\\Documents\\Proyectos\\WMS-ARCOSA-NEW\\vendor\\laravel\\framework\\src\\Illuminate\\Foundation\\Application.php(1026): Illuminate\\Container\\Container->make('encrypter', Array)
#9 C:\\Users\\luism\\OneDrive\\Documents\\Proyectos\\WMS-ARCOSA-NEW\\vendor\\laravel\\framework\\src\\Illuminate\\Container\\Container.php(1058): Illuminate\\Foundation\\Application->make('encrypter')
#10 C:\\Users\\luism\\OneDrive\\Documents\\Proyectos\\WMS-ARCOSA-NEW\\vendor\\laravel\\framework\\src\\Illuminate\\Container\\Container.php(974): Illuminate\\Container\\Container->resolveClass(Object(ReflectionParameter))
#11 C:\\Users\\luism\\OneDrive\\Documents\\Proyectos\\WMS-ARCOSA-NEW\\vendor\\laravel\\framework\\src\\Illuminate\\Container\\Container.php(935): Illuminate\\Container\\Container->resolveDependencies(Array)
#12 C:\\Users\\luism\\OneDrive\\Documents\\Proyectos\\WMS-ARCOSA-NEW\\vendor\\laravel\\framework\\src\\Illuminate\\Container\\Container.php(787): Illuminate\\Container\\Container->build('Illuminate\\\\Cook...')
#13 C:\\Users\\luism\\OneDrive\\Documents\\Proyectos\\WMS-ARCOSA-NEW\\vendor\\laravel\\framework\\src\\Illuminate\\Foundation\\Application.php(1041): Illuminate\\Container\\Container->resolve('Illuminate\\\\Cook...', Array, true)
#14 C:\\Users\\luism\\OneDrive\\Documents\\Proyectos\\WMS-ARCOSA-NEW\\vendor\\laravel\\framework\\src\\Illuminate\\Container\\Container.php(723): Illuminate\\Foundation\\Application->resolve('Illuminate\\\\Cook...', Array)
#15 C:\\Users\\luism\\OneDrive\\Documents\\Proyectos\\WMS-ARCOSA-NEW\\vendor\\laravel\\framework\\src\\Illuminate\\Foundation\\Application.php(1026): Illuminate\\Container\\Container->make('Illuminate\\\\Cook...', Array)
#16 C:\\Users\\luism\\OneDrive\\Documents\\Proyectos\\WMS-ARCOSA-NEW\\vendor\\laravel\\framework\\src\\Illuminate\\Pipeline\\Pipeline.php(172): Illuminate\\Foundation\\Application->make('Illuminate\\\\Cook...')
#17 C:\\Users\\luism\\OneDrive\\Documents\\Proyectos\\WMS-ARCOSA-NEW\\vendor\\laravel\\framework\\src\\Illuminate\\Pipeline\\Pipeline.php(119): Illuminate\\Pipeline\\Pipeline->Illuminate\\Pipeline\\{closure}(Object(Illuminate\\Http\\Request))
#18 C:\\Users\\luism\\OneDrive\\Documents\\Proyectos\\WMS-ARCOSA-NEW\\vendor\\laravel\\framework\\src\\Illuminate\\Routing\\Router.php(805): Illuminate\\Pipeline\\Pipeline->then(Object(Closure))
#19 C:\\Users\\luism\\OneDrive\\Documents\\Proyectos\\WMS-ARCOSA-NEW\\vendor\\laravel\\framework\\src\\Illuminate\\Routing\\Router.php(784): Illuminate\\Routing\\Router->runRouteWithinStack(Object(Illuminate\\Routing\\Route), Object(Illuminate\\Http\\Request))
#20 C:\\Users\\luism\\OneDrive\\Documents\\Proyectos\\WMS-ARCOSA-NEW\\vendor\\laravel\\framework\\src\\Illuminate\\Routing\\Router.php(748): Illuminate\\Routing\\Router->runRoute(Object(Illuminate\\Http\\Request), Object(Illuminate\\Routing\\Route))
#21 C:\\Users\\luism\\OneDrive\\Documents\\Proyectos\\WMS-ARCOSA-NEW\\vendor\\laravel\\framework\\src\\Illuminate\\Routing\\Router.php(737): Illuminate\\Routing\\Router->dispatchToRoute(Object(Illuminate\\Http\\Request))
#22 C:\\Users\\luism\\OneDrive\\Documents\\Proyectos\\WMS-ARCOSA-NEW\\vendor\\laravel\\framework\\src\\Illuminate\\Foundation\\Http\\Kernel.php(200): Illuminate\\Routing\\Router->dispatch(Object(Illuminate\\Http\\Request))
#23 C:\\Users\\luism\\OneDrive\\Documents\\Proyectos\\WMS-ARCOSA-NEW\\vendor\\laravel\\framework\\src\\Illuminate\\Pipeline\\Pipeline.php(144): Illuminate\\Foundation\\Http\\Kernel->Illuminate\\Foundation\\Http\\{closure}(Object(Illuminate\\Http\\Request))
#24 C:\\Users\\luism\\OneDrive\\Documents\\Proyectos\\WMS-ARCOSA-NEW\\vendor\\laravel\\framework\\src\\Illuminate\\Foundation\\Http\\Middleware\\TransformsRequest.php(21): Illuminate\\Pipeline\\Pipeline->Illuminate\\Pipeline\\{closure}(Object(Illuminate\\Http\\Request))
#25 C:\\Users\\luism\\OneDrive\\Documents\\Proyectos\\WMS-ARCOSA-NEW\\vendor\\laravel\\framework\\src\\Illuminate\\Foundation\\Http\\Middleware\\ConvertEmptyStringsToNull.php(31): Illuminate\\Foundation\\Http\\Middleware\\TransformsRequest->handle(Object(Illuminate\\Http\\Request), Object(Closure))
#26 C:\\Users\\luism\\OneDrive\\Documents\\Proyectos\\WMS-ARCOSA-NEW\\vendor\\laravel\\framework\\src\\Illuminate\\Pipeline\\Pipeline.php(183): Illuminate\\Foundation\\Http\\Middleware\\ConvertEmptyStringsToNull->handle(Object(Illuminate\\Http\\Request), Object(Closure))
#27 C:\\Users\\luism\\OneDrive\\Documents\\Proyectos\\WMS-ARCOSA-NEW\\vendor\\laravel\\framework\\src\\Illuminate\\Foundation\\Http\\Middleware\\TransformsRequest.php(21): Illuminate\\Pipeline\\Pipeline->Illuminate\\Pipeline\\{closure}(Object(Illuminate\\Http\\Request))
#28 C:\\Users\\luism\\OneDrive\\Documents\\Proyectos\\WMS-ARCOSA-NEW\\vendor\\laravel\\framework\\src\\Illuminate\\Foundation\\Http\\Middleware\\TrimStrings.php(51): Illuminate\\Foundation\\Http\\Middleware\\TransformsRequest->handle(Object(Illuminate\\Http\\Request), Object(Closure))
#29 C:\\Users\\luism\\OneDrive\\Documents\\Proyectos\\WMS-ARCOSA-NEW\\vendor\\laravel\\framework\\src\\Illuminate\\Pipeline\\Pipeline.php(183): Illuminate\\Foundation\\Http\\Middleware\\TrimStrings->handle(Object(Illuminate\\Http\\Request), Object(Closure))
#30 C:\\Users\\luism\\OneDrive\\Documents\\Proyectos\\WMS-ARCOSA-NEW\\vendor\\laravel\\framework\\src\\Illuminate\\Http\\Middleware\\ValidatePostSize.php(27): Illuminate\\Pipeline\\Pipeline->Illuminate\\Pipeline\\{closure}(Object(Illuminate\\Http\\Request))
#31 C:\\Users\\luism\\OneDrive\\Documents\\Proyectos\\WMS-ARCOSA-NEW\\vendor\\laravel\\framework\\src\\Illuminate\\Pipeline\\Pipeline.php(183): Illuminate\\Http\\Middleware\\ValidatePostSize->handle(Object(Illuminate\\Http\\Request), Object(Closure))
#32 C:\\Users\\luism\\OneDrive\\Documents\\Proyectos\\WMS-ARCOSA-NEW\\vendor\\laravel\\framework\\src\\Illuminate\\Foundation\\Http\\Middleware\\PreventRequestsDuringMaintenance.php(110): Illuminate\\Pipeline\\Pipeline->Illuminate\\Pipeline\\{closure}(Object(Illuminate\\Http\\Request))
#33 C:\\Users\\luism\\OneDrive\\Documents\\Proyectos\\WMS-ARCOSA-NEW\\vendor\\laravel\\framework\\src\\Illuminate\\Pipeline\\Pipeline.php(183): Illuminate\\Foundation\\Http\\Middleware\\PreventRequestsDuringMaintenance->handle(Object(Illuminate\\Http\\Request), Object(Closure))
#34 C:\\Users\\luism\\OneDrive\\Documents\\Proyectos\\WMS-ARCOSA-NEW\\vendor\\laravel\\framework\\src\\Illuminate\\Http\\Middleware\\HandleCors.php(49): Illuminate\\Pipeline\\Pipeline->Illuminate\\Pipeline\\{closure}(Object(Illuminate\\Http\\Request))
#35 C:\\Users\\luism\\OneDrive\\Documents\\Proyectos\\WMS-ARCOSA-NEW\\vendor\\laravel\\framework\\src\\Illuminate\\Pipeline\\Pipeline.php(183): Illuminate\\Http\\Middleware\\HandleCors->handle(Object(Illuminate\\Http\\Request), Object(Closure))
#36 C:\\Users\\luism\\OneDrive\\Documents\\Proyectos\\WMS-ARCOSA-NEW\\vendor\\laravel\\framework\\src\\Illuminate\\Http\\Middleware\\TrustProxies.php(57): Illuminate\\Pipeline\\Pipeline->Illuminate\\Pipeline\\{closure}(Object(Illuminate\\Http\\Request))
#37 C:\\Users\\luism\\OneDrive\\Documents\\Proyectos\\WMS-ARCOSA-NEW\\vendor\\laravel\\framework\\src\\Illuminate\\Pipeline\\Pipeline.php(183): Illuminate\\Http\\Middleware\\TrustProxies->handle(Object(Illuminate\\Http\\Request), Object(Closure))
#38 C:\\Users\\luism\\OneDrive\\Documents\\Proyectos\\WMS-ARCOSA-NEW\\vendor\\laravel\\framework\\src\\Illuminate\\Pipeline\\Pipeline.php(119): Illuminate\\Pipeline\\Pipeline->Illuminate\\Pipeline\\{closure}(Object(Illuminate\\Http\\Request))
#39 C:\\Users\\luism\\OneDrive\\Documents\\Proyectos\\WMS-ARCOSA-NEW\\vendor\\laravel\\framework\\src\\Illuminate\\Foundation\\Http\\Kernel.php(175): Illuminate\\Pipeline\\Pipeline->then(Object(Closure))
#40 C:\\Users\\luism\\OneDrive\\Documents\\Proyectos\\WMS-ARCOSA-NEW\\vendor\\laravel\\framework\\src\\Illuminate\\Foundation\\Http\\Kernel.php(144): Illuminate\\Foundation\\Http\\Kernel->sendRequestThroughRouter(Object(Illuminate\\Http\\Request))
#41 C:\\Users\\luism\\OneDrive\\Documents\\Proyectos\\WMS-ARCOSA-NEW\\vendor\\laravel\\framework\\src\\Illuminate\\Foundation\\Application.php(1183): Illuminate\\Foundation\\Http\\Kernel->handle(Object(Illuminate\\Http\\Request))
#42 C:\\Users\\luism\\OneDrive\\Documents\\Proyectos\\WMS-ARCOSA-NEW\\public\\index.php(17): Illuminate\\Foundation\\Application->handleRequest(Object(Illuminate\\Http\\Request))
#43 C:\\Users\\luism\\OneDrive\\Documents\\Proyectos\\WMS-ARCOSA-NEW\\vendor\\laravel\\framework\\src\\Illuminate\\Foundation\\resources\\server.php(16): require_once('C:\\\\Users\\\\luism\\\\...')
#44 {main}
"} 
[2024-07-16 18:01:29] local.ERROR: No application encryption key has been specified. {"exception":"[object] (Illuminate\\Encryption\\MissingAppKeyException(code: 0): No application encryption key has been specified. at C:\\Users\\luism\\OneDrive\\Documents\\Proyectos\\WMS-ARCOSA-NEW\\vendor\\laravel\\framework\\src\\Illuminate\\Encryption\\EncryptionServiceProvider.php:83)
[stacktrace]
#0 C:\\Users\\luism\\OneDrive\\Documents\\Proyectos\\WMS-ARCOSA-NEW\\vendor\\laravel\\framework\\src\\Illuminate\\Support\\helpers.php(363): Illuminate\\Encryption\\EncryptionServiceProvider->Illuminate\\Encryption\\{closure}('')
#1 C:\\Users\\luism\\OneDrive\\Documents\\Proyectos\\WMS-ARCOSA-NEW\\vendor\\laravel\\framework\\src\\Illuminate\\Encryption\\EncryptionServiceProvider.php(81): tap('', Object(Closure))
#2 C:\\Users\\luism\\OneDrive\\Documents\\Proyectos\\WMS-ARCOSA-NEW\\vendor\\laravel\\framework\\src\\Illuminate\\Encryption\\EncryptionServiceProvider.php(64): Illuminate\\Encryption\\EncryptionServiceProvider->key(Array)
#3 C:\\Users\\luism\\OneDrive\\Documents\\Proyectos\\WMS-ARCOSA-NEW\\vendor\\laravel\\framework\\src\\Illuminate\\Encryption\\EncryptionServiceProvider.php(32): Illuminate\\Encryption\\EncryptionServiceProvider->parseKey(Array)
#4 C:\\Users\\luism\\OneDrive\\Documents\\Proyectos\\WMS-ARCOSA-NEW\\vendor\\laravel\\framework\\src\\Illuminate\\Container\\Container.php(900): Illuminate\\Encryption\\EncryptionServiceProvider->Illuminate\\Encryption\\{closure}(Object(Illuminate\\Foundation\\Application), Array)
#5 C:\\Users\\luism\\OneDrive\\Documents\\Proyectos\\WMS-ARCOSA-NEW\\vendor\\laravel\\framework\\src\\Illuminate\\Container\\Container.php(787): Illuminate\\Container\\Container->build(Object(Closure))
#6 C:\\Users\\luism\\OneDrive\\Documents\\Proyectos\\WMS-ARCOSA-NEW\\vendor\\laravel\\framework\\src\\Illuminate\\Foundation\\Application.php(1041): Illuminate\\Container\\Container->resolve('encrypter', Array, true)
#7 C:\\Users\\luism\\OneDrive\\Documents\\Proyectos\\WMS-ARCOSA-NEW\\vendor\\laravel\\framework\\src\\Illuminate\\Container\\Container.php(723): Illuminate\\Foundation\\Application->resolve('encrypter', Array)
#8 C:\\Users\\luism\\OneDrive\\Documents\\Proyectos\\WMS-ARCOSA-NEW\\vendor\\laravel\\framework\\src\\Illuminate\\Foundation\\Application.php(1026): Illuminate\\Container\\Container->make('encrypter', Array)
#9 C:\\Users\\luism\\OneDrive\\Documents\\Proyectos\\WMS-ARCOSA-NEW\\vendor\\laravel\\framework\\src\\Illuminate\\Container\\Container.php(1058): Illuminate\\Foundation\\Application->make('encrypter')
#10 C:\\Users\\luism\\OneDrive\\Documents\\Proyectos\\WMS-ARCOSA-NEW\\vendor\\laravel\\framework\\src\\Illuminate\\Container\\Container.php(974): Illuminate\\Container\\Container->resolveClass(Object(ReflectionParameter))
#11 C:\\Users\\luism\\OneDrive\\Documents\\Proyectos\\WMS-ARCOSA-NEW\\vendor\\laravel\\framework\\src\\Illuminate\\Container\\Container.php(935): Illuminate\\Container\\Container->resolveDependencies(Array)
#12 C:\\Users\\luism\\OneDrive\\Documents\\Proyectos\\WMS-ARCOSA-NEW\\vendor\\laravel\\framework\\src\\Illuminate\\Container\\Container.php(787): Illuminate\\Container\\Container->build('Illuminate\\\\Cook...')
#13 C:\\Users\\luism\\OneDrive\\Documents\\Proyectos\\WMS-ARCOSA-NEW\\vendor\\laravel\\framework\\src\\Illuminate\\Foundation\\Application.php(1041): Illuminate\\Container\\Container->resolve('Illuminate\\\\Cook...', Array, true)
#14 C:\\Users\\luism\\OneDrive\\Documents\\Proyectos\\WMS-ARCOSA-NEW\\vendor\\laravel\\framework\\src\\Illuminate\\Container\\Container.php(723): Illuminate\\Foundation\\Application->resolve('Illuminate\\\\Cook...', Array)
#15 C:\\Users\\luism\\OneDrive\\Documents\\Proyectos\\WMS-ARCOSA-NEW\\vendor\\laravel\\framework\\src\\Illuminate\\Foundation\\Application.php(1026): Illuminate\\Container\\Container->make('Illuminate\\\\Cook...', Array)
#16 C:\\Users\\luism\\OneDrive\\Documents\\Proyectos\\WMS-ARCOSA-NEW\\vendor\\laravel\\framework\\src\\Illuminate\\Foundation\\Http\\Kernel.php(255): Illuminate\\Foundation\\Application->make('Illuminate\\\\Cook...')
#17 C:\\Users\\luism\\OneDrive\\Documents\\Proyectos\\WMS-ARCOSA-NEW\\vendor\\laravel\\framework\\src\\Illuminate\\Foundation\\Http\\Kernel.php(213): Illuminate\\Foundation\\Http\\Kernel->terminateMiddleware(Object(Illuminate\\Http\\Request), Object(Illuminate\\Http\\Response))
#18 C:\\Users\\luism\\OneDrive\\Documents\\Proyectos\\WMS-ARCOSA-NEW\\vendor\\laravel\\framework\\src\\Illuminate\\Foundation\\Application.php(1185): Illuminate\\Foundation\\Http\\Kernel->terminate(Object(Illuminate\\Http\\Request), Object(Illuminate\\Http\\Response))
#19 C:\\Users\\luism\\OneDrive\\Documents\\Proyectos\\WMS-ARCOSA-NEW\\public\\index.php(17): Illuminate\\Foundation\\Application->handleRequest(Object(Illuminate\\Http\\Request))
#20 C:\\Users\\luism\\OneDrive\\Documents\\Proyectos\\WMS-ARCOSA-NEW\\vendor\\laravel\\framework\\src\\Illuminate\\Foundation\\resources\\server.php(16): require_once('C:\\\\Users\\\\luism\\\\...')
#21 {main}
"} 
[2024-07-16 18:01:58] local.ERROR: SQLSTATE[42S02]: Base table or view not found: 1146 Table 'wms.sessions' doesn't exist (Connection: mariadb, SQL: select * from `sessions` where `id` = WQzILEJNAZRqFqS8y6keHDNsJOFR8bVNyyclqGQz limit 1) {"exception":"[object] (Illuminate\\Database\\QueryException(code: 42S02): SQLSTATE[42S02]: Base table or view not found: 1146 Table 'wms.sessions' doesn't exist (Connection: mariadb, SQL: select * from `sessions` where `id` = WQzILEJNAZRqFqS8y6keHDNsJOFR8bVNyyclqGQz limit 1) at C:\\Users\\luism\\OneDrive\\Documents\\Proyectos\\WMS-ARCOSA-NEW\\vendor\\laravel\\framework\\src\\Illuminate\\Database\\Connection.php:813)
[stacktrace]
#0 C:\\Users\\luism\\OneDrive\\Documents\\Proyectos\\WMS-ARCOSA-NEW\\vendor\\laravel\\framework\\src\\Illuminate\\Database\\Connection.php(767): Illuminate\\Database\\Connection->runQueryCallback('select * from `...', Array, Object(Closure))
#1 C:\\Users\\luism\\OneDrive\\Documents\\Proyectos\\WMS-ARCOSA-NEW\\vendor\\laravel\\framework\\src\\Illuminate\\Database\\Connection.php(398): Illuminate\\Database\\Connection->run('select * from `...', Array, Object(Closure))
#2 C:\\Users\\luism\\OneDrive\\Documents\\Proyectos\\WMS-ARCOSA-NEW\\vendor\\laravel\\framework\\src\\Illuminate\\Database\\Query\\Builder.php(2993): Illuminate\\Database\\Connection->select('select * from `...', Array, true)
#3 C:\\Users\\luism\\OneDrive\\Documents\\Proyectos\\WMS-ARCOSA-NEW\\vendor\\laravel\\framework\\src\\Illuminate\\Database\\Query\\Builder.php(2978): Illuminate\\Database\\Query\\Builder->runSelect()
#4 C:\\Users\\luism\\OneDrive\\Documents\\Proyectos\\WMS-ARCOSA-NEW\\vendor\\laravel\\framework\\src\\Illuminate\\Database\\Query\\Builder.php(3566): Illuminate\\Database\\Query\\Builder->Illuminate\\Database\\Query\\{closure}()
#5 C:\\Users\\luism\\OneDrive\\Documents\\Proyectos\\WMS-ARCOSA-NEW\\vendor\\laravel\\framework\\src\\Illuminate\\Database\\Query\\Builder.php(2977): Illuminate\\Database\\Query\\Builder->onceWithColumns(Array, Object(Closure))
#6 C:\\Users\\luism\\OneDrive\\Documents\\Proyectos\\WMS-ARCOSA-NEW\\vendor\\laravel\\framework\\src\\Illuminate\\Database\\Concerns\\BuildsQueries.php(335): Illuminate\\Database\\Query\\Builder->get(Array)
#7 C:\\Users\\luism\\OneDrive\\Documents\\Proyectos\\WMS-ARCOSA-NEW\\vendor\\laravel\\framework\\src\\Illuminate\\Database\\Query\\Builder.php(2900): Illuminate\\Database\\Query\\Builder->first(Array)
#8 C:\\Users\\luism\\OneDrive\\Documents\\Proyectos\\WMS-ARCOSA-NEW\\vendor\\laravel\\framework\\src\\Illuminate\\Session\\DatabaseSessionHandler.php(97): Illuminate\\Database\\Query\\Builder->find('WQzILEJNAZRqFqS...')
#9 C:\\Users\\luism\\OneDrive\\Documents\\Proyectos\\WMS-ARCOSA-NEW\\vendor\\laravel\\framework\\src\\Illuminate\\Session\\Store.php(113): Illuminate\\Session\\DatabaseSessionHandler->read('WQzILEJNAZRqFqS...')
#10 C:\\Users\\luism\\OneDrive\\Documents\\Proyectos\\WMS-ARCOSA-NEW\\vendor\\laravel\\framework\\src\\Illuminate\\Session\\Store.php(101): Illuminate\\Session\\Store->readFromHandler()
#11 C:\\Users\\luism\\OneDrive\\Documents\\Proyectos\\WMS-ARCOSA-NEW\\vendor\\laravel\\framework\\src\\Illuminate\\Session\\Store.php(85): Illuminate\\Session\\Store->loadSession()
#12 C:\\Users\\luism\\OneDrive\\Documents\\Proyectos\\WMS-ARCOSA-NEW\\vendor\\laravel\\framework\\src\\Illuminate\\Session\\Middleware\\StartSession.php(147): Illuminate\\Session\\Store->start()
#13 C:\\Users\\luism\\OneDrive\\Documents\\Proyectos\\WMS-ARCOSA-NEW\\vendor\\laravel\\framework\\src\\Illuminate\\Support\\helpers.php(363): Illuminate\\Session\\Middleware\\StartSession->Illuminate\\Session\\Middleware\\{closure}(Object(Illuminate\\Session\\Store))
#14 C:\\Users\\luism\\OneDrive\\Documents\\Proyectos\\WMS-ARCOSA-NEW\\vendor\\laravel\\framework\\src\\Illuminate\\Session\\Middleware\\StartSession.php(144): tap(Object(Illuminate\\Session\\Store), Object(Closure))
#15 C:\\Users\\luism\\OneDrive\\Documents\\Proyectos\\WMS-ARCOSA-NEW\\vendor\\laravel\\framework\\src\\Illuminate\\Session\\Middleware\\StartSession.php(116): Illuminate\\Session\\Middleware\\StartSession->startSession(Object(Illuminate\\Http\\Request), Object(Illuminate\\Session\\Store))
#16 C:\\Users\\luism\\OneDrive\\Documents\\Proyectos\\WMS-ARCOSA-NEW\\vendor\\laravel\\framework\\src\\Illuminate\\Session\\Middleware\\StartSession.php(64): Illuminate\\Session\\Middleware\\StartSession->handleStatefulRequest(Object(Illuminate\\Http\\Request), Object(Illuminate\\Session\\Store), Object(Closure))
#17 C:\\Users\\luism\\OneDrive\\Documents\\Proyectos\\WMS-ARCOSA-NEW\\vendor\\laravel\\framework\\src\\Illuminate\\Pipeline\\Pipeline.php(183): Illuminate\\Session\\Middleware\\StartSession->handle(Object(Illuminate\\Http\\Request), Object(Closure))
#18 C:\\Users\\luism\\OneDrive\\Documents\\Proyectos\\WMS-ARCOSA-NEW\\vendor\\laravel\\framework\\src\\Illuminate\\Cookie\\Middleware\\AddQueuedCookiesToResponse.php(37): Illuminate\\Pipeline\\Pipeline->Illuminate\\Pipeline\\{closure}(Object(Illuminate\\Http\\Request))
#19 C:\\Users\\luism\\OneDrive\\Documents\\Proyectos\\WMS-ARCOSA-NEW\\vendor\\laravel\\framework\\src\\Illuminate\\Pipeline\\Pipeline.php(183): Illuminate\\Cookie\\Middleware\\AddQueuedCookiesToResponse->handle(Object(Illuminate\\Http\\Request), Object(Closure))
#20 C:\\Users\\luism\\OneDrive\\Documents\\Proyectos\\WMS-ARCOSA-NEW\\vendor\\laravel\\framework\\src\\Illuminate\\Cookie\\Middleware\\EncryptCookies.php(75): Illuminate\\Pipeline\\Pipeline->Illuminate\\Pipeline\\{closure}(Object(Illuminate\\Http\\Request))
#21 C:\\Users\\luism\\OneDrive\\Documents\\Proyectos\\WMS-ARCOSA-NEW\\vendor\\laravel\\framework\\src\\Illuminate\\Pipeline\\Pipeline.php(183): Illuminate\\Cookie\\Middleware\\EncryptCookies->handle(Object(Illuminate\\Http\\Request), Object(Closure))
#22 C:\\Users\\luism\\OneDrive\\Documents\\Proyectos\\WMS-ARCOSA-NEW\\vendor\\laravel\\framework\\src\\Illuminate\\Pipeline\\Pipeline.php(119): Illuminate\\Pipeline\\Pipeline->Illuminate\\Pipeline\\{closure}(Object(Illuminate\\Http\\Request))
#23 C:\\Users\\luism\\OneDrive\\Documents\\Proyectos\\WMS-ARCOSA-NEW\\vendor\\laravel\\framework\\src\\Illuminate\\Routing\\Router.php(805): Illuminate\\Pipeline\\Pipeline->then(Object(Closure))
#24 C:\\Users\\luism\\OneDrive\\Documents\\Proyectos\\WMS-ARCOSA-NEW\\vendor\\laravel\\framework\\src\\Illuminate\\Routing\\Router.php(784): Illuminate\\Routing\\Router->runRouteWithinStack(Object(Illuminate\\Routing\\Route), Object(Illuminate\\Http\\Request))
#25 C:\\Users\\luism\\OneDrive\\Documents\\Proyectos\\WMS-ARCOSA-NEW\\vendor\\laravel\\framework\\src\\Illuminate\\Routing\\Router.php(748): Illuminate\\Routing\\Router->runRoute(Object(Illuminate\\Http\\Request), Object(Illuminate\\Routing\\Route))
#26 C:\\Users\\luism\\OneDrive\\Documents\\Proyectos\\WMS-ARCOSA-NEW\\vendor\\laravel\\framework\\src\\Illuminate\\Routing\\Router.php(737): Illuminate\\Routing\\Router->dispatchToRoute(Object(Illuminate\\Http\\Request))
#27 C:\\Users\\luism\\OneDrive\\Documents\\Proyectos\\WMS-ARCOSA-NEW\\vendor\\laravel\\framework\\src\\Illuminate\\Foundation\\Http\\Kernel.php(200): Illuminate\\Routing\\Router->dispatch(Object(Illuminate\\Http\\Request))
#28 C:\\Users\\luism\\OneDrive\\Documents\\Proyectos\\WMS-ARCOSA-NEW\\vendor\\laravel\\framework\\src\\Illuminate\\Pipeline\\Pipeline.php(144): Illuminate\\Foundation\\Http\\Kernel->Illuminate\\Foundation\\Http\\{closure}(Object(Illuminate\\Http\\Request))
#29 C:\\Users\\luism\\OneDrive\\Documents\\Proyectos\\WMS-ARCOSA-NEW\\vendor\\laravel\\framework\\src\\Illuminate\\Foundation\\Http\\Middleware\\TransformsRequest.php(21): Illuminate\\Pipeline\\Pipeline->Illuminate\\Pipeline\\{closure}(Object(Illuminate\\Http\\Request))
#30 C:\\Users\\luism\\OneDrive\\Documents\\Proyectos\\WMS-ARCOSA-NEW\\vendor\\laravel\\framework\\src\\Illuminate\\Foundation\\Http\\Middleware\\ConvertEmptyStringsToNull.php(31): Illuminate\\Foundation\\Http\\Middleware\\TransformsRequest->handle(Object(Illuminate\\Http\\Request), Object(Closure))
#31 C:\\Users\\luism\\OneDrive\\Documents\\Proyectos\\WMS-ARCOSA-NEW\\vendor\\laravel\\framework\\src\\Illuminate\\Pipeline\\Pipeline.php(183): Illuminate\\Foundation\\Http\\Middleware\\ConvertEmptyStringsToNull->handle(Object(Illuminate\\Http\\Request), Object(Closure))
#32 C:\\Users\\luism\\OneDrive\\Documents\\Proyectos\\WMS-ARCOSA-NEW\\vendor\\laravel\\framework\\src\\Illuminate\\Foundation\\Http\\Middleware\\TransformsRequest.php(21): Illuminate\\Pipeline\\Pipeline->Illuminate\\Pipeline\\{closure}(Object(Illuminate\\Http\\Request))
#33 C:\\Users\\luism\\OneDrive\\Documents\\Proyectos\\WMS-ARCOSA-NEW\\vendor\\laravel\\framework\\src\\Illuminate\\Foundation\\Http\\Middleware\\TrimStrings.php(51): Illuminate\\Foundation\\Http\\Middleware\\TransformsRequest->handle(Object(Illuminate\\Http\\Request), Object(Closure))
#34 C:\\Users\\luism\\OneDrive\\Documents\\Proyectos\\WMS-ARCOSA-NEW\\vendor\\laravel\\framework\\src\\Illuminate\\Pipeline\\Pipeline.php(183): Illuminate\\Foundation\\Http\\Middleware\\TrimStrings->handle(Object(Illuminate\\Http\\Request), Object(Closure))
#35 C:\\Users\\luism\\OneDrive\\Documents\\Proyectos\\WMS-ARCOSA-NEW\\vendor\\laravel\\framework\\src\\Illuminate\\Http\\Middleware\\ValidatePostSize.php(27): Illuminate\\Pipeline\\Pipeline->Illuminate\\Pipeline\\{closure}(Object(Illuminate\\Http\\Request))
#36 C:\\Users\\luism\\OneDrive\\Documents\\Proyectos\\WMS-ARCOSA-NEW\\vendor\\laravel\\framework\\src\\Illuminate\\Pipeline\\Pipeline.php(183): Illuminate\\Http\\Middleware\\ValidatePostSize->handle(Object(Illuminate\\Http\\Request), Object(Closure))
#37 C:\\Users\\luism\\OneDrive\\Documents\\Proyectos\\WMS-ARCOSA-NEW\\vendor\\laravel\\framework\\src\\Illuminate\\Foundation\\Http\\Middleware\\PreventRequestsDuringMaintenance.php(110): Illuminate\\Pipeline\\Pipeline->Illuminate\\Pipeline\\{closure}(Object(Illuminate\\Http\\Request))
#38 C:\\Users\\luism\\OneDrive\\Documents\\Proyectos\\WMS-ARCOSA-NEW\\vendor\\laravel\\framework\\src\\Illuminate\\Pipeline\\Pipeline.php(183): Illuminate\\Foundation\\Http\\Middleware\\PreventRequestsDuringMaintenance->handle(Object(Illuminate\\Http\\Request), Object(Closure))
#39 C:\\Users\\luism\\OneDrive\\Documents\\Proyectos\\WMS-ARCOSA-NEW\\vendor\\laravel\\framework\\src\\Illuminate\\Http\\Middleware\\HandleCors.php(49): Illuminate\\Pipeline\\Pipeline->Illuminate\\Pipeline\\{closure}(Object(Illuminate\\Http\\Request))
#40 C:\\Users\\luism\\OneDrive\\Documents\\Proyectos\\WMS-ARCOSA-NEW\\vendor\\laravel\\framework\\src\\Illuminate\\Pipeline\\Pipeline.php(183): Illuminate\\Http\\Middleware\\HandleCors->handle(Object(Illuminate\\Http\\Request), Object(Closure))
#41 C:\\Users\\luism\\OneDrive\\Documents\\Proyectos\\WMS-ARCOSA-NEW\\vendor\\laravel\\framework\\src\\Illuminate\\Http\\Middleware\\TrustProxies.php(57): Illuminate\\Pipeline\\Pipeline->Illuminate\\Pipeline\\{closure}(Object(Illuminate\\Http\\Request))
#42 C:\\Users\\luism\\OneDrive\\Documents\\Proyectos\\WMS-ARCOSA-NEW\\vendor\\laravel\\framework\\src\\Illuminate\\Pipeline\\Pipeline.php(183): Illuminate\\Http\\Middleware\\TrustProxies->handle(Object(Illuminate\\Http\\Request), Object(Closure))
#43 C:\\Users\\luism\\OneDrive\\Documents\\Proyectos\\WMS-ARCOSA-NEW\\vendor\\laravel\\framework\\src\\Illuminate\\Pipeline\\Pipeline.php(119): Illuminate\\Pipeline\\Pipeline->Illuminate\\Pipeline\\{closure}(Object(Illuminate\\Http\\Request))
#44 C:\\Users\\luism\\OneDrive\\Documents\\Proyectos\\WMS-ARCOSA-NEW\\vendor\\laravel\\framework\\src\\Illuminate\\Foundation\\Http\\Kernel.php(175): Illuminate\\Pipeline\\Pipeline->then(Object(Closure))
#45 C:\\Users\\luism\\OneDrive\\Documents\\Proyectos\\WMS-ARCOSA-NEW\\vendor\\laravel\\framework\\src\\Illuminate\\Foundation\\Http\\Kernel.php(144): Illuminate\\Foundation\\Http\\Kernel->sendRequestThroughRouter(Object(Illuminate\\Http\\Request))
#46 C:\\Users\\luism\\OneDrive\\Documents\\Proyectos\\WMS-ARCOSA-NEW\\vendor\\laravel\\framework\\src\\Illuminate\\Foundation\\Application.php(1183): Illuminate\\Foundation\\Http\\Kernel->handle(Object(Illuminate\\Http\\Request))
#47 C:\\Users\\luism\\OneDrive\\Documents\\Proyectos\\WMS-ARCOSA-NEW\\public\\index.php(17): Illuminate\\Foundation\\Application->handleRequest(Object(Illuminate\\Http\\Request))
#48 C:\\Users\\luism\\OneDrive\\Documents\\Proyectos\\WMS-ARCOSA-NEW\\vendor\\laravel\\framework\\src\\Illuminate\\Foundation\\resources\\server.php(16): require_once('C:\\\\Users\\\\luism\\\\...')
#49 {main}

[previous exception] [object] (PDOException(code: 42S02): SQLSTATE[42S02]: Base table or view not found: 1146 Table 'wms.sessions' doesn't exist at C:\\Users\\luism\\OneDrive\\Documents\\Proyectos\\WMS-ARCOSA-NEW\\vendor\\laravel\\framework\\src\\Illuminate\\Database\\Connection.php:407)
[stacktrace]
#0 C:\\Users\\luism\\OneDrive\\Documents\\Proyectos\\WMS-ARCOSA-NEW\\vendor\\laravel\\framework\\src\\Illuminate\\Database\\Connection.php(407): PDO->prepare('select * from `...')
#1 C:\\Users\\luism\\OneDrive\\Documents\\Proyectos\\WMS-ARCOSA-NEW\\vendor\\laravel\\framework\\src\\Illuminate\\Database\\Connection.php(800): Illuminate\\Database\\Connection->Illuminate\\Database\\{closure}('select * from `...', Array)
#2 C:\\Users\\luism\\OneDrive\\Documents\\Proyectos\\WMS-ARCOSA-NEW\\vendor\\laravel\\framework\\src\\Illuminate\\Database\\Connection.php(767): Illuminate\\Database\\Connection->runQueryCallback('select * from `...', Array, Object(Closure))
#3 C:\\Users\\luism\\OneDrive\\Documents\\Proyectos\\WMS-ARCOSA-NEW\\vendor\\laravel\\framework\\src\\Illuminate\\Database\\Connection.php(398): Illuminate\\Database\\Connection->run('select * from `...', Array, Object(Closure))
#4 C:\\Users\\luism\\OneDrive\\Documents\\Proyectos\\WMS-ARCOSA-NEW\\vendor\\laravel\\framework\\src\\Illuminate\\Database\\Query\\Builder.php(2993): Illuminate\\Database\\Connection->select('select * from `...', Array, true)
#5 C:\\Users\\luism\\OneDrive\\Documents\\Proyectos\\WMS-ARCOSA-NEW\\vendor\\laravel\\framework\\src\\Illuminate\\Database\\Query\\Builder.php(2978): Illuminate\\Database\\Query\\Builder->runSelect()
#6 C:\\Users\\luism\\OneDrive\\Documents\\Proyectos\\WMS-ARCOSA-NEW\\vendor\\laravel\\framework\\src\\Illuminate\\Database\\Query\\Builder.php(3566): Illuminate\\Database\\Query\\Builder->Illuminate\\Database\\Query\\{closure}()
#7 C:\\Users\\luism\\OneDrive\\Documents\\Proyectos\\WMS-ARCOSA-NEW\\vendor\\laravel\\framework\\src\\Illuminate\\Database\\Query\\Builder.php(2977): Illuminate\\Database\\Query\\Builder->onceWithColumns(Array, Object(Closure))
#8 C:\\Users\\luism\\OneDrive\\Documents\\Proyectos\\WMS-ARCOSA-NEW\\vendor\\laravel\\framework\\src\\Illuminate\\Database\\Concerns\\BuildsQueries.php(335): Illuminate\\Database\\Query\\Builder->get(Array)
#9 C:\\Users\\luism\\OneDrive\\Documents\\Proyectos\\WMS-ARCOSA-NEW\\vendor\\laravel\\framework\\src\\Illuminate\\Database\\Query\\Builder.php(2900): Illuminate\\Database\\Query\\Builder->first(Array)
#10 C:\\Users\\luism\\OneDrive\\Documents\\Proyectos\\WMS-ARCOSA-NEW\\vendor\\laravel\\framework\\src\\Illuminate\\Session\\DatabaseSessionHandler.php(97): Illuminate\\Database\\Query\\Builder->find('WQzILEJNAZRqFqS...')
#11 C:\\Users\\luism\\OneDrive\\Documents\\Proyectos\\WMS-ARCOSA-NEW\\vendor\\laravel\\framework\\src\\Illuminate\\Session\\Store.php(113): Illuminate\\Session\\DatabaseSessionHandler->read('WQzILEJNAZRqFqS...')
#12 C:\\Users\\luism\\OneDrive\\Documents\\Proyectos\\WMS-ARCOSA-NEW\\vendor\\laravel\\framework\\src\\Illuminate\\Session\\Store.php(101): Illuminate\\Session\\Store->readFromHandler()
#13 C:\\Users\\luism\\OneDrive\\Documents\\Proyectos\\WMS-ARCOSA-NEW\\vendor\\laravel\\framework\\src\\Illuminate\\Session\\Store.php(85): Illuminate\\Session\\Store->loadSession()
#14 C:\\Users\\luism\\OneDrive\\Documents\\Proyectos\\WMS-ARCOSA-NEW\\vendor\\laravel\\framework\\src\\Illuminate\\Session\\Middleware\\StartSession.php(147): Illuminate\\Session\\Store->start()
#15 C:\\Users\\luism\\OneDrive\\Documents\\Proyectos\\WMS-ARCOSA-NEW\\vendor\\laravel\\framework\\src\\Illuminate\\Support\\helpers.php(363): Illuminate\\Session\\Middleware\\StartSession->Illuminate\\Session\\Middleware\\{closure}(Object(Illuminate\\Session\\Store))
#16 C:\\Users\\luism\\OneDrive\\Documents\\Proyectos\\WMS-ARCOSA-NEW\\vendor\\laravel\\framework\\src\\Illuminate\\Session\\Middleware\\StartSession.php(144): tap(Object(Illuminate\\Session\\Store), Object(Closure))
#17 C:\\Users\\luism\\OneDrive\\Documents\\Proyectos\\WMS-ARCOSA-NEW\\vendor\\laravel\\framework\\src\\Illuminate\\Session\\Middleware\\StartSession.php(116): Illuminate\\Session\\Middleware\\StartSession->startSession(Object(Illuminate\\Http\\Request), Object(Illuminate\\Session\\Store))
#18 C:\\Users\\luism\\OneDrive\\Documents\\Proyectos\\WMS-ARCOSA-NEW\\vendor\\laravel\\framework\\src\\Illuminate\\Session\\Middleware\\StartSession.php(64): Illuminate\\Session\\Middleware\\StartSession->handleStatefulRequest(Object(Illuminate\\Http\\Request), Object(Illuminate\\Session\\Store), Object(Closure))
#19 C:\\Users\\luism\\OneDrive\\Documents\\Proyectos\\WMS-ARCOSA-NEW\\vendor\\laravel\\framework\\src\\Illuminate\\Pipeline\\Pipeline.php(183): Illuminate\\Session\\Middleware\\StartSession->handle(Object(Illuminate\\Http\\Request), Object(Closure))
#20 C:\\Users\\luism\\OneDrive\\Documents\\Proyectos\\WMS-ARCOSA-NEW\\vendor\\laravel\\framework\\src\\Illuminate\\Cookie\\Middleware\\AddQueuedCookiesToResponse.php(37): Illuminate\\Pipeline\\Pipeline->Illuminate\\Pipeline\\{closure}(Object(Illuminate\\Http\\Request))
#21 C:\\Users\\luism\\OneDrive\\Documents\\Proyectos\\WMS-ARCOSA-NEW\\vendor\\laravel\\framework\\src\\Illuminate\\Pipeline\\Pipeline.php(183): Illuminate\\Cookie\\Middleware\\AddQueuedCookiesToResponse->handle(Object(Illuminate\\Http\\Request), Object(Closure))
#22 C:\\Users\\luism\\OneDrive\\Documents\\Proyectos\\WMS-ARCOSA-NEW\\vendor\\laravel\\framework\\src\\Illuminate\\Cookie\\Middleware\\EncryptCookies.php(75): Illuminate\\Pipeline\\Pipeline->Illuminate\\Pipeline\\{closure}(Object(Illuminate\\Http\\Request))
#23 C:\\Users\\luism\\OneDrive\\Documents\\Proyectos\\WMS-ARCOSA-NEW\\vendor\\laravel\\framework\\src\\Illuminate\\Pipeline\\Pipeline.php(183): Illuminate\\Cookie\\Middleware\\EncryptCookies->handle(Object(Illuminate\\Http\\Request), Object(Closure))
#24 C:\\Users\\luism\\OneDrive\\Documents\\Proyectos\\WMS-ARCOSA-NEW\\vendor\\laravel\\framework\\src\\Illuminate\\Pipeline\\Pipeline.php(119): Illuminate\\Pipeline\\Pipeline->Illuminate\\Pipeline\\{closure}(Object(Illuminate\\Http\\Request))
#25 C:\\Users\\luism\\OneDrive\\Documents\\Proyectos\\WMS-ARCOSA-NEW\\vendor\\laravel\\framework\\src\\Illuminate\\Routing\\Router.php(805): Illuminate\\Pipeline\\Pipeline->then(Object(Closure))
#26 C:\\Users\\luism\\OneDrive\\Documents\\Proyectos\\WMS-ARCOSA-NEW\\vendor\\laravel\\framework\\src\\Illuminate\\Routing\\Router.php(784): Illuminate\\Routing\\Router->runRouteWithinStack(Object(Illuminate\\Routing\\Route), Object(Illuminate\\Http\\Request))
#27 C:\\Users\\luism\\OneDrive\\Documents\\Proyectos\\WMS-ARCOSA-NEW\\vendor\\laravel\\framework\\src\\Illuminate\\Routing\\Router.php(748): Illuminate\\Routing\\Router->runRoute(Object(Illuminate\\Http\\Request), Object(Illuminate\\Routing\\Route))
#28 C:\\Users\\luism\\OneDrive\\Documents\\Proyectos\\WMS-ARCOSA-NEW\\vendor\\laravel\\framework\\src\\Illuminate\\Routing\\Router.php(737): Illuminate\\Routing\\Router->dispatchToRoute(Object(Illuminate\\Http\\Request))
#29 C:\\Users\\luism\\OneDrive\\Documents\\Proyectos\\WMS-ARCOSA-NEW\\vendor\\laravel\\framework\\src\\Illuminate\\Foundation\\Http\\Kernel.php(200): Illuminate\\Routing\\Router->dispatch(Object(Illuminate\\Http\\Request))
#30 C:\\Users\\luism\\OneDrive\\Documents\\Proyectos\\WMS-ARCOSA-NEW\\vendor\\laravel\\framework\\src\\Illuminate\\Pipeline\\Pipeline.php(144): Illuminate\\Foundation\\Http\\Kernel->Illuminate\\Foundation\\Http\\{closure}(Object(Illuminate\\Http\\Request))
#31 C:\\Users\\luism\\OneDrive\\Documents\\Proyectos\\WMS-ARCOSA-NEW\\vendor\\laravel\\framework\\src\\Illuminate\\Foundation\\Http\\Middleware\\TransformsRequest.php(21): Illuminate\\Pipeline\\Pipeline->Illuminate\\Pipeline\\{closure}(Object(Illuminate\\Http\\Request))
#32 C:\\Users\\luism\\OneDrive\\Documents\\Proyectos\\WMS-ARCOSA-NEW\\vendor\\laravel\\framework\\src\\Illuminate\\Foundation\\Http\\Middleware\\ConvertEmptyStringsToNull.php(31): Illuminate\\Foundation\\Http\\Middleware\\TransformsRequest->handle(Object(Illuminate\\Http\\Request), Object(Closure))
#33 C:\\Users\\luism\\OneDrive\\Documents\\Proyectos\\WMS-ARCOSA-NEW\\vendor\\laravel\\framework\\src\\Illuminate\\Pipeline\\Pipeline.php(183): Illuminate\\Foundation\\Http\\Middleware\\ConvertEmptyStringsToNull->handle(Object(Illuminate\\Http\\Request), Object(Closure))
#34 C:\\Users\\luism\\OneDrive\\Documents\\Proyectos\\WMS-ARCOSA-NEW\\vendor\\laravel\\framework\\src\\Illuminate\\Foundation\\Http\\Middleware\\TransformsRequest.php(21): Illuminate\\Pipeline\\Pipeline->Illuminate\\Pipeline\\{closure}(Object(Illuminate\\Http\\Request))
#35 C:\\Users\\luism\\OneDrive\\Documents\\Proyectos\\WMS-ARCOSA-NEW\\vendor\\laravel\\framework\\src\\Illuminate\\Foundation\\Http\\Middleware\\TrimStrings.php(51): Illuminate\\Foundation\\Http\\Middleware\\TransformsRequest->handle(Object(Illuminate\\Http\\Request), Object(Closure))
#36 C:\\Users\\luism\\OneDrive\\Documents\\Proyectos\\WMS-ARCOSA-NEW\\vendor\\laravel\\framework\\src\\Illuminate\\Pipeline\\Pipeline.php(183): Illuminate\\Foundation\\Http\\Middleware\\TrimStrings->handle(Object(Illuminate\\Http\\Request), Object(Closure))
#37 C:\\Users\\luism\\OneDrive\\Documents\\Proyectos\\WMS-ARCOSA-NEW\\vendor\\laravel\\framework\\src\\Illuminate\\Http\\Middleware\\ValidatePostSize.php(27): Illuminate\\Pipeline\\Pipeline->Illuminate\\Pipeline\\{closure}(Object(Illuminate\\Http\\Request))
#38 C:\\Users\\luism\\OneDrive\\Documents\\Proyectos\\WMS-ARCOSA-NEW\\vendor\\laravel\\framework\\src\\Illuminate\\Pipeline\\Pipeline.php(183): Illuminate\\Http\\Middleware\\ValidatePostSize->handle(Object(Illuminate\\Http\\Request), Object(Closure))
#39 C:\\Users\\luism\\OneDrive\\Documents\\Proyectos\\WMS-ARCOSA-NEW\\vendor\\laravel\\framework\\src\\Illuminate\\Foundation\\Http\\Middleware\\PreventRequestsDuringMaintenance.php(110): Illuminate\\Pipeline\\Pipeline->Illuminate\\Pipeline\\{closure}(Object(Illuminate\\Http\\Request))
#40 C:\\Users\\luism\\OneDrive\\Documents\\Proyectos\\WMS-ARCOSA-NEW\\vendor\\laravel\\framework\\src\\Illuminate\\Pipeline\\Pipeline.php(183): Illuminate\\Foundation\\Http\\Middleware\\PreventRequestsDuringMaintenance->handle(Object(Illuminate\\Http\\Request), Object(Closure))
#41 C:\\Users\\luism\\OneDrive\\Documents\\Proyectos\\WMS-ARCOSA-NEW\\vendor\\laravel\\framework\\src\\Illuminate\\Http\\Middleware\\HandleCors.php(49): Illuminate\\Pipeline\\Pipeline->Illuminate\\Pipeline\\{closure}(Object(Illuminate\\Http\\Request))
#42 C:\\Users\\luism\\OneDrive\\Documents\\Proyectos\\WMS-ARCOSA-NEW\\vendor\\laravel\\framework\\src\\Illuminate\\Pipeline\\Pipeline.php(183): Illuminate\\Http\\Middleware\\HandleCors->handle(Object(Illuminate\\Http\\Request), Object(Closure))
#43 C:\\Users\\luism\\OneDrive\\Documents\\Proyectos\\WMS-ARCOSA-NEW\\vendor\\laravel\\framework\\src\\Illuminate\\Http\\Middleware\\TrustProxies.php(57): Illuminate\\Pipeline\\Pipeline->Illuminate\\Pipeline\\{closure}(Object(Illuminate\\Http\\Request))
#44 C:\\Users\\luism\\OneDrive\\Documents\\Proyectos\\WMS-ARCOSA-NEW\\vendor\\laravel\\framework\\src\\Illuminate\\Pipeline\\Pipeline.php(183): Illuminate\\Http\\Middleware\\TrustProxies->handle(Object(Illuminate\\Http\\Request), Object(Closure))
#45 C:\\Users\\luism\\OneDrive\\Documents\\Proyectos\\WMS-ARCOSA-NEW\\vendor\\laravel\\framework\\src\\Illuminate\\Pipeline\\Pipeline.php(119): Illuminate\\Pipeline\\Pipeline->Illuminate\\Pipeline\\{closure}(Object(Illuminate\\Http\\Request))
#46 C:\\Users\\luism\\OneDrive\\Documents\\Proyectos\\WMS-ARCOSA-NEW\\vendor\\laravel\\framework\\src\\Illuminate\\Foundation\\Http\\Kernel.php(175): Illuminate\\Pipeline\\Pipeline->then(Object(Closure))
#47 C:\\Users\\luism\\OneDrive\\Documents\\Proyectos\\WMS-ARCOSA-NEW\\vendor\\laravel\\framework\\src\\Illuminate\\Foundation\\Http\\Kernel.php(144): Illuminate\\Foundation\\Http\\Kernel->sendRequestThroughRouter(Object(Illuminate\\Http\\Request))
#48 C:\\Users\\luism\\OneDrive\\Documents\\Proyectos\\WMS-ARCOSA-NEW\\vendor\\laravel\\framework\\src\\Illuminate\\Foundation\\Application.php(1183): Illuminate\\Foundation\\Http\\Kernel->handle(Object(Illuminate\\Http\\Request))
#49 C:\\Users\\luism\\OneDrive\\Documents\\Proyectos\\WMS-ARCOSA-NEW\\public\\index.php(17): Illuminate\\Foundation\\Application->handleRequest(Object(Illuminate\\Http\\Request))
#50 C:\\Users\\luism\\OneDrive\\Documents\\Proyectos\\WMS-ARCOSA-NEW\\vendor\\laravel\\framework\\src\\Illuminate\\Foundation\\resources\\server.php(16): require_once('C:\\\\Users\\\\luism\\\\...')
#51 {main}
"} 
[2024-07-20 17:13:15] local.ERROR: Call to undefined method App\Http\Controllers\Administracion\CatalogoTipoCamaraController::editrarTipoCamara() {"userId":1,"exception":"[object] (Error(code: 0): Call to undefined method App\\Http\\Controllers\\Administracion\\CatalogoTipoCamaraController::editrarTipoCamara() at C:\\Users\\luism\\OneDrive\\Documents\\Proyectos\\WMS-ARCOSA-NEW\\vendor\\laravel\\framework\\src\\Illuminate\\Routing\\ControllerDispatcher.php:46)
[stacktrace]
#0 C:\\Users\\luism\\OneDrive\\Documents\\Proyectos\\WMS-ARCOSA-NEW\\vendor\\laravel\\framework\\src\\Illuminate\\Routing\\Route.php(260): Illuminate\\Routing\\ControllerDispatcher->dispatch(Object(Illuminate\\Routing\\Route), Object(App\\Http\\Controllers\\Administracion\\CatalogoTipoCamaraController), 'editrarTipoCama...')
#1 C:\\Users\\luism\\OneDrive\\Documents\\Proyectos\\WMS-ARCOSA-NEW\\vendor\\laravel\\framework\\src\\Illuminate\\Routing\\Route.php(206): Illuminate\\Routing\\Route->runController()
#2 C:\\Users\\luism\\OneDrive\\Documents\\Proyectos\\WMS-ARCOSA-NEW\\vendor\\laravel\\framework\\src\\Illuminate\\Routing\\Router.php(806): Illuminate\\Routing\\Route->run()
#3 C:\\Users\\luism\\OneDrive\\Documents\\Proyectos\\WMS-ARCOSA-NEW\\vendor\\laravel\\framework\\src\\Illuminate\\Pipeline\\Pipeline.php(144): Illuminate\\Routing\\Router->Illuminate\\Routing\\{closure}(Object(Illuminate\\Http\\Request))
#4 C:\\Users\\luism\\OneDrive\\Documents\\Proyectos\\WMS-ARCOSA-NEW\\vendor\\laravel\\framework\\src\\Illuminate\\Routing\\Middleware\\SubstituteBindings.php(50): Illuminate\\Pipeline\\Pipeline->Illuminate\\Pipeline\\{closure}(Object(Illuminate\\Http\\Request))
#5 C:\\Users\\luism\\OneDrive\\Documents\\Proyectos\\WMS-ARCOSA-NEW\\vendor\\laravel\\framework\\src\\Illuminate\\Pipeline\\Pipeline.php(183): Illuminate\\Routing\\Middleware\\SubstituteBindings->handle(Object(Illuminate\\Http\\Request), Object(Closure))
#6 C:\\Users\\luism\\OneDrive\\Documents\\Proyectos\\WMS-ARCOSA-NEW\\vendor\\laravel\\framework\\src\\Illuminate\\Auth\\Middleware\\Authenticate.php(64): Illuminate\\Pipeline\\Pipeline->Illuminate\\Pipeline\\{closure}(Object(Illuminate\\Http\\Request))
#7 C:\\Users\\luism\\OneDrive\\Documents\\Proyectos\\WMS-ARCOSA-NEW\\vendor\\laravel\\framework\\src\\Illuminate\\Pipeline\\Pipeline.php(183): Illuminate\\Auth\\Middleware\\Authenticate->handle(Object(Illuminate\\Http\\Request), Object(Closure), 'sanctum')
#8 C:\\Users\\luism\\OneDrive\\Documents\\Proyectos\\WMS-ARCOSA-NEW\\vendor\\laravel\\framework\\src\\Illuminate\\Pipeline\\Pipeline.php(119): Illuminate\\Pipeline\\Pipeline->Illuminate\\Pipeline\\{closure}(Object(Illuminate\\Http\\Request))
#9 C:\\Users\\luism\\OneDrive\\Documents\\Proyectos\\WMS-ARCOSA-NEW\\vendor\\laravel\\framework\\src\\Illuminate\\Routing\\Router.php(805): Illuminate\\Pipeline\\Pipeline->then(Object(Closure))
#10 C:\\Users\\luism\\OneDrive\\Documents\\Proyectos\\WMS-ARCOSA-NEW\\vendor\\laravel\\framework\\src\\Illuminate\\Routing\\Router.php(784): Illuminate\\Routing\\Router->runRouteWithinStack(Object(Illuminate\\Routing\\Route), Object(Illuminate\\Http\\Request))
#11 C:\\Users\\luism\\OneDrive\\Documents\\Proyectos\\WMS-ARCOSA-NEW\\vendor\\laravel\\framework\\src\\Illuminate\\Routing\\Router.php(748): Illuminate\\Routing\\Router->runRoute(Object(Illuminate\\Http\\Request), Object(Illuminate\\Routing\\Route))
#12 C:\\Users\\luism\\OneDrive\\Documents\\Proyectos\\WMS-ARCOSA-NEW\\vendor\\laravel\\framework\\src\\Illuminate\\Routing\\Router.php(737): Illuminate\\Routing\\Router->dispatchToRoute(Object(Illuminate\\Http\\Request))
#13 C:\\Users\\luism\\OneDrive\\Documents\\Proyectos\\WMS-ARCOSA-NEW\\vendor\\laravel\\framework\\src\\Illuminate\\Foundation\\Http\\Kernel.php(200): Illuminate\\Routing\\Router->dispatch(Object(Illuminate\\Http\\Request))
#14 C:\\Users\\luism\\OneDrive\\Documents\\Proyectos\\WMS-ARCOSA-NEW\\vendor\\laravel\\framework\\src\\Illuminate\\Pipeline\\Pipeline.php(144): Illuminate\\Foundation\\Http\\Kernel->Illuminate\\Foundation\\Http\\{closure}(Object(Illuminate\\Http\\Request))
#15 C:\\Users\\luism\\OneDrive\\Documents\\Proyectos\\WMS-ARCOSA-NEW\\vendor\\laravel\\framework\\src\\Illuminate\\Foundation\\Http\\Middleware\\TransformsRequest.php(21): Illuminate\\Pipeline\\Pipeline->Illuminate\\Pipeline\\{closure}(Object(Illuminate\\Http\\Request))
#16 C:\\Users\\luism\\OneDrive\\Documents\\Proyectos\\WMS-ARCOSA-NEW\\vendor\\laravel\\framework\\src\\Illuminate\\Foundation\\Http\\Middleware\\ConvertEmptyStringsToNull.php(31): Illuminate\\Foundation\\Http\\Middleware\\TransformsRequest->handle(Object(Illuminate\\Http\\Request), Object(Closure))
#17 C:\\Users\\luism\\OneDrive\\Documents\\Proyectos\\WMS-ARCOSA-NEW\\vendor\\laravel\\framework\\src\\Illuminate\\Pipeline\\Pipeline.php(183): Illuminate\\Foundation\\Http\\Middleware\\ConvertEmptyStringsToNull->handle(Object(Illuminate\\Http\\Request), Object(Closure))
#18 C:\\Users\\luism\\OneDrive\\Documents\\Proyectos\\WMS-ARCOSA-NEW\\vendor\\laravel\\framework\\src\\Illuminate\\Foundation\\Http\\Middleware\\TransformsRequest.php(21): Illuminate\\Pipeline\\Pipeline->Illuminate\\Pipeline\\{closure}(Object(Illuminate\\Http\\Request))
#19 C:\\Users\\luism\\OneDrive\\Documents\\Proyectos\\WMS-ARCOSA-NEW\\vendor\\laravel\\framework\\src\\Illuminate\\Foundation\\Http\\Middleware\\TrimStrings.php(51): Illuminate\\Foundation\\Http\\Middleware\\TransformsRequest->handle(Object(Illuminate\\Http\\Request), Object(Closure))
#20 C:\\Users\\luism\\OneDrive\\Documents\\Proyectos\\WMS-ARCOSA-NEW\\vendor\\laravel\\framework\\src\\Illuminate\\Pipeline\\Pipeline.php(183): Illuminate\\Foundation\\Http\\Middleware\\TrimStrings->handle(Object(Illuminate\\Http\\Request), Object(Closure))
#21 C:\\Users\\luism\\OneDrive\\Documents\\Proyectos\\WMS-ARCOSA-NEW\\vendor\\laravel\\framework\\src\\Illuminate\\Http\\Middleware\\ValidatePostSize.php(27): Illuminate\\Pipeline\\Pipeline->Illuminate\\Pipeline\\{closure}(Object(Illuminate\\Http\\Request))
#22 C:\\Users\\luism\\OneDrive\\Documents\\Proyectos\\WMS-ARCOSA-NEW\\vendor\\laravel\\framework\\src\\Illuminate\\Pipeline\\Pipeline.php(183): Illuminate\\Http\\Middleware\\ValidatePostSize->handle(Object(Illuminate\\Http\\Request), Object(Closure))
#23 C:\\Users\\luism\\OneDrive\\Documents\\Proyectos\\WMS-ARCOSA-NEW\\vendor\\laravel\\framework\\src\\Illuminate\\Foundation\\Http\\Middleware\\PreventRequestsDuringMaintenance.php(110): Illuminate\\Pipeline\\Pipeline->Illuminate\\Pipeline\\{closure}(Object(Illuminate\\Http\\Request))
#24 C:\\Users\\luism\\OneDrive\\Documents\\Proyectos\\WMS-ARCOSA-NEW\\vendor\\laravel\\framework\\src\\Illuminate\\Pipeline\\Pipeline.php(183): Illuminate\\Foundation\\Http\\Middleware\\PreventRequestsDuringMaintenance->handle(Object(Illuminate\\Http\\Request), Object(Closure))
#25 C:\\Users\\luism\\OneDrive\\Documents\\Proyectos\\WMS-ARCOSA-NEW\\vendor\\laravel\\framework\\src\\Illuminate\\Http\\Middleware\\HandleCors.php(62): Illuminate\\Pipeline\\Pipeline->Illuminate\\Pipeline\\{closure}(Object(Illuminate\\Http\\Request))
#26 C:\\Users\\luism\\OneDrive\\Documents\\Proyectos\\WMS-ARCOSA-NEW\\vendor\\laravel\\framework\\src\\Illuminate\\Pipeline\\Pipeline.php(183): Illuminate\\Http\\Middleware\\HandleCors->handle(Object(Illuminate\\Http\\Request), Object(Closure))
#27 C:\\Users\\luism\\OneDrive\\Documents\\Proyectos\\WMS-ARCOSA-NEW\\vendor\\laravel\\framework\\src\\Illuminate\\Http\\Middleware\\TrustProxies.php(57): Illuminate\\Pipeline\\Pipeline->Illuminate\\Pipeline\\{closure}(Object(Illuminate\\Http\\Request))
#28 C:\\Users\\luism\\OneDrive\\Documents\\Proyectos\\WMS-ARCOSA-NEW\\vendor\\laravel\\framework\\src\\Illuminate\\Pipeline\\Pipeline.php(183): Illuminate\\Http\\Middleware\\TrustProxies->handle(Object(Illuminate\\Http\\Request), Object(Closure))
#29 C:\\Users\\luism\\OneDrive\\Documents\\Proyectos\\WMS-ARCOSA-NEW\\vendor\\laravel\\framework\\src\\Illuminate\\Pipeline\\Pipeline.php(119): Illuminate\\Pipeline\\Pipeline->Illuminate\\Pipeline\\{closure}(Object(Illuminate\\Http\\Request))
#30 C:\\Users\\luism\\OneDrive\\Documents\\Proyectos\\WMS-ARCOSA-NEW\\vendor\\laravel\\framework\\src\\Illuminate\\Foundation\\Http\\Kernel.php(175): Illuminate\\Pipeline\\Pipeline->then(Object(Closure))
#31 C:\\Users\\luism\\OneDrive\\Documents\\Proyectos\\WMS-ARCOSA-NEW\\vendor\\laravel\\framework\\src\\Illuminate\\Foundation\\Http\\Kernel.php(144): Illuminate\\Foundation\\Http\\Kernel->sendRequestThroughRouter(Object(Illuminate\\Http\\Request))
#32 C:\\Users\\luism\\OneDrive\\Documents\\Proyectos\\WMS-ARCOSA-NEW\\vendor\\laravel\\framework\\src\\Illuminate\\Foundation\\Application.php(1183): Illuminate\\Foundation\\Http\\Kernel->handle(Object(Illuminate\\Http\\Request))
#33 C:\\Users\\luism\\OneDrive\\Documents\\Proyectos\\WMS-ARCOSA-NEW\\public\\index.php(17): Illuminate\\Foundation\\Application->handleRequest(Object(Illuminate\\Http\\Request))
#34 C:\\Users\\luism\\OneDrive\\Documents\\Proyectos\\WMS-ARCOSA-NEW\\vendor\\laravel\\framework\\src\\Illuminate\\Foundation\\resources\\server.php(16): require_once('C:\\\\Users\\\\luism\\\\...')
#35 {main}
"} 
[2024-07-20 17:16:34] local.ERROR: Method Illuminate\Validation\Validator::validateBolean does not exist. {"userId":1,"exception":"[object] (BadMethodCallException(code: 0): Method Illuminate\\Validation\\Validator::validateBolean does not exist. at C:\\Users\\luism\\OneDrive\\Documents\\Proyectos\\WMS-ARCOSA-NEW\\vendor\\laravel\\framework\\src\\Illuminate\\Validation\\Validator.php:1638)
[stacktrace]
#0 C:\\Users\\luism\\OneDrive\\Documents\\Proyectos\\WMS-ARCOSA-NEW\\vendor\\laravel\\framework\\src\\Illuminate\\Validation\\Validator.php(664): Illuminate\\Validation\\Validator->__call('validateBolean', Array)
#1 C:\\Users\\luism\\OneDrive\\Documents\\Proyectos\\WMS-ARCOSA-NEW\\vendor\\laravel\\framework\\src\\Illuminate\\Validation\\Validator.php(459): Illuminate\\Validation\\Validator->validateAttribute('activo', 'Bolean')
#2 C:\\Users\\luism\\OneDrive\\Documents\\Proyectos\\WMS-ARCOSA-NEW\\vendor\\laravel\\framework\\src\\Illuminate\\Validation\\Validator.php(494): Illuminate\\Validation\\Validator->passes()
#3 C:\\Users\\luism\\OneDrive\\Documents\\Proyectos\\WMS-ARCOSA-NEW\\vendor\\laravel\\framework\\src\\Illuminate\\Validation\\Validator.php(536): Illuminate\\Validation\\Validator->fails()
#4 C:\\Users\\luism\\OneDrive\\Documents\\Proyectos\\WMS-ARCOSA-NEW\\vendor\\laravel\\framework\\src\\Illuminate\\Foundation\\Providers\\FoundationServiceProvider.php(151): Illuminate\\Validation\\Validator->validate()
#5 C:\\Users\\luism\\OneDrive\\Documents\\Proyectos\\WMS-ARCOSA-NEW\\vendor\\laravel\\framework\\src\\Illuminate\\Macroable\\Traits\\Macroable.php(126): Illuminate\\Http\\Request->Illuminate\\Foundation\\Providers\\{closure}(Array)
#6 C:\\Users\\luism\\OneDrive\\Documents\\Proyectos\\WMS-ARCOSA-NEW\\app\\Http\\Controllers\\Administracion\\CatalogoCamaraController.php(48): Illuminate\\Http\\Request->__call('validate', Array)
#7 C:\\Users\\luism\\OneDrive\\Documents\\Proyectos\\WMS-ARCOSA-NEW\\vendor\\laravel\\framework\\src\\Illuminate\\Routing\\ControllerDispatcher.php(46): App\\Http\\Controllers\\Administracion\\CatalogoCamaraController->editarCamara(Object(Illuminate\\Http\\Request))
#8 C:\\Users\\luism\\OneDrive\\Documents\\Proyectos\\WMS-ARCOSA-NEW\\vendor\\laravel\\framework\\src\\Illuminate\\Routing\\Route.php(260): Illuminate\\Routing\\ControllerDispatcher->dispatch(Object(Illuminate\\Routing\\Route), Object(App\\Http\\Controllers\\Administracion\\CatalogoCamaraController), 'editarCamara')
#9 C:\\Users\\luism\\OneDrive\\Documents\\Proyectos\\WMS-ARCOSA-NEW\\vendor\\laravel\\framework\\src\\Illuminate\\Routing\\Route.php(206): Illuminate\\Routing\\Route->runController()
#10 C:\\Users\\luism\\OneDrive\\Documents\\Proyectos\\WMS-ARCOSA-NEW\\vendor\\laravel\\framework\\src\\Illuminate\\Routing\\Router.php(806): Illuminate\\Routing\\Route->run()
#11 C:\\Users\\luism\\OneDrive\\Documents\\Proyectos\\WMS-ARCOSA-NEW\\vendor\\laravel\\framework\\src\\Illuminate\\Pipeline\\Pipeline.php(144): Illuminate\\Routing\\Router->Illuminate\\Routing\\{closure}(Object(Illuminate\\Http\\Request))
#12 C:\\Users\\luism\\OneDrive\\Documents\\Proyectos\\WMS-ARCOSA-NEW\\vendor\\laravel\\framework\\src\\Illuminate\\Routing\\Middleware\\SubstituteBindings.php(50): Illuminate\\Pipeline\\Pipeline->Illuminate\\Pipeline\\{closure}(Object(Illuminate\\Http\\Request))
#13 C:\\Users\\luism\\OneDrive\\Documents\\Proyectos\\WMS-ARCOSA-NEW\\vendor\\laravel\\framework\\src\\Illuminate\\Pipeline\\Pipeline.php(183): Illuminate\\Routing\\Middleware\\SubstituteBindings->handle(Object(Illuminate\\Http\\Request), Object(Closure))
#14 C:\\Users\\luism\\OneDrive\\Documents\\Proyectos\\WMS-ARCOSA-NEW\\vendor\\laravel\\framework\\src\\Illuminate\\Auth\\Middleware\\Authenticate.php(64): Illuminate\\Pipeline\\Pipeline->Illuminate\\Pipeline\\{closure}(Object(Illuminate\\Http\\Request))
#15 C:\\Users\\luism\\OneDrive\\Documents\\Proyectos\\WMS-ARCOSA-NEW\\vendor\\laravel\\framework\\src\\Illuminate\\Pipeline\\Pipeline.php(183): Illuminate\\Auth\\Middleware\\Authenticate->handle(Object(Illuminate\\Http\\Request), Object(Closure), 'sanctum')
#16 C:\\Users\\luism\\OneDrive\\Documents\\Proyectos\\WMS-ARCOSA-NEW\\vendor\\laravel\\framework\\src\\Illuminate\\Pipeline\\Pipeline.php(119): Illuminate\\Pipeline\\Pipeline->Illuminate\\Pipeline\\{closure}(Object(Illuminate\\Http\\Request))
#17 C:\\Users\\luism\\OneDrive\\Documents\\Proyectos\\WMS-ARCOSA-NEW\\vendor\\laravel\\framework\\src\\Illuminate\\Routing\\Router.php(805): Illuminate\\Pipeline\\Pipeline->then(Object(Closure))
#18 C:\\Users\\luism\\OneDrive\\Documents\\Proyectos\\WMS-ARCOSA-NEW\\vendor\\laravel\\framework\\src\\Illuminate\\Routing\\Router.php(784): Illuminate\\Routing\\Router->runRouteWithinStack(Object(Illuminate\\Routing\\Route), Object(Illuminate\\Http\\Request))
#19 C:\\Users\\luism\\OneDrive\\Documents\\Proyectos\\WMS-ARCOSA-NEW\\vendor\\laravel\\framework\\src\\Illuminate\\Routing\\Router.php(748): Illuminate\\Routing\\Router->runRoute(Object(Illuminate\\Http\\Request), Object(Illuminate\\Routing\\Route))
#20 C:\\Users\\luism\\OneDrive\\Documents\\Proyectos\\WMS-ARCOSA-NEW\\vendor\\laravel\\framework\\src\\Illuminate\\Routing\\Router.php(737): Illuminate\\Routing\\Router->dispatchToRoute(Object(Illuminate\\Http\\Request))
#21 C:\\Users\\luism\\OneDrive\\Documents\\Proyectos\\WMS-ARCOSA-NEW\\vendor\\laravel\\framework\\src\\Illuminate\\Foundation\\Http\\Kernel.php(200): Illuminate\\Routing\\Router->dispatch(Object(Illuminate\\Http\\Request))
#22 C:\\Users\\luism\\OneDrive\\Documents\\Proyectos\\WMS-ARCOSA-NEW\\vendor\\laravel\\framework\\src\\Illuminate\\Pipeline\\Pipeline.php(144): Illuminate\\Foundation\\Http\\Kernel->Illuminate\\Foundation\\Http\\{closure}(Object(Illuminate\\Http\\Request))
#23 C:\\Users\\luism\\OneDrive\\Documents\\Proyectos\\WMS-ARCOSA-NEW\\vendor\\laravel\\framework\\src\\Illuminate\\Foundation\\Http\\Middleware\\TransformsRequest.php(21): Illuminate\\Pipeline\\Pipeline->Illuminate\\Pipeline\\{closure}(Object(Illuminate\\Http\\Request))
#24 C:\\Users\\luism\\OneDrive\\Documents\\Proyectos\\WMS-ARCOSA-NEW\\vendor\\laravel\\framework\\src\\Illuminate\\Foundation\\Http\\Middleware\\ConvertEmptyStringsToNull.php(31): Illuminate\\Foundation\\Http\\Middleware\\TransformsRequest->handle(Object(Illuminate\\Http\\Request), Object(Closure))
#25 C:\\Users\\luism\\OneDrive\\Documents\\Proyectos\\WMS-ARCOSA-NEW\\vendor\\laravel\\framework\\src\\Illuminate\\Pipeline\\Pipeline.php(183): Illuminate\\Foundation\\Http\\Middleware\\ConvertEmptyStringsToNull->handle(Object(Illuminate\\Http\\Request), Object(Closure))
#26 C:\\Users\\luism\\OneDrive\\Documents\\Proyectos\\WMS-ARCOSA-NEW\\vendor\\laravel\\framework\\src\\Illuminate\\Foundation\\Http\\Middleware\\TransformsRequest.php(21): Illuminate\\Pipeline\\Pipeline->Illuminate\\Pipeline\\{closure}(Object(Illuminate\\Http\\Request))
#27 C:\\Users\\luism\\OneDrive\\Documents\\Proyectos\\WMS-ARCOSA-NEW\\vendor\\laravel\\framework\\src\\Illuminate\\Foundation\\Http\\Middleware\\TrimStrings.php(51): Illuminate\\Foundation\\Http\\Middleware\\TransformsRequest->handle(Object(Illuminate\\Http\\Request), Object(Closure))
#28 C:\\Users\\luism\\OneDrive\\Documents\\Proyectos\\WMS-ARCOSA-NEW\\vendor\\laravel\\framework\\src\\Illuminate\\Pipeline\\Pipeline.php(183): Illuminate\\Foundation\\Http\\Middleware\\TrimStrings->handle(Object(Illuminate\\Http\\Request), Object(Closure))
#29 C:\\Users\\luism\\OneDrive\\Documents\\Proyectos\\WMS-ARCOSA-NEW\\vendor\\laravel\\framework\\src\\Illuminate\\Http\\Middleware\\ValidatePostSize.php(27): Illuminate\\Pipeline\\Pipeline->Illuminate\\Pipeline\\{closure}(Object(Illuminate\\Http\\Request))
#30 C:\\Users\\luism\\OneDrive\\Documents\\Proyectos\\WMS-ARCOSA-NEW\\vendor\\laravel\\framework\\src\\Illuminate\\Pipeline\\Pipeline.php(183): Illuminate\\Http\\Middleware\\ValidatePostSize->handle(Object(Illuminate\\Http\\Request), Object(Closure))
#31 C:\\Users\\luism\\OneDrive\\Documents\\Proyectos\\WMS-ARCOSA-NEW\\vendor\\laravel\\framework\\src\\Illuminate\\Foundation\\Http\\Middleware\\PreventRequestsDuringMaintenance.php(110): Illuminate\\Pipeline\\Pipeline->Illuminate\\Pipeline\\{closure}(Object(Illuminate\\Http\\Request))
#32 C:\\Users\\luism\\OneDrive\\Documents\\Proyectos\\WMS-ARCOSA-NEW\\vendor\\laravel\\framework\\src\\Illuminate\\Pipeline\\Pipeline.php(183): Illuminate\\Foundation\\Http\\Middleware\\PreventRequestsDuringMaintenance->handle(Object(Illuminate\\Http\\Request), Object(Closure))
#33 C:\\Users\\luism\\OneDrive\\Documents\\Proyectos\\WMS-ARCOSA-NEW\\vendor\\laravel\\framework\\src\\Illuminate\\Http\\Middleware\\HandleCors.php(62): Illuminate\\Pipeline\\Pipeline->Illuminate\\Pipeline\\{closure}(Object(Illuminate\\Http\\Request))
#34 C:\\Users\\luism\\OneDrive\\Documents\\Proyectos\\WMS-ARCOSA-NEW\\vendor\\laravel\\framework\\src\\Illuminate\\Pipeline\\Pipeline.php(183): Illuminate\\Http\\Middleware\\HandleCors->handle(Object(Illuminate\\Http\\Request), Object(Closure))
#35 C:\\Users\\luism\\OneDrive\\Documents\\Proyectos\\WMS-ARCOSA-NEW\\vendor\\laravel\\framework\\src\\Illuminate\\Http\\Middleware\\TrustProxies.php(57): Illuminate\\Pipeline\\Pipeline->Illuminate\\Pipeline\\{closure}(Object(Illuminate\\Http\\Request))
#36 C:\\Users\\luism\\OneDrive\\Documents\\Proyectos\\WMS-ARCOSA-NEW\\vendor\\laravel\\framework\\src\\Illuminate\\Pipeline\\Pipeline.php(183): Illuminate\\Http\\Middleware\\TrustProxies->handle(Object(Illuminate\\Http\\Request), Object(Closure))
#37 C:\\Users\\luism\\OneDrive\\Documents\\Proyectos\\WMS-ARCOSA-NEW\\vendor\\laravel\\framework\\src\\Illuminate\\Pipeline\\Pipeline.php(119): Illuminate\\Pipeline\\Pipeline->Illuminate\\Pipeline\\{closure}(Object(Illuminate\\Http\\Request))
#38 C:\\Users\\luism\\OneDrive\\Documents\\Proyectos\\WMS-ARCOSA-NEW\\vendor\\laravel\\framework\\src\\Illuminate\\Foundation\\Http\\Kernel.php(175): Illuminate\\Pipeline\\Pipeline->then(Object(Closure))
#39 C:\\Users\\luism\\OneDrive\\Documents\\Proyectos\\WMS-ARCOSA-NEW\\vendor\\laravel\\framework\\src\\Illuminate\\Foundation\\Http\\Kernel.php(144): Illuminate\\Foundation\\Http\\Kernel->sendRequestThroughRouter(Object(Illuminate\\Http\\Request))
#40 C:\\Users\\luism\\OneDrive\\Documents\\Proyectos\\WMS-ARCOSA-NEW\\vendor\\laravel\\framework\\src\\Illuminate\\Foundation\\Application.php(1183): Illuminate\\Foundation\\Http\\Kernel->handle(Object(Illuminate\\Http\\Request))
#41 C:\\Users\\luism\\OneDrive\\Documents\\Proyectos\\WMS-ARCOSA-NEW\\public\\index.php(17): Illuminate\\Foundation\\Application->handleRequest(Object(Illuminate\\Http\\Request))
#42 C:\\Users\\luism\\OneDrive\\Documents\\Proyectos\\WMS-ARCOSA-NEW\\vendor\\laravel\\framework\\src\\Illuminate\\Foundation\\resources\\server.php(16): require_once('C:\\\\Users\\\\luism\\\\...')
#43 {main}
"} 
[2024-07-20 17:18:56] local.ERROR: Call to undefined method App\Http\Controllers\Administracion\CatalogoTipoCamaraController::editrarTipoCamara() {"userId":1,"exception":"[object] (Error(code: 0): Call to undefined method App\\Http\\Controllers\\Administracion\\CatalogoTipoCamaraController::editrarTipoCamara() at C:\\Users\\luism\\OneDrive\\Documents\\Proyectos\\WMS-ARCOSA-NEW\\vendor\\laravel\\framework\\src\\Illuminate\\Routing\\ControllerDispatcher.php:46)
[stacktrace]
#0 C:\\Users\\luism\\OneDrive\\Documents\\Proyectos\\WMS-ARCOSA-NEW\\vendor\\laravel\\framework\\src\\Illuminate\\Routing\\Route.php(260): Illuminate\\Routing\\ControllerDispatcher->dispatch(Object(Illuminate\\Routing\\Route), Object(App\\Http\\Controllers\\Administracion\\CatalogoTipoCamaraController), 'editrarTipoCama...')
#1 C:\\Users\\luism\\OneDrive\\Documents\\Proyectos\\WMS-ARCOSA-NEW\\vendor\\laravel\\framework\\src\\Illuminate\\Routing\\Route.php(206): Illuminate\\Routing\\Route->runController()
#2 C:\\Users\\luism\\OneDrive\\Documents\\Proyectos\\WMS-ARCOSA-NEW\\vendor\\laravel\\framework\\src\\Illuminate\\Routing\\Router.php(806): Illuminate\\Routing\\Route->run()
#3 C:\\Users\\luism\\OneDrive\\Documents\\Proyectos\\WMS-ARCOSA-NEW\\vendor\\laravel\\framework\\src\\Illuminate\\Pipeline\\Pipeline.php(144): Illuminate\\Routing\\Router->Illuminate\\Routing\\{closure}(Object(Illuminate\\Http\\Request))
#4 C:\\Users\\luism\\OneDrive\\Documents\\Proyectos\\WMS-ARCOSA-NEW\\vendor\\laravel\\framework\\src\\Illuminate\\Routing\\Middleware\\SubstituteBindings.php(50): Illuminate\\Pipeline\\Pipeline->Illuminate\\Pipeline\\{closure}(Object(Illuminate\\Http\\Request))
#5 C:\\Users\\luism\\OneDrive\\Documents\\Proyectos\\WMS-ARCOSA-NEW\\vendor\\laravel\\framework\\src\\Illuminate\\Pipeline\\Pipeline.php(183): Illuminate\\Routing\\Middleware\\SubstituteBindings->handle(Object(Illuminate\\Http\\Request), Object(Closure))
#6 C:\\Users\\luism\\OneDrive\\Documents\\Proyectos\\WMS-ARCOSA-NEW\\vendor\\laravel\\framework\\src\\Illuminate\\Auth\\Middleware\\Authenticate.php(64): Illuminate\\Pipeline\\Pipeline->Illuminate\\Pipeline\\{closure}(Object(Illuminate\\Http\\Request))
#7 C:\\Users\\luism\\OneDrive\\Documents\\Proyectos\\WMS-ARCOSA-NEW\\vendor\\laravel\\framework\\src\\Illuminate\\Pipeline\\Pipeline.php(183): Illuminate\\Auth\\Middleware\\Authenticate->handle(Object(Illuminate\\Http\\Request), Object(Closure), 'sanctum')
#8 C:\\Users\\luism\\OneDrive\\Documents\\Proyectos\\WMS-ARCOSA-NEW\\vendor\\laravel\\framework\\src\\Illuminate\\Pipeline\\Pipeline.php(119): Illuminate\\Pipeline\\Pipeline->Illuminate\\Pipeline\\{closure}(Object(Illuminate\\Http\\Request))
#9 C:\\Users\\luism\\OneDrive\\Documents\\Proyectos\\WMS-ARCOSA-NEW\\vendor\\laravel\\framework\\src\\Illuminate\\Routing\\Router.php(805): Illuminate\\Pipeline\\Pipeline->then(Object(Closure))
#10 C:\\Users\\luism\\OneDrive\\Documents\\Proyectos\\WMS-ARCOSA-NEW\\vendor\\laravel\\framework\\src\\Illuminate\\Routing\\Router.php(784): Illuminate\\Routing\\Router->runRouteWithinStack(Object(Illuminate\\Routing\\Route), Object(Illuminate\\Http\\Request))
#11 C:\\Users\\luism\\OneDrive\\Documents\\Proyectos\\WMS-ARCOSA-NEW\\vendor\\laravel\\framework\\src\\Illuminate\\Routing\\Router.php(748): Illuminate\\Routing\\Router->runRoute(Object(Illuminate\\Http\\Request), Object(Illuminate\\Routing\\Route))
#12 C:\\Users\\luism\\OneDrive\\Documents\\Proyectos\\WMS-ARCOSA-NEW\\vendor\\laravel\\framework\\src\\Illuminate\\Routing\\Router.php(737): Illuminate\\Routing\\Router->dispatchToRoute(Object(Illuminate\\Http\\Request))
#13 C:\\Users\\luism\\OneDrive\\Documents\\Proyectos\\WMS-ARCOSA-NEW\\vendor\\laravel\\framework\\src\\Illuminate\\Foundation\\Http\\Kernel.php(200): Illuminate\\Routing\\Router->dispatch(Object(Illuminate\\Http\\Request))
#14 C:\\Users\\luism\\OneDrive\\Documents\\Proyectos\\WMS-ARCOSA-NEW\\vendor\\laravel\\framework\\src\\Illuminate\\Pipeline\\Pipeline.php(144): Illuminate\\Foundation\\Http\\Kernel->Illuminate\\Foundation\\Http\\{closure}(Object(Illuminate\\Http\\Request))
#15 C:\\Users\\luism\\OneDrive\\Documents\\Proyectos\\WMS-ARCOSA-NEW\\vendor\\laravel\\framework\\src\\Illuminate\\Foundation\\Http\\Middleware\\TransformsRequest.php(21): Illuminate\\Pipeline\\Pipeline->Illuminate\\Pipeline\\{closure}(Object(Illuminate\\Http\\Request))
#16 C:\\Users\\luism\\OneDrive\\Documents\\Proyectos\\WMS-ARCOSA-NEW\\vendor\\laravel\\framework\\src\\Illuminate\\Foundation\\Http\\Middleware\\ConvertEmptyStringsToNull.php(31): Illuminate\\Foundation\\Http\\Middleware\\TransformsRequest->handle(Object(Illuminate\\Http\\Request), Object(Closure))
#17 C:\\Users\\luism\\OneDrive\\Documents\\Proyectos\\WMS-ARCOSA-NEW\\vendor\\laravel\\framework\\src\\Illuminate\\Pipeline\\Pipeline.php(183): Illuminate\\Foundation\\Http\\Middleware\\ConvertEmptyStringsToNull->handle(Object(Illuminate\\Http\\Request), Object(Closure))
#18 C:\\Users\\luism\\OneDrive\\Documents\\Proyectos\\WMS-ARCOSA-NEW\\vendor\\laravel\\framework\\src\\Illuminate\\Foundation\\Http\\Middleware\\TransformsRequest.php(21): Illuminate\\Pipeline\\Pipeline->Illuminate\\Pipeline\\{closure}(Object(Illuminate\\Http\\Request))
#19 C:\\Users\\luism\\OneDrive\\Documents\\Proyectos\\WMS-ARCOSA-NEW\\vendor\\laravel\\framework\\src\\Illuminate\\Foundation\\Http\\Middleware\\TrimStrings.php(51): Illuminate\\Foundation\\Http\\Middleware\\TransformsRequest->handle(Object(Illuminate\\Http\\Request), Object(Closure))
#20 C:\\Users\\luism\\OneDrive\\Documents\\Proyectos\\WMS-ARCOSA-NEW\\vendor\\laravel\\framework\\src\\Illuminate\\Pipeline\\Pipeline.php(183): Illuminate\\Foundation\\Http\\Middleware\\TrimStrings->handle(Object(Illuminate\\Http\\Request), Object(Closure))
#21 C:\\Users\\luism\\OneDrive\\Documents\\Proyectos\\WMS-ARCOSA-NEW\\vendor\\laravel\\framework\\src\\Illuminate\\Http\\Middleware\\ValidatePostSize.php(27): Illuminate\\Pipeline\\Pipeline->Illuminate\\Pipeline\\{closure}(Object(Illuminate\\Http\\Request))
#22 C:\\Users\\luism\\OneDrive\\Documents\\Proyectos\\WMS-ARCOSA-NEW\\vendor\\laravel\\framework\\src\\Illuminate\\Pipeline\\Pipeline.php(183): Illuminate\\Http\\Middleware\\ValidatePostSize->handle(Object(Illuminate\\Http\\Request), Object(Closure))
#23 C:\\Users\\luism\\OneDrive\\Documents\\Proyectos\\WMS-ARCOSA-NEW\\vendor\\laravel\\framework\\src\\Illuminate\\Foundation\\Http\\Middleware\\PreventRequestsDuringMaintenance.php(110): Illuminate\\Pipeline\\Pipeline->Illuminate\\Pipeline\\{closure}(Object(Illuminate\\Http\\Request))
#24 C:\\Users\\luism\\OneDrive\\Documents\\Proyectos\\WMS-ARCOSA-NEW\\vendor\\laravel\\framework\\src\\Illuminate\\Pipeline\\Pipeline.php(183): Illuminate\\Foundation\\Http\\Middleware\\PreventRequestsDuringMaintenance->handle(Object(Illuminate\\Http\\Request), Object(Closure))
#25 C:\\Users\\luism\\OneDrive\\Documents\\Proyectos\\WMS-ARCOSA-NEW\\vendor\\laravel\\framework\\src\\Illuminate\\Http\\Middleware\\HandleCors.php(62): Illuminate\\Pipeline\\Pipeline->Illuminate\\Pipeline\\{closure}(Object(Illuminate\\Http\\Request))
#26 C:\\Users\\luism\\OneDrive\\Documents\\Proyectos\\WMS-ARCOSA-NEW\\vendor\\laravel\\framework\\src\\Illuminate\\Pipeline\\Pipeline.php(183): Illuminate\\Http\\Middleware\\HandleCors->handle(Object(Illuminate\\Http\\Request), Object(Closure))
#27 C:\\Users\\luism\\OneDrive\\Documents\\Proyectos\\WMS-ARCOSA-NEW\\vendor\\laravel\\framework\\src\\Illuminate\\Http\\Middleware\\TrustProxies.php(57): Illuminate\\Pipeline\\Pipeline->Illuminate\\Pipeline\\{closure}(Object(Illuminate\\Http\\Request))
#28 C:\\Users\\luism\\OneDrive\\Documents\\Proyectos\\WMS-ARCOSA-NEW\\vendor\\laravel\\framework\\src\\Illuminate\\Pipeline\\Pipeline.php(183): Illuminate\\Http\\Middleware\\TrustProxies->handle(Object(Illuminate\\Http\\Request), Object(Closure))
#29 C:\\Users\\luism\\OneDrive\\Documents\\Proyectos\\WMS-ARCOSA-NEW\\vendor\\laravel\\framework\\src\\Illuminate\\Pipeline\\Pipeline.php(119): Illuminate\\Pipeline\\Pipeline->Illuminate\\Pipeline\\{closure}(Object(Illuminate\\Http\\Request))
#30 C:\\Users\\luism\\OneDrive\\Documents\\Proyectos\\WMS-ARCOSA-NEW\\vendor\\laravel\\framework\\src\\Illuminate\\Foundation\\Http\\Kernel.php(175): Illuminate\\Pipeline\\Pipeline->then(Object(Closure))
#31 C:\\Users\\luism\\OneDrive\\Documents\\Proyectos\\WMS-ARCOSA-NEW\\vendor\\laravel\\framework\\src\\Illuminate\\Foundation\\Http\\Kernel.php(144): Illuminate\\Foundation\\Http\\Kernel->sendRequestThroughRouter(Object(Illuminate\\Http\\Request))
#32 C:\\Users\\luism\\OneDrive\\Documents\\Proyectos\\WMS-ARCOSA-NEW\\vendor\\laravel\\framework\\src\\Illuminate\\Foundation\\Application.php(1183): Illuminate\\Foundation\\Http\\Kernel->handle(Object(Illuminate\\Http\\Request))
#33 C:\\Users\\luism\\OneDrive\\Documents\\Proyectos\\WMS-ARCOSA-NEW\\public\\index.php(17): Illuminate\\Foundation\\Application->handleRequest(Object(Illuminate\\Http\\Request))
#34 C:\\Users\\luism\\OneDrive\\Documents\\Proyectos\\WMS-ARCOSA-NEW\\vendor\\laravel\\framework\\src\\Illuminate\\Foundation\\resources\\server.php(16): require_once('C:\\\\Users\\\\luism\\\\...')
#35 {main}
"} 
[2024-07-22 17:30:51] local.ERROR: syntax error, unexpected token "," {"exception":"[object] (ParseError(code: 0): syntax error, unexpected token \",\" at C:\\Users\\luism\\OneDrive\\Documents\\Proyectos\\WMS-ARCOSA-NEW\\app\\Http\\Controllers\\Administracion\\UsuarioController.php:33)
[stacktrace]
#0 C:\\Users\\luism\\OneDrive\\Documents\\Proyectos\\WMS-ARCOSA-NEW\\vendor\\composer\\ClassLoader.php(427): Composer\\Autoload\\{closure}('C:\\\\Users\\\\luism\\\\...')
#1 [internal function]: Composer\\Autoload\\ClassLoader->loadClass('App\\\\Http\\\\Contro...')
#2 C:\\Users\\luism\\OneDrive\\Documents\\Proyectos\\WMS-ARCOSA-NEW\\vendor\\laravel\\framework\\src\\Illuminate\\Routing\\Route.php(1097): is_a('App\\\\Http\\\\Contro...', 'Illuminate\\\\Rout...', true)
#3 C:\\Users\\luism\\OneDrive\\Documents\\Proyectos\\WMS-ARCOSA-NEW\\vendor\\laravel\\framework\\src\\Illuminate\\Routing\\Route.php(1036): Illuminate\\Routing\\Route->controllerMiddleware()
#4 C:\\Users\\luism\\OneDrive\\Documents\\Proyectos\\WMS-ARCOSA-NEW\\vendor\\laravel\\framework\\src\\Illuminate\\Routing\\Router.php(818): Illuminate\\Routing\\Route->gatherMiddleware()
#5 C:\\Users\\luism\\OneDrive\\Documents\\Proyectos\\WMS-ARCOSA-NEW\\vendor\\laravel\\framework\\src\\Illuminate\\Routing\\Router.php(800): Illuminate\\Routing\\Router->gatherRouteMiddleware(Object(Illuminate\\Routing\\Route))
#6 C:\\Users\\luism\\OneDrive\\Documents\\Proyectos\\WMS-ARCOSA-NEW\\vendor\\laravel\\framework\\src\\Illuminate\\Routing\\Router.php(784): Illuminate\\Routing\\Router->runRouteWithinStack(Object(Illuminate\\Routing\\Route), Object(Illuminate\\Http\\Request))
#7 C:\\Users\\luism\\OneDrive\\Documents\\Proyectos\\WMS-ARCOSA-NEW\\vendor\\laravel\\framework\\src\\Illuminate\\Routing\\Router.php(748): Illuminate\\Routing\\Router->runRoute(Object(Illuminate\\Http\\Request), Object(Illuminate\\Routing\\Route))
#8 C:\\Users\\luism\\OneDrive\\Documents\\Proyectos\\WMS-ARCOSA-NEW\\vendor\\laravel\\framework\\src\\Illuminate\\Routing\\Router.php(737): Illuminate\\Routing\\Router->dispatchToRoute(Object(Illuminate\\Http\\Request))
#9 C:\\Users\\luism\\OneDrive\\Documents\\Proyectos\\WMS-ARCOSA-NEW\\vendor\\laravel\\framework\\src\\Illuminate\\Foundation\\Http\\Kernel.php(200): Illuminate\\Routing\\Router->dispatch(Object(Illuminate\\Http\\Request))
#10 C:\\Users\\luism\\OneDrive\\Documents\\Proyectos\\WMS-ARCOSA-NEW\\vendor\\laravel\\framework\\src\\Illuminate\\Pipeline\\Pipeline.php(144): Illuminate\\Foundation\\Http\\Kernel->Illuminate\\Foundation\\Http\\{closure}(Object(Illuminate\\Http\\Request))
#11 C:\\Users\\luism\\OneDrive\\Documents\\Proyectos\\WMS-ARCOSA-NEW\\vendor\\laravel\\framework\\src\\Illuminate\\Foundation\\Http\\Middleware\\TransformsRequest.php(21): Illuminate\\Pipeline\\Pipeline->Illuminate\\Pipeline\\{closure}(Object(Illuminate\\Http\\Request))
#12 C:\\Users\\luism\\OneDrive\\Documents\\Proyectos\\WMS-ARCOSA-NEW\\vendor\\laravel\\framework\\src\\Illuminate\\Foundation\\Http\\Middleware\\ConvertEmptyStringsToNull.php(31): Illuminate\\Foundation\\Http\\Middleware\\TransformsRequest->handle(Object(Illuminate\\Http\\Request), Object(Closure))
#13 C:\\Users\\luism\\OneDrive\\Documents\\Proyectos\\WMS-ARCOSA-NEW\\vendor\\laravel\\framework\\src\\Illuminate\\Pipeline\\Pipeline.php(183): Illuminate\\Foundation\\Http\\Middleware\\ConvertEmptyStringsToNull->handle(Object(Illuminate\\Http\\Request), Object(Closure))
#14 C:\\Users\\luism\\OneDrive\\Documents\\Proyectos\\WMS-ARCOSA-NEW\\vendor\\laravel\\framework\\src\\Illuminate\\Foundation\\Http\\Middleware\\TransformsRequest.php(21): Illuminate\\Pipeline\\Pipeline->Illuminate\\Pipeline\\{closure}(Object(Illuminate\\Http\\Request))
#15 C:\\Users\\luism\\OneDrive\\Documents\\Proyectos\\WMS-ARCOSA-NEW\\vendor\\laravel\\framework\\src\\Illuminate\\Foundation\\Http\\Middleware\\TrimStrings.php(51): Illuminate\\Foundation\\Http\\Middleware\\TransformsRequest->handle(Object(Illuminate\\Http\\Request), Object(Closure))
#16 C:\\Users\\luism\\OneDrive\\Documents\\Proyectos\\WMS-ARCOSA-NEW\\vendor\\laravel\\framework\\src\\Illuminate\\Pipeline\\Pipeline.php(183): Illuminate\\Foundation\\Http\\Middleware\\TrimStrings->handle(Object(Illuminate\\Http\\Request), Object(Closure))
#17 C:\\Users\\luism\\OneDrive\\Documents\\Proyectos\\WMS-ARCOSA-NEW\\vendor\\laravel\\framework\\src\\Illuminate\\Http\\Middleware\\ValidatePostSize.php(27): Illuminate\\Pipeline\\Pipeline->Illuminate\\Pipeline\\{closure}(Object(Illuminate\\Http\\Request))
#18 C:\\Users\\luism\\OneDrive\\Documents\\Proyectos\\WMS-ARCOSA-NEW\\vendor\\laravel\\framework\\src\\Illuminate\\Pipeline\\Pipeline.php(183): Illuminate\\Http\\Middleware\\ValidatePostSize->handle(Object(Illuminate\\Http\\Request), Object(Closure))
#19 C:\\Users\\luism\\OneDrive\\Documents\\Proyectos\\WMS-ARCOSA-NEW\\vendor\\laravel\\framework\\src\\Illuminate\\Foundation\\Http\\Middleware\\PreventRequestsDuringMaintenance.php(110): Illuminate\\Pipeline\\Pipeline->Illuminate\\Pipeline\\{closure}(Object(Illuminate\\Http\\Request))
#20 C:\\Users\\luism\\OneDrive\\Documents\\Proyectos\\WMS-ARCOSA-NEW\\vendor\\laravel\\framework\\src\\Illuminate\\Pipeline\\Pipeline.php(183): Illuminate\\Foundation\\Http\\Middleware\\PreventRequestsDuringMaintenance->handle(Object(Illuminate\\Http\\Request), Object(Closure))
#21 C:\\Users\\luism\\OneDrive\\Documents\\Proyectos\\WMS-ARCOSA-NEW\\vendor\\laravel\\framework\\src\\Illuminate\\Http\\Middleware\\HandleCors.php(62): Illuminate\\Pipeline\\Pipeline->Illuminate\\Pipeline\\{closure}(Object(Illuminate\\Http\\Request))
#22 C:\\Users\\luism\\OneDrive\\Documents\\Proyectos\\WMS-ARCOSA-NEW\\vendor\\laravel\\framework\\src\\Illuminate\\Pipeline\\Pipeline.php(183): Illuminate\\Http\\Middleware\\HandleCors->handle(Object(Illuminate\\Http\\Request), Object(Closure))
#23 C:\\Users\\luism\\OneDrive\\Documents\\Proyectos\\WMS-ARCOSA-NEW\\vendor\\laravel\\framework\\src\\Illuminate\\Http\\Middleware\\TrustProxies.php(57): Illuminate\\Pipeline\\Pipeline->Illuminate\\Pipeline\\{closure}(Object(Illuminate\\Http\\Request))
#24 C:\\Users\\luism\\OneDrive\\Documents\\Proyectos\\WMS-ARCOSA-NEW\\vendor\\laravel\\framework\\src\\Illuminate\\Pipeline\\Pipeline.php(183): Illuminate\\Http\\Middleware\\TrustProxies->handle(Object(Illuminate\\Http\\Request), Object(Closure))
#25 C:\\Users\\luism\\OneDrive\\Documents\\Proyectos\\WMS-ARCOSA-NEW\\vendor\\laravel\\framework\\src\\Illuminate\\Pipeline\\Pipeline.php(119): Illuminate\\Pipeline\\Pipeline->Illuminate\\Pipeline\\{closure}(Object(Illuminate\\Http\\Request))
#26 C:\\Users\\luism\\OneDrive\\Documents\\Proyectos\\WMS-ARCOSA-NEW\\vendor\\laravel\\framework\\src\\Illuminate\\Foundation\\Http\\Kernel.php(175): Illuminate\\Pipeline\\Pipeline->then(Object(Closure))
#27 C:\\Users\\luism\\OneDrive\\Documents\\Proyectos\\WMS-ARCOSA-NEW\\vendor\\laravel\\framework\\src\\Illuminate\\Foundation\\Http\\Kernel.php(144): Illuminate\\Foundation\\Http\\Kernel->sendRequestThroughRouter(Object(Illuminate\\Http\\Request))
#28 C:\\Users\\luism\\OneDrive\\Documents\\Proyectos\\WMS-ARCOSA-NEW\\vendor\\laravel\\framework\\src\\Illuminate\\Foundation\\Application.php(1183): Illuminate\\Foundation\\Http\\Kernel->handle(Object(Illuminate\\Http\\Request))
#29 C:\\Users\\luism\\OneDrive\\Documents\\Proyectos\\WMS-ARCOSA-NEW\\public\\index.php(17): Illuminate\\Foundation\\Application->handleRequest(Object(Illuminate\\Http\\Request))
#30 C:\\Users\\luism\\OneDrive\\Documents\\Proyectos\\WMS-ARCOSA-NEW\\vendor\\laravel\\framework\\src\\Illuminate\\Foundation\\resources\\server.php(16): require_once('C:\\\\Users\\\\luism\\\\...')
#31 {main}
"} 
[2024-07-22 17:30:51] local.ERROR: syntax error, unexpected token "," {"exception":"[object] (ParseError(code: 0): syntax error, unexpected token \",\" at C:\\Users\\luism\\OneDrive\\Documents\\Proyectos\\WMS-ARCOSA-NEW\\app\\Http\\Controllers\\Administracion\\UsuarioController.php:33)
[stacktrace]
#0 C:\\Users\\luism\\OneDrive\\Documents\\Proyectos\\WMS-ARCOSA-NEW\\vendor\\composer\\ClassLoader.php(427): Composer\\Autoload\\{closure}('C:\\\\Users\\\\luism\\\\...')
#1 [internal function]: Composer\\Autoload\\ClassLoader->loadClass('App\\\\Http\\\\Contro...')
#2 C:\\Users\\luism\\OneDrive\\Documents\\Proyectos\\WMS-ARCOSA-NEW\\vendor\\laravel\\framework\\src\\Illuminate\\Routing\\Route.php(1097): is_a('App\\\\Http\\\\Contro...', 'Illuminate\\\\Rout...', true)
#3 C:\\Users\\luism\\OneDrive\\Documents\\Proyectos\\WMS-ARCOSA-NEW\\vendor\\laravel\\framework\\src\\Illuminate\\Routing\\Route.php(1036): Illuminate\\Routing\\Route->controllerMiddleware()
#4 C:\\Users\\luism\\OneDrive\\Documents\\Proyectos\\WMS-ARCOSA-NEW\\vendor\\laravel\\framework\\src\\Illuminate\\Routing\\Router.php(818): Illuminate\\Routing\\Route->gatherMiddleware()
#5 C:\\Users\\luism\\OneDrive\\Documents\\Proyectos\\WMS-ARCOSA-NEW\\vendor\\laravel\\framework\\src\\Illuminate\\Routing\\Router.php(800): Illuminate\\Routing\\Router->gatherRouteMiddleware(Object(Illuminate\\Routing\\Route))
#6 C:\\Users\\luism\\OneDrive\\Documents\\Proyectos\\WMS-ARCOSA-NEW\\vendor\\laravel\\framework\\src\\Illuminate\\Routing\\Router.php(784): Illuminate\\Routing\\Router->runRouteWithinStack(Object(Illuminate\\Routing\\Route), Object(Illuminate\\Http\\Request))
#7 C:\\Users\\luism\\OneDrive\\Documents\\Proyectos\\WMS-ARCOSA-NEW\\vendor\\laravel\\framework\\src\\Illuminate\\Routing\\Router.php(748): Illuminate\\Routing\\Router->runRoute(Object(Illuminate\\Http\\Request), Object(Illuminate\\Routing\\Route))
#8 C:\\Users\\luism\\OneDrive\\Documents\\Proyectos\\WMS-ARCOSA-NEW\\vendor\\laravel\\framework\\src\\Illuminate\\Routing\\Router.php(737): Illuminate\\Routing\\Router->dispatchToRoute(Object(Illuminate\\Http\\Request))
#9 C:\\Users\\luism\\OneDrive\\Documents\\Proyectos\\WMS-ARCOSA-NEW\\vendor\\laravel\\framework\\src\\Illuminate\\Foundation\\Http\\Kernel.php(200): Illuminate\\Routing\\Router->dispatch(Object(Illuminate\\Http\\Request))
#10 C:\\Users\\luism\\OneDrive\\Documents\\Proyectos\\WMS-ARCOSA-NEW\\vendor\\laravel\\framework\\src\\Illuminate\\Pipeline\\Pipeline.php(144): Illuminate\\Foundation\\Http\\Kernel->Illuminate\\Foundation\\Http\\{closure}(Object(Illuminate\\Http\\Request))
#11 C:\\Users\\luism\\OneDrive\\Documents\\Proyectos\\WMS-ARCOSA-NEW\\vendor\\laravel\\framework\\src\\Illuminate\\Foundation\\Http\\Middleware\\TransformsRequest.php(21): Illuminate\\Pipeline\\Pipeline->Illuminate\\Pipeline\\{closure}(Object(Illuminate\\Http\\Request))
#12 C:\\Users\\luism\\OneDrive\\Documents\\Proyectos\\WMS-ARCOSA-NEW\\vendor\\laravel\\framework\\src\\Illuminate\\Foundation\\Http\\Middleware\\ConvertEmptyStringsToNull.php(31): Illuminate\\Foundation\\Http\\Middleware\\TransformsRequest->handle(Object(Illuminate\\Http\\Request), Object(Closure))
#13 C:\\Users\\luism\\OneDrive\\Documents\\Proyectos\\WMS-ARCOSA-NEW\\vendor\\laravel\\framework\\src\\Illuminate\\Pipeline\\Pipeline.php(183): Illuminate\\Foundation\\Http\\Middleware\\ConvertEmptyStringsToNull->handle(Object(Illuminate\\Http\\Request), Object(Closure))
#14 C:\\Users\\luism\\OneDrive\\Documents\\Proyectos\\WMS-ARCOSA-NEW\\vendor\\laravel\\framework\\src\\Illuminate\\Foundation\\Http\\Middleware\\TransformsRequest.php(21): Illuminate\\Pipeline\\Pipeline->Illuminate\\Pipeline\\{closure}(Object(Illuminate\\Http\\Request))
#15 C:\\Users\\luism\\OneDrive\\Documents\\Proyectos\\WMS-ARCOSA-NEW\\vendor\\laravel\\framework\\src\\Illuminate\\Foundation\\Http\\Middleware\\TrimStrings.php(51): Illuminate\\Foundation\\Http\\Middleware\\TransformsRequest->handle(Object(Illuminate\\Http\\Request), Object(Closure))
#16 C:\\Users\\luism\\OneDrive\\Documents\\Proyectos\\WMS-ARCOSA-NEW\\vendor\\laravel\\framework\\src\\Illuminate\\Pipeline\\Pipeline.php(183): Illuminate\\Foundation\\Http\\Middleware\\TrimStrings->handle(Object(Illuminate\\Http\\Request), Object(Closure))
#17 C:\\Users\\luism\\OneDrive\\Documents\\Proyectos\\WMS-ARCOSA-NEW\\vendor\\laravel\\framework\\src\\Illuminate\\Http\\Middleware\\ValidatePostSize.php(27): Illuminate\\Pipeline\\Pipeline->Illuminate\\Pipeline\\{closure}(Object(Illuminate\\Http\\Request))
#18 C:\\Users\\luism\\OneDrive\\Documents\\Proyectos\\WMS-ARCOSA-NEW\\vendor\\laravel\\framework\\src\\Illuminate\\Pipeline\\Pipeline.php(183): Illuminate\\Http\\Middleware\\ValidatePostSize->handle(Object(Illuminate\\Http\\Request), Object(Closure))
#19 C:\\Users\\luism\\OneDrive\\Documents\\Proyectos\\WMS-ARCOSA-NEW\\vendor\\laravel\\framework\\src\\Illuminate\\Foundation\\Http\\Middleware\\PreventRequestsDuringMaintenance.php(110): Illuminate\\Pipeline\\Pipeline->Illuminate\\Pipeline\\{closure}(Object(Illuminate\\Http\\Request))
#20 C:\\Users\\luism\\OneDrive\\Documents\\Proyectos\\WMS-ARCOSA-NEW\\vendor\\laravel\\framework\\src\\Illuminate\\Pipeline\\Pipeline.php(183): Illuminate\\Foundation\\Http\\Middleware\\PreventRequestsDuringMaintenance->handle(Object(Illuminate\\Http\\Request), Object(Closure))
#21 C:\\Users\\luism\\OneDrive\\Documents\\Proyectos\\WMS-ARCOSA-NEW\\vendor\\laravel\\framework\\src\\Illuminate\\Http\\Middleware\\HandleCors.php(62): Illuminate\\Pipeline\\Pipeline->Illuminate\\Pipeline\\{closure}(Object(Illuminate\\Http\\Request))
#22 C:\\Users\\luism\\OneDrive\\Documents\\Proyectos\\WMS-ARCOSA-NEW\\vendor\\laravel\\framework\\src\\Illuminate\\Pipeline\\Pipeline.php(183): Illuminate\\Http\\Middleware\\HandleCors->handle(Object(Illuminate\\Http\\Request), Object(Closure))
#23 C:\\Users\\luism\\OneDrive\\Documents\\Proyectos\\WMS-ARCOSA-NEW\\vendor\\laravel\\framework\\src\\Illuminate\\Http\\Middleware\\TrustProxies.php(57): Illuminate\\Pipeline\\Pipeline->Illuminate\\Pipeline\\{closure}(Object(Illuminate\\Http\\Request))
#24 C:\\Users\\luism\\OneDrive\\Documents\\Proyectos\\WMS-ARCOSA-NEW\\vendor\\laravel\\framework\\src\\Illuminate\\Pipeline\\Pipeline.php(183): Illuminate\\Http\\Middleware\\TrustProxies->handle(Object(Illuminate\\Http\\Request), Object(Closure))
#25 C:\\Users\\luism\\OneDrive\\Documents\\Proyectos\\WMS-ARCOSA-NEW\\vendor\\laravel\\framework\\src\\Illuminate\\Pipeline\\Pipeline.php(119): Illuminate\\Pipeline\\Pipeline->Illuminate\\Pipeline\\{closure}(Object(Illuminate\\Http\\Request))
#26 C:\\Users\\luism\\OneDrive\\Documents\\Proyectos\\WMS-ARCOSA-NEW\\vendor\\laravel\\framework\\src\\Illuminate\\Foundation\\Http\\Kernel.php(175): Illuminate\\Pipeline\\Pipeline->then(Object(Closure))
#27 C:\\Users\\luism\\OneDrive\\Documents\\Proyectos\\WMS-ARCOSA-NEW\\vendor\\laravel\\framework\\src\\Illuminate\\Foundation\\Http\\Kernel.php(144): Illuminate\\Foundation\\Http\\Kernel->sendRequestThroughRouter(Object(Illuminate\\Http\\Request))
#28 C:\\Users\\luism\\OneDrive\\Documents\\Proyectos\\WMS-ARCOSA-NEW\\vendor\\laravel\\framework\\src\\Illuminate\\Foundation\\Application.php(1183): Illuminate\\Foundation\\Http\\Kernel->handle(Object(Illuminate\\Http\\Request))
#29 C:\\Users\\luism\\OneDrive\\Documents\\Proyectos\\WMS-ARCOSA-NEW\\public\\index.php(17): Illuminate\\Foundation\\Application->handleRequest(Object(Illuminate\\Http\\Request))
#30 C:\\Users\\luism\\OneDrive\\Documents\\Proyectos\\WMS-ARCOSA-NEW\\vendor\\laravel\\framework\\src\\Illuminate\\Foundation\\resources\\server.php(16): require_once('C:\\\\Users\\\\luism\\\\...')
#31 {main}
"} 
[2024-07-22 17:30:51] local.ERROR: syntax error, unexpected token "," {"exception":"[object] (ParseError(code: 0): syntax error, unexpected token \",\" at C:\\Users\\luism\\OneDrive\\Documents\\Proyectos\\WMS-ARCOSA-NEW\\app\\Http\\Controllers\\Administracion\\UsuarioController.php:33)
[stacktrace]
#0 C:\\Users\\luism\\OneDrive\\Documents\\Proyectos\\WMS-ARCOSA-NEW\\vendor\\composer\\ClassLoader.php(427): Composer\\Autoload\\{closure}('C:\\\\Users\\\\luism\\\\...')
#1 [internal function]: Composer\\Autoload\\ClassLoader->loadClass('App\\\\Http\\\\Contro...')
#2 C:\\Users\\luism\\OneDrive\\Documents\\Proyectos\\WMS-ARCOSA-NEW\\vendor\\laravel\\framework\\src\\Illuminate\\Routing\\Route.php(1097): is_a('App\\\\Http\\\\Contro...', 'Illuminate\\\\Rout...', true)
#3 C:\\Users\\luism\\OneDrive\\Documents\\Proyectos\\WMS-ARCOSA-NEW\\vendor\\laravel\\framework\\src\\Illuminate\\Routing\\Route.php(1036): Illuminate\\Routing\\Route->controllerMiddleware()
#4 C:\\Users\\luism\\OneDrive\\Documents\\Proyectos\\WMS-ARCOSA-NEW\\vendor\\laravel\\framework\\src\\Illuminate\\Routing\\Router.php(818): Illuminate\\Routing\\Route->gatherMiddleware()
#5 C:\\Users\\luism\\OneDrive\\Documents\\Proyectos\\WMS-ARCOSA-NEW\\vendor\\laravel\\framework\\src\\Illuminate\\Routing\\Router.php(800): Illuminate\\Routing\\Router->gatherRouteMiddleware(Object(Illuminate\\Routing\\Route))
#6 C:\\Users\\luism\\OneDrive\\Documents\\Proyectos\\WMS-ARCOSA-NEW\\vendor\\laravel\\framework\\src\\Illuminate\\Routing\\Router.php(784): Illuminate\\Routing\\Router->runRouteWithinStack(Object(Illuminate\\Routing\\Route), Object(Illuminate\\Http\\Request))
#7 C:\\Users\\luism\\OneDrive\\Documents\\Proyectos\\WMS-ARCOSA-NEW\\vendor\\laravel\\framework\\src\\Illuminate\\Routing\\Router.php(748): Illuminate\\Routing\\Router->runRoute(Object(Illuminate\\Http\\Request), Object(Illuminate\\Routing\\Route))
#8 C:\\Users\\luism\\OneDrive\\Documents\\Proyectos\\WMS-ARCOSA-NEW\\vendor\\laravel\\framework\\src\\Illuminate\\Routing\\Router.php(737): Illuminate\\Routing\\Router->dispatchToRoute(Object(Illuminate\\Http\\Request))
#9 C:\\Users\\luism\\OneDrive\\Documents\\Proyectos\\WMS-ARCOSA-NEW\\vendor\\laravel\\framework\\src\\Illuminate\\Foundation\\Http\\Kernel.php(200): Illuminate\\Routing\\Router->dispatch(Object(Illuminate\\Http\\Request))
#10 C:\\Users\\luism\\OneDrive\\Documents\\Proyectos\\WMS-ARCOSA-NEW\\vendor\\laravel\\framework\\src\\Illuminate\\Pipeline\\Pipeline.php(144): Illuminate\\Foundation\\Http\\Kernel->Illuminate\\Foundation\\Http\\{closure}(Object(Illuminate\\Http\\Request))
#11 C:\\Users\\luism\\OneDrive\\Documents\\Proyectos\\WMS-ARCOSA-NEW\\vendor\\laravel\\framework\\src\\Illuminate\\Foundation\\Http\\Middleware\\TransformsRequest.php(21): Illuminate\\Pipeline\\Pipeline->Illuminate\\Pipeline\\{closure}(Object(Illuminate\\Http\\Request))
#12 C:\\Users\\luism\\OneDrive\\Documents\\Proyectos\\WMS-ARCOSA-NEW\\vendor\\laravel\\framework\\src\\Illuminate\\Foundation\\Http\\Middleware\\ConvertEmptyStringsToNull.php(31): Illuminate\\Foundation\\Http\\Middleware\\TransformsRequest->handle(Object(Illuminate\\Http\\Request), Object(Closure))
#13 C:\\Users\\luism\\OneDrive\\Documents\\Proyectos\\WMS-ARCOSA-NEW\\vendor\\laravel\\framework\\src\\Illuminate\\Pipeline\\Pipeline.php(183): Illuminate\\Foundation\\Http\\Middleware\\ConvertEmptyStringsToNull->handle(Object(Illuminate\\Http\\Request), Object(Closure))
#14 C:\\Users\\luism\\OneDrive\\Documents\\Proyectos\\WMS-ARCOSA-NEW\\vendor\\laravel\\framework\\src\\Illuminate\\Foundation\\Http\\Middleware\\TransformsRequest.php(21): Illuminate\\Pipeline\\Pipeline->Illuminate\\Pipeline\\{closure}(Object(Illuminate\\Http\\Request))
#15 C:\\Users\\luism\\OneDrive\\Documents\\Proyectos\\WMS-ARCOSA-NEW\\vendor\\laravel\\framework\\src\\Illuminate\\Foundation\\Http\\Middleware\\TrimStrings.php(51): Illuminate\\Foundation\\Http\\Middleware\\TransformsRequest->handle(Object(Illuminate\\Http\\Request), Object(Closure))
#16 C:\\Users\\luism\\OneDrive\\Documents\\Proyectos\\WMS-ARCOSA-NEW\\vendor\\laravel\\framework\\src\\Illuminate\\Pipeline\\Pipeline.php(183): Illuminate\\Foundation\\Http\\Middleware\\TrimStrings->handle(Object(Illuminate\\Http\\Request), Object(Closure))
#17 C:\\Users\\luism\\OneDrive\\Documents\\Proyectos\\WMS-ARCOSA-NEW\\vendor\\laravel\\framework\\src\\Illuminate\\Http\\Middleware\\ValidatePostSize.php(27): Illuminate\\Pipeline\\Pipeline->Illuminate\\Pipeline\\{closure}(Object(Illuminate\\Http\\Request))
#18 C:\\Users\\luism\\OneDrive\\Documents\\Proyectos\\WMS-ARCOSA-NEW\\vendor\\laravel\\framework\\src\\Illuminate\\Pipeline\\Pipeline.php(183): Illuminate\\Http\\Middleware\\ValidatePostSize->handle(Object(Illuminate\\Http\\Request), Object(Closure))
#19 C:\\Users\\luism\\OneDrive\\Documents\\Proyectos\\WMS-ARCOSA-NEW\\vendor\\laravel\\framework\\src\\Illuminate\\Foundation\\Http\\Middleware\\PreventRequestsDuringMaintenance.php(110): Illuminate\\Pipeline\\Pipeline->Illuminate\\Pipeline\\{closure}(Object(Illuminate\\Http\\Request))
#20 C:\\Users\\luism\\OneDrive\\Documents\\Proyectos\\WMS-ARCOSA-NEW\\vendor\\laravel\\framework\\src\\Illuminate\\Pipeline\\Pipeline.php(183): Illuminate\\Foundation\\Http\\Middleware\\PreventRequestsDuringMaintenance->handle(Object(Illuminate\\Http\\Request), Object(Closure))
#21 C:\\Users\\luism\\OneDrive\\Documents\\Proyectos\\WMS-ARCOSA-NEW\\vendor\\laravel\\framework\\src\\Illuminate\\Http\\Middleware\\HandleCors.php(62): Illuminate\\Pipeline\\Pipeline->Illuminate\\Pipeline\\{closure}(Object(Illuminate\\Http\\Request))
#22 C:\\Users\\luism\\OneDrive\\Documents\\Proyectos\\WMS-ARCOSA-NEW\\vendor\\laravel\\framework\\src\\Illuminate\\Pipeline\\Pipeline.php(183): Illuminate\\Http\\Middleware\\HandleCors->handle(Object(Illuminate\\Http\\Request), Object(Closure))
#23 C:\\Users\\luism\\OneDrive\\Documents\\Proyectos\\WMS-ARCOSA-NEW\\vendor\\laravel\\framework\\src\\Illuminate\\Http\\Middleware\\TrustProxies.php(57): Illuminate\\Pipeline\\Pipeline->Illuminate\\Pipeline\\{closure}(Object(Illuminate\\Http\\Request))
#24 C:\\Users\\luism\\OneDrive\\Documents\\Proyectos\\WMS-ARCOSA-NEW\\vendor\\laravel\\framework\\src\\Illuminate\\Pipeline\\Pipeline.php(183): Illuminate\\Http\\Middleware\\TrustProxies->handle(Object(Illuminate\\Http\\Request), Object(Closure))
#25 C:\\Users\\luism\\OneDrive\\Documents\\Proyectos\\WMS-ARCOSA-NEW\\vendor\\laravel\\framework\\src\\Illuminate\\Pipeline\\Pipeline.php(119): Illuminate\\Pipeline\\Pipeline->Illuminate\\Pipeline\\{closure}(Object(Illuminate\\Http\\Request))
#26 C:\\Users\\luism\\OneDrive\\Documents\\Proyectos\\WMS-ARCOSA-NEW\\vendor\\laravel\\framework\\src\\Illuminate\\Foundation\\Http\\Kernel.php(175): Illuminate\\Pipeline\\Pipeline->then(Object(Closure))
#27 C:\\Users\\luism\\OneDrive\\Documents\\Proyectos\\WMS-ARCOSA-NEW\\vendor\\laravel\\framework\\src\\Illuminate\\Foundation\\Http\\Kernel.php(144): Illuminate\\Foundation\\Http\\Kernel->sendRequestThroughRouter(Object(Illuminate\\Http\\Request))
#28 C:\\Users\\luism\\OneDrive\\Documents\\Proyectos\\WMS-ARCOSA-NEW\\vendor\\laravel\\framework\\src\\Illuminate\\Foundation\\Application.php(1183): Illuminate\\Foundation\\Http\\Kernel->handle(Object(Illuminate\\Http\\Request))
#29 C:\\Users\\luism\\OneDrive\\Documents\\Proyectos\\WMS-ARCOSA-NEW\\public\\index.php(17): Illuminate\\Foundation\\Application->handleRequest(Object(Illuminate\\Http\\Request))
#30 C:\\Users\\luism\\OneDrive\\Documents\\Proyectos\\WMS-ARCOSA-NEW\\vendor\\laravel\\framework\\src\\Illuminate\\Foundation\\resources\\server.php(16): require_once('C:\\\\Users\\\\luism\\\\...')
#31 {main}
"} 
[2024-07-22 17:30:51] local.ERROR: syntax error, unexpected token "," {"exception":"[object] (ParseError(code: 0): syntax error, unexpected token \",\" at C:\\Users\\luism\\OneDrive\\Documents\\Proyectos\\WMS-ARCOSA-NEW\\app\\Http\\Controllers\\Administracion\\UsuarioController.php:33)
[stacktrace]
#0 C:\\Users\\luism\\OneDrive\\Documents\\Proyectos\\WMS-ARCOSA-NEW\\vendor\\composer\\ClassLoader.php(427): Composer\\Autoload\\{closure}('C:\\\\Users\\\\luism\\\\...')
#1 [internal function]: Composer\\Autoload\\ClassLoader->loadClass('App\\\\Http\\\\Contro...')
#2 C:\\Users\\luism\\OneDrive\\Documents\\Proyectos\\WMS-ARCOSA-NEW\\vendor\\laravel\\framework\\src\\Illuminate\\Routing\\Route.php(1097): is_a('App\\\\Http\\\\Contro...', 'Illuminate\\\\Rout...', true)
#3 C:\\Users\\luism\\OneDrive\\Documents\\Proyectos\\WMS-ARCOSA-NEW\\vendor\\laravel\\framework\\src\\Illuminate\\Routing\\Route.php(1036): Illuminate\\Routing\\Route->controllerMiddleware()
#4 C:\\Users\\luism\\OneDrive\\Documents\\Proyectos\\WMS-ARCOSA-NEW\\vendor\\laravel\\framework\\src\\Illuminate\\Routing\\Router.php(818): Illuminate\\Routing\\Route->gatherMiddleware()
#5 C:\\Users\\luism\\OneDrive\\Documents\\Proyectos\\WMS-ARCOSA-NEW\\vendor\\laravel\\framework\\src\\Illuminate\\Routing\\Router.php(800): Illuminate\\Routing\\Router->gatherRouteMiddleware(Object(Illuminate\\Routing\\Route))
#6 C:\\Users\\luism\\OneDrive\\Documents\\Proyectos\\WMS-ARCOSA-NEW\\vendor\\laravel\\framework\\src\\Illuminate\\Routing\\Router.php(784): Illuminate\\Routing\\Router->runRouteWithinStack(Object(Illuminate\\Routing\\Route), Object(Illuminate\\Http\\Request))
#7 C:\\Users\\luism\\OneDrive\\Documents\\Proyectos\\WMS-ARCOSA-NEW\\vendor\\laravel\\framework\\src\\Illuminate\\Routing\\Router.php(748): Illuminate\\Routing\\Router->runRoute(Object(Illuminate\\Http\\Request), Object(Illuminate\\Routing\\Route))
#8 C:\\Users\\luism\\OneDrive\\Documents\\Proyectos\\WMS-ARCOSA-NEW\\vendor\\laravel\\framework\\src\\Illuminate\\Routing\\Router.php(737): Illuminate\\Routing\\Router->dispatchToRoute(Object(Illuminate\\Http\\Request))
#9 C:\\Users\\luism\\OneDrive\\Documents\\Proyectos\\WMS-ARCOSA-NEW\\vendor\\laravel\\framework\\src\\Illuminate\\Foundation\\Http\\Kernel.php(200): Illuminate\\Routing\\Router->dispatch(Object(Illuminate\\Http\\Request))
#10 C:\\Users\\luism\\OneDrive\\Documents\\Proyectos\\WMS-ARCOSA-NEW\\vendor\\laravel\\framework\\src\\Illuminate\\Pipeline\\Pipeline.php(144): Illuminate\\Foundation\\Http\\Kernel->Illuminate\\Foundation\\Http\\{closure}(Object(Illuminate\\Http\\Request))
#11 C:\\Users\\luism\\OneDrive\\Documents\\Proyectos\\WMS-ARCOSA-NEW\\vendor\\laravel\\framework\\src\\Illuminate\\Foundation\\Http\\Middleware\\TransformsRequest.php(21): Illuminate\\Pipeline\\Pipeline->Illuminate\\Pipeline\\{closure}(Object(Illuminate\\Http\\Request))
#12 C:\\Users\\luism\\OneDrive\\Documents\\Proyectos\\WMS-ARCOSA-NEW\\vendor\\laravel\\framework\\src\\Illuminate\\Foundation\\Http\\Middleware\\ConvertEmptyStringsToNull.php(31): Illuminate\\Foundation\\Http\\Middleware\\TransformsRequest->handle(Object(Illuminate\\Http\\Request), Object(Closure))
#13 C:\\Users\\luism\\OneDrive\\Documents\\Proyectos\\WMS-ARCOSA-NEW\\vendor\\laravel\\framework\\src\\Illuminate\\Pipeline\\Pipeline.php(183): Illuminate\\Foundation\\Http\\Middleware\\ConvertEmptyStringsToNull->handle(Object(Illuminate\\Http\\Request), Object(Closure))
#14 C:\\Users\\luism\\OneDrive\\Documents\\Proyectos\\WMS-ARCOSA-NEW\\vendor\\laravel\\framework\\src\\Illuminate\\Foundation\\Http\\Middleware\\TransformsRequest.php(21): Illuminate\\Pipeline\\Pipeline->Illuminate\\Pipeline\\{closure}(Object(Illuminate\\Http\\Request))
#15 C:\\Users\\luism\\OneDrive\\Documents\\Proyectos\\WMS-ARCOSA-NEW\\vendor\\laravel\\framework\\src\\Illuminate\\Foundation\\Http\\Middleware\\TrimStrings.php(51): Illuminate\\Foundation\\Http\\Middleware\\TransformsRequest->handle(Object(Illuminate\\Http\\Request), Object(Closure))
#16 C:\\Users\\luism\\OneDrive\\Documents\\Proyectos\\WMS-ARCOSA-NEW\\vendor\\laravel\\framework\\src\\Illuminate\\Pipeline\\Pipeline.php(183): Illuminate\\Foundation\\Http\\Middleware\\TrimStrings->handle(Object(Illuminate\\Http\\Request), Object(Closure))
#17 C:\\Users\\luism\\OneDrive\\Documents\\Proyectos\\WMS-ARCOSA-NEW\\vendor\\laravel\\framework\\src\\Illuminate\\Http\\Middleware\\ValidatePostSize.php(27): Illuminate\\Pipeline\\Pipeline->Illuminate\\Pipeline\\{closure}(Object(Illuminate\\Http\\Request))
#18 C:\\Users\\luism\\OneDrive\\Documents\\Proyectos\\WMS-ARCOSA-NEW\\vendor\\laravel\\framework\\src\\Illuminate\\Pipeline\\Pipeline.php(183): Illuminate\\Http\\Middleware\\ValidatePostSize->handle(Object(Illuminate\\Http\\Request), Object(Closure))
#19 C:\\Users\\luism\\OneDrive\\Documents\\Proyectos\\WMS-ARCOSA-NEW\\vendor\\laravel\\framework\\src\\Illuminate\\Foundation\\Http\\Middleware\\PreventRequestsDuringMaintenance.php(110): Illuminate\\Pipeline\\Pipeline->Illuminate\\Pipeline\\{closure}(Object(Illuminate\\Http\\Request))
#20 C:\\Users\\luism\\OneDrive\\Documents\\Proyectos\\WMS-ARCOSA-NEW\\vendor\\laravel\\framework\\src\\Illuminate\\Pipeline\\Pipeline.php(183): Illuminate\\Foundation\\Http\\Middleware\\PreventRequestsDuringMaintenance->handle(Object(Illuminate\\Http\\Request), Object(Closure))
#21 C:\\Users\\luism\\OneDrive\\Documents\\Proyectos\\WMS-ARCOSA-NEW\\vendor\\laravel\\framework\\src\\Illuminate\\Http\\Middleware\\HandleCors.php(62): Illuminate\\Pipeline\\Pipeline->Illuminate\\Pipeline\\{closure}(Object(Illuminate\\Http\\Request))
#22 C:\\Users\\luism\\OneDrive\\Documents\\Proyectos\\WMS-ARCOSA-NEW\\vendor\\laravel\\framework\\src\\Illuminate\\Pipeline\\Pipeline.php(183): Illuminate\\Http\\Middleware\\HandleCors->handle(Object(Illuminate\\Http\\Request), Object(Closure))
#23 C:\\Users\\luism\\OneDrive\\Documents\\Proyectos\\WMS-ARCOSA-NEW\\vendor\\laravel\\framework\\src\\Illuminate\\Http\\Middleware\\TrustProxies.php(57): Illuminate\\Pipeline\\Pipeline->Illuminate\\Pipeline\\{closure}(Object(Illuminate\\Http\\Request))
#24 C:\\Users\\luism\\OneDrive\\Documents\\Proyectos\\WMS-ARCOSA-NEW\\vendor\\laravel\\framework\\src\\Illuminate\\Pipeline\\Pipeline.php(183): Illuminate\\Http\\Middleware\\TrustProxies->handle(Object(Illuminate\\Http\\Request), Object(Closure))
#25 C:\\Users\\luism\\OneDrive\\Documents\\Proyectos\\WMS-ARCOSA-NEW\\vendor\\laravel\\framework\\src\\Illuminate\\Pipeline\\Pipeline.php(119): Illuminate\\Pipeline\\Pipeline->Illuminate\\Pipeline\\{closure}(Object(Illuminate\\Http\\Request))
#26 C:\\Users\\luism\\OneDrive\\Documents\\Proyectos\\WMS-ARCOSA-NEW\\vendor\\laravel\\framework\\src\\Illuminate\\Foundation\\Http\\Kernel.php(175): Illuminate\\Pipeline\\Pipeline->then(Object(Closure))
#27 C:\\Users\\luism\\OneDrive\\Documents\\Proyectos\\WMS-ARCOSA-NEW\\vendor\\laravel\\framework\\src\\Illuminate\\Foundation\\Http\\Kernel.php(144): Illuminate\\Foundation\\Http\\Kernel->sendRequestThroughRouter(Object(Illuminate\\Http\\Request))
#28 C:\\Users\\luism\\OneDrive\\Documents\\Proyectos\\WMS-ARCOSA-NEW\\vendor\\laravel\\framework\\src\\Illuminate\\Foundation\\Application.php(1183): Illuminate\\Foundation\\Http\\Kernel->handle(Object(Illuminate\\Http\\Request))
#29 C:\\Users\\luism\\OneDrive\\Documents\\Proyectos\\WMS-ARCOSA-NEW\\public\\index.php(17): Illuminate\\Foundation\\Application->handleRequest(Object(Illuminate\\Http\\Request))
#30 C:\\Users\\luism\\OneDrive\\Documents\\Proyectos\\WMS-ARCOSA-NEW\\vendor\\laravel\\framework\\src\\Illuminate\\Foundation\\resources\\server.php(16): require_once('C:\\\\Users\\\\luism\\\\...')
#31 {main}
"} 
[2024-07-22 17:33:36] local.ERROR: SQLSTATE[23000]: Integrity constraint violation: 1048 Column 'multi_planta' cannot be null (Connection: mariadb, SQL: insert into `users` (`nombre`, `correo`, `id_planta`, `multi_planta`, `id_rol`, `password`, `updated_at`, `created_at`) values (demo, dfemo@frfr.com, 3, ?, 2, $2y$12$UXyGluDB9HhJ4qC9AJoKmOhriYvDRkblb/gQFHgGqwuC8p8CQdYWy, 2024-07-22 17:33:36, 2024-07-22 17:33:36)) {"userId":1,"exception":"[object] (Illuminate\\Database\\QueryException(code: 23000): SQLSTATE[23000]: Integrity constraint violation: 1048 Column 'multi_planta' cannot be null (Connection: mariadb, SQL: insert into `users` (`nombre`, `correo`, `id_planta`, `multi_planta`, `id_rol`, `password`, `updated_at`, `created_at`) values (demo, dfemo@frfr.com, 3, ?, 2, $2y$12$UXyGluDB9HhJ4qC9AJoKmOhriYvDRkblb/gQFHgGqwuC8p8CQdYWy, 2024-07-22 17:33:36, 2024-07-22 17:33:36)) at C:\\Users\\luism\\OneDrive\\Documents\\Proyectos\\WMS-ARCOSA-NEW\\vendor\\laravel\\framework\\src\\Illuminate\\Database\\Connection.php:813)
[stacktrace]
#0 C:\\Users\\luism\\OneDrive\\Documents\\Proyectos\\WMS-ARCOSA-NEW\\vendor\\laravel\\framework\\src\\Illuminate\\Database\\Connection.php(767): Illuminate\\Database\\Connection->runQueryCallback('insert into `us...', Array, Object(Closure))
#1 C:\\Users\\luism\\OneDrive\\Documents\\Proyectos\\WMS-ARCOSA-NEW\\vendor\\laravel\\framework\\src\\Illuminate\\Database\\Connection.php(560): Illuminate\\Database\\Connection->run('insert into `us...', Array, Object(Closure))
#2 C:\\Users\\luism\\OneDrive\\Documents\\Proyectos\\WMS-ARCOSA-NEW\\vendor\\laravel\\framework\\src\\Illuminate\\Database\\Connection.php(524): Illuminate\\Database\\Connection->statement('insert into `us...', Array)
#3 C:\\Users\\luism\\OneDrive\\Documents\\Proyectos\\WMS-ARCOSA-NEW\\vendor\\laravel\\framework\\src\\Illuminate\\Database\\Query\\Processors\\Processor.php(32): Illuminate\\Database\\Connection->insert('insert into `us...', Array)
#4 C:\\Users\\luism\\OneDrive\\Documents\\Proyectos\\WMS-ARCOSA-NEW\\vendor\\laravel\\framework\\src\\Illuminate\\Database\\Query\\Builder.php(3659): Illuminate\\Database\\Query\\Processors\\Processor->processInsertGetId(Object(Illuminate\\Database\\Query\\Builder), 'insert into `us...', Array, 'id')
#5 C:\\Users\\luism\\OneDrive\\Documents\\Proyectos\\WMS-ARCOSA-NEW\\vendor\\laravel\\framework\\src\\Illuminate\\Database\\Eloquent\\Builder.php(2025): Illuminate\\Database\\Query\\Builder->insertGetId(Array, 'id')
#6 C:\\Users\\luism\\OneDrive\\Documents\\Proyectos\\WMS-ARCOSA-NEW\\vendor\\laravel\\framework\\src\\Illuminate\\Database\\Eloquent\\Model.php(1338): Illuminate\\Database\\Eloquent\\Builder->__call('insertGetId', Array)
#7 C:\\Users\\luism\\OneDrive\\Documents\\Proyectos\\WMS-ARCOSA-NEW\\vendor\\laravel\\framework\\src\\Illuminate\\Database\\Eloquent\\Model.php(1303): Illuminate\\Database\\Eloquent\\Model->insertAndSetId(Object(Illuminate\\Database\\Eloquent\\Builder), Array)
#8 C:\\Users\\luism\\OneDrive\\Documents\\Proyectos\\WMS-ARCOSA-NEW\\vendor\\laravel\\framework\\src\\Illuminate\\Database\\Eloquent\\Model.php(1142): Illuminate\\Database\\Eloquent\\Model->performInsert(Object(Illuminate\\Database\\Eloquent\\Builder))
#9 C:\\Users\\luism\\OneDrive\\Documents\\Proyectos\\WMS-ARCOSA-NEW\\vendor\\laravel\\framework\\src\\Illuminate\\Database\\Eloquent\\Builder.php(1068): Illuminate\\Database\\Eloquent\\Model->save()
#10 C:\\Users\\luism\\OneDrive\\Documents\\Proyectos\\WMS-ARCOSA-NEW\\vendor\\laravel\\framework\\src\\Illuminate\\Support\\helpers.php(363): Illuminate\\Database\\Eloquent\\Builder->Illuminate\\Database\\Eloquent\\{closure}(Object(App\\Models\\User))
#11 C:\\Users\\luism\\OneDrive\\Documents\\Proyectos\\WMS-ARCOSA-NEW\\vendor\\laravel\\framework\\src\\Illuminate\\Database\\Eloquent\\Builder.php(1067): tap(Object(App\\Models\\User), Object(Closure))
#12 C:\\Users\\luism\\OneDrive\\Documents\\Proyectos\\WMS-ARCOSA-NEW\\vendor\\laravel\\framework\\src\\Illuminate\\Support\\Traits\\ForwardsCalls.php(23): Illuminate\\Database\\Eloquent\\Builder->create(Array)
#13 C:\\Users\\luism\\OneDrive\\Documents\\Proyectos\\WMS-ARCOSA-NEW\\vendor\\laravel\\framework\\src\\Illuminate\\Database\\Eloquent\\Model.php(2340): Illuminate\\Database\\Eloquent\\Model->forwardCallTo(Object(Illuminate\\Database\\Eloquent\\Builder), 'create', Array)
#14 C:\\Users\\luism\\OneDrive\\Documents\\Proyectos\\WMS-ARCOSA-NEW\\vendor\\laravel\\framework\\src\\Illuminate\\Database\\Eloquent\\Model.php(2352): Illuminate\\Database\\Eloquent\\Model->__call('create', Array)
#15 C:\\Users\\luism\\OneDrive\\Documents\\Proyectos\\WMS-ARCOSA-NEW\\app\\Http\\Controllers\\Administracion\\UsuarioController.php(46): Illuminate\\Database\\Eloquent\\Model::__callStatic('create', Array)
#16 C:\\Users\\luism\\OneDrive\\Documents\\Proyectos\\WMS-ARCOSA-NEW\\vendor\\laravel\\framework\\src\\Illuminate\\Routing\\ControllerDispatcher.php(46): App\\Http\\Controllers\\Administracion\\UsuarioController->crearUsuario(Object(Illuminate\\Http\\Request))
#17 C:\\Users\\luism\\OneDrive\\Documents\\Proyectos\\WMS-ARCOSA-NEW\\vendor\\laravel\\framework\\src\\Illuminate\\Routing\\Route.php(260): Illuminate\\Routing\\ControllerDispatcher->dispatch(Object(Illuminate\\Routing\\Route), Object(App\\Http\\Controllers\\Administracion\\UsuarioController), 'crearUsuario')
#18 C:\\Users\\luism\\OneDrive\\Documents\\Proyectos\\WMS-ARCOSA-NEW\\vendor\\laravel\\framework\\src\\Illuminate\\Routing\\Route.php(206): Illuminate\\Routing\\Route->runController()
#19 C:\\Users\\luism\\OneDrive\\Documents\\Proyectos\\WMS-ARCOSA-NEW\\vendor\\laravel\\framework\\src\\Illuminate\\Routing\\Router.php(806): Illuminate\\Routing\\Route->run()
#20 C:\\Users\\luism\\OneDrive\\Documents\\Proyectos\\WMS-ARCOSA-NEW\\vendor\\laravel\\framework\\src\\Illuminate\\Pipeline\\Pipeline.php(144): Illuminate\\Routing\\Router->Illuminate\\Routing\\{closure}(Object(Illuminate\\Http\\Request))
#21 C:\\Users\\luism\\OneDrive\\Documents\\Proyectos\\WMS-ARCOSA-NEW\\vendor\\laravel\\framework\\src\\Illuminate\\Routing\\Middleware\\SubstituteBindings.php(50): Illuminate\\Pipeline\\Pipeline->Illuminate\\Pipeline\\{closure}(Object(Illuminate\\Http\\Request))
#22 C:\\Users\\luism\\OneDrive\\Documents\\Proyectos\\WMS-ARCOSA-NEW\\vendor\\laravel\\framework\\src\\Illuminate\\Pipeline\\Pipeline.php(183): Illuminate\\Routing\\Middleware\\SubstituteBindings->handle(Object(Illuminate\\Http\\Request), Object(Closure))
#23 C:\\Users\\luism\\OneDrive\\Documents\\Proyectos\\WMS-ARCOSA-NEW\\vendor\\laravel\\framework\\src\\Illuminate\\Auth\\Middleware\\Authenticate.php(64): Illuminate\\Pipeline\\Pipeline->Illuminate\\Pipeline\\{closure}(Object(Illuminate\\Http\\Request))
#24 C:\\Users\\luism\\OneDrive\\Documents\\Proyectos\\WMS-ARCOSA-NEW\\vendor\\laravel\\framework\\src\\Illuminate\\Pipeline\\Pipeline.php(183): Illuminate\\Auth\\Middleware\\Authenticate->handle(Object(Illuminate\\Http\\Request), Object(Closure), 'sanctum')
#25 C:\\Users\\luism\\OneDrive\\Documents\\Proyectos\\WMS-ARCOSA-NEW\\vendor\\laravel\\framework\\src\\Illuminate\\Pipeline\\Pipeline.php(119): Illuminate\\Pipeline\\Pipeline->Illuminate\\Pipeline\\{closure}(Object(Illuminate\\Http\\Request))
#26 C:\\Users\\luism\\OneDrive\\Documents\\Proyectos\\WMS-ARCOSA-NEW\\vendor\\laravel\\framework\\src\\Illuminate\\Routing\\Router.php(805): Illuminate\\Pipeline\\Pipeline->then(Object(Closure))
#27 C:\\Users\\luism\\OneDrive\\Documents\\Proyectos\\WMS-ARCOSA-NEW\\vendor\\laravel\\framework\\src\\Illuminate\\Routing\\Router.php(784): Illuminate\\Routing\\Router->runRouteWithinStack(Object(Illuminate\\Routing\\Route), Object(Illuminate\\Http\\Request))
#28 C:\\Users\\luism\\OneDrive\\Documents\\Proyectos\\WMS-ARCOSA-NEW\\vendor\\laravel\\framework\\src\\Illuminate\\Routing\\Router.php(748): Illuminate\\Routing\\Router->runRoute(Object(Illuminate\\Http\\Request), Object(Illuminate\\Routing\\Route))
#29 C:\\Users\\luism\\OneDrive\\Documents\\Proyectos\\WMS-ARCOSA-NEW\\vendor\\laravel\\framework\\src\\Illuminate\\Routing\\Router.php(737): Illuminate\\Routing\\Router->dispatchToRoute(Object(Illuminate\\Http\\Request))
#30 C:\\Users\\luism\\OneDrive\\Documents\\Proyectos\\WMS-ARCOSA-NEW\\vendor\\laravel\\framework\\src\\Illuminate\\Foundation\\Http\\Kernel.php(200): Illuminate\\Routing\\Router->dispatch(Object(Illuminate\\Http\\Request))
#31 C:\\Users\\luism\\OneDrive\\Documents\\Proyectos\\WMS-ARCOSA-NEW\\vendor\\laravel\\framework\\src\\Illuminate\\Pipeline\\Pipeline.php(144): Illuminate\\Foundation\\Http\\Kernel->Illuminate\\Foundation\\Http\\{closure}(Object(Illuminate\\Http\\Request))
#32 C:\\Users\\luism\\OneDrive\\Documents\\Proyectos\\WMS-ARCOSA-NEW\\vendor\\laravel\\framework\\src\\Illuminate\\Foundation\\Http\\Middleware\\TransformsRequest.php(21): Illuminate\\Pipeline\\Pipeline->Illuminate\\Pipeline\\{closure}(Object(Illuminate\\Http\\Request))
#33 C:\\Users\\luism\\OneDrive\\Documents\\Proyectos\\WMS-ARCOSA-NEW\\vendor\\laravel\\framework\\src\\Illuminate\\Foundation\\Http\\Middleware\\ConvertEmptyStringsToNull.php(31): Illuminate\\Foundation\\Http\\Middleware\\TransformsRequest->handle(Object(Illuminate\\Http\\Request), Object(Closure))
#34 C:\\Users\\luism\\OneDrive\\Documents\\Proyectos\\WMS-ARCOSA-NEW\\vendor\\laravel\\framework\\src\\Illuminate\\Pipeline\\Pipeline.php(183): Illuminate\\Foundation\\Http\\Middleware\\ConvertEmptyStringsToNull->handle(Object(Illuminate\\Http\\Request), Object(Closure))
#35 C:\\Users\\luism\\OneDrive\\Documents\\Proyectos\\WMS-ARCOSA-NEW\\vendor\\laravel\\framework\\src\\Illuminate\\Foundation\\Http\\Middleware\\TransformsRequest.php(21): Illuminate\\Pipeline\\Pipeline->Illuminate\\Pipeline\\{closure}(Object(Illuminate\\Http\\Request))
#36 C:\\Users\\luism\\OneDrive\\Documents\\Proyectos\\WMS-ARCOSA-NEW\\vendor\\laravel\\framework\\src\\Illuminate\\Foundation\\Http\\Middleware\\TrimStrings.php(51): Illuminate\\Foundation\\Http\\Middleware\\TransformsRequest->handle(Object(Illuminate\\Http\\Request), Object(Closure))
#37 C:\\Users\\luism\\OneDrive\\Documents\\Proyectos\\WMS-ARCOSA-NEW\\vendor\\laravel\\framework\\src\\Illuminate\\Pipeline\\Pipeline.php(183): Illuminate\\Foundation\\Http\\Middleware\\TrimStrings->handle(Object(Illuminate\\Http\\Request), Object(Closure))
#38 C:\\Users\\luism\\OneDrive\\Documents\\Proyectos\\WMS-ARCOSA-NEW\\vendor\\laravel\\framework\\src\\Illuminate\\Http\\Middleware\\ValidatePostSize.php(27): Illuminate\\Pipeline\\Pipeline->Illuminate\\Pipeline\\{closure}(Object(Illuminate\\Http\\Request))
#39 C:\\Users\\luism\\OneDrive\\Documents\\Proyectos\\WMS-ARCOSA-NEW\\vendor\\laravel\\framework\\src\\Illuminate\\Pipeline\\Pipeline.php(183): Illuminate\\Http\\Middleware\\ValidatePostSize->handle(Object(Illuminate\\Http\\Request), Object(Closure))
#40 C:\\Users\\luism\\OneDrive\\Documents\\Proyectos\\WMS-ARCOSA-NEW\\vendor\\laravel\\framework\\src\\Illuminate\\Foundation\\Http\\Middleware\\PreventRequestsDuringMaintenance.php(110): Illuminate\\Pipeline\\Pipeline->Illuminate\\Pipeline\\{closure}(Object(Illuminate\\Http\\Request))
#41 C:\\Users\\luism\\OneDrive\\Documents\\Proyectos\\WMS-ARCOSA-NEW\\vendor\\laravel\\framework\\src\\Illuminate\\Pipeline\\Pipeline.php(183): Illuminate\\Foundation\\Http\\Middleware\\PreventRequestsDuringMaintenance->handle(Object(Illuminate\\Http\\Request), Object(Closure))
#42 C:\\Users\\luism\\OneDrive\\Documents\\Proyectos\\WMS-ARCOSA-NEW\\vendor\\laravel\\framework\\src\\Illuminate\\Http\\Middleware\\HandleCors.php(62): Illuminate\\Pipeline\\Pipeline->Illuminate\\Pipeline\\{closure}(Object(Illuminate\\Http\\Request))
#43 C:\\Users\\luism\\OneDrive\\Documents\\Proyectos\\WMS-ARCOSA-NEW\\vendor\\laravel\\framework\\src\\Illuminate\\Pipeline\\Pipeline.php(183): Illuminate\\Http\\Middleware\\HandleCors->handle(Object(Illuminate\\Http\\Request), Object(Closure))
#44 C:\\Users\\luism\\OneDrive\\Documents\\Proyectos\\WMS-ARCOSA-NEW\\vendor\\laravel\\framework\\src\\Illuminate\\Http\\Middleware\\TrustProxies.php(57): Illuminate\\Pipeline\\Pipeline->Illuminate\\Pipeline\\{closure}(Object(Illuminate\\Http\\Request))
#45 C:\\Users\\luism\\OneDrive\\Documents\\Proyectos\\WMS-ARCOSA-NEW\\vendor\\laravel\\framework\\src\\Illuminate\\Pipeline\\Pipeline.php(183): Illuminate\\Http\\Middleware\\TrustProxies->handle(Object(Illuminate\\Http\\Request), Object(Closure))
#46 C:\\Users\\luism\\OneDrive\\Documents\\Proyectos\\WMS-ARCOSA-NEW\\vendor\\laravel\\framework\\src\\Illuminate\\Pipeline\\Pipeline.php(119): Illuminate\\Pipeline\\Pipeline->Illuminate\\Pipeline\\{closure}(Object(Illuminate\\Http\\Request))
#47 C:\\Users\\luism\\OneDrive\\Documents\\Proyectos\\WMS-ARCOSA-NEW\\vendor\\laravel\\framework\\src\\Illuminate\\Foundation\\Http\\Kernel.php(175): Illuminate\\Pipeline\\Pipeline->then(Object(Closure))
#48 C:\\Users\\luism\\OneDrive\\Documents\\Proyectos\\WMS-ARCOSA-NEW\\vendor\\laravel\\framework\\src\\Illuminate\\Foundation\\Http\\Kernel.php(144): Illuminate\\Foundation\\Http\\Kernel->sendRequestThroughRouter(Object(Illuminate\\Http\\Request))
#49 C:\\Users\\luism\\OneDrive\\Documents\\Proyectos\\WMS-ARCOSA-NEW\\vendor\\laravel\\framework\\src\\Illuminate\\Foundation\\Application.php(1183): Illuminate\\Foundation\\Http\\Kernel->handle(Object(Illuminate\\Http\\Request))
#50 C:\\Users\\luism\\OneDrive\\Documents\\Proyectos\\WMS-ARCOSA-NEW\\public\\index.php(17): Illuminate\\Foundation\\Application->handleRequest(Object(Illuminate\\Http\\Request))
#51 C:\\Users\\luism\\OneDrive\\Documents\\Proyectos\\WMS-ARCOSA-NEW\\vendor\\laravel\\framework\\src\\Illuminate\\Foundation\\resources\\server.php(16): require_once('C:\\\\Users\\\\luism\\\\...')
#52 {main}

[previous exception] [object] (PDOException(code: 23000): SQLSTATE[23000]: Integrity constraint violation: 1048 Column 'multi_planta' cannot be null at C:\\Users\\luism\\OneDrive\\Documents\\Proyectos\\WMS-ARCOSA-NEW\\vendor\\laravel\\framework\\src\\Illuminate\\Database\\Connection.php:571)
[stacktrace]
#0 C:\\Users\\luism\\OneDrive\\Documents\\Proyectos\\WMS-ARCOSA-NEW\\vendor\\laravel\\framework\\src\\Illuminate\\Database\\Connection.php(571): PDOStatement->execute()
#1 C:\\Users\\luism\\OneDrive\\Documents\\Proyectos\\WMS-ARCOSA-NEW\\vendor\\laravel\\framework\\src\\Illuminate\\Database\\Connection.php(800): Illuminate\\Database\\Connection->Illuminate\\Database\\{closure}('insert into `us...', Array)
#2 C:\\Users\\luism\\OneDrive\\Documents\\Proyectos\\WMS-ARCOSA-NEW\\vendor\\laravel\\framework\\src\\Illuminate\\Database\\Connection.php(767): Illuminate\\Database\\Connection->runQueryCallback('insert into `us...', Array, Object(Closure))
#3 C:\\Users\\luism\\OneDrive\\Documents\\Proyectos\\WMS-ARCOSA-NEW\\vendor\\laravel\\framework\\src\\Illuminate\\Database\\Connection.php(560): Illuminate\\Database\\Connection->run('insert into `us...', Array, Object(Closure))
#4 C:\\Users\\luism\\OneDrive\\Documents\\Proyectos\\WMS-ARCOSA-NEW\\vendor\\laravel\\framework\\src\\Illuminate\\Database\\Connection.php(524): Illuminate\\Database\\Connection->statement('insert into `us...', Array)
#5 C:\\Users\\luism\\OneDrive\\Documents\\Proyectos\\WMS-ARCOSA-NEW\\vendor\\laravel\\framework\\src\\Illuminate\\Database\\Query\\Processors\\Processor.php(32): Illuminate\\Database\\Connection->insert('insert into `us...', Array)
#6 C:\\Users\\luism\\OneDrive\\Documents\\Proyectos\\WMS-ARCOSA-NEW\\vendor\\laravel\\framework\\src\\Illuminate\\Database\\Query\\Builder.php(3659): Illuminate\\Database\\Query\\Processors\\Processor->processInsertGetId(Object(Illuminate\\Database\\Query\\Builder), 'insert into `us...', Array, 'id')
#7 C:\\Users\\luism\\OneDrive\\Documents\\Proyectos\\WMS-ARCOSA-NEW\\vendor\\laravel\\framework\\src\\Illuminate\\Database\\Eloquent\\Builder.php(2025): Illuminate\\Database\\Query\\Builder->insertGetId(Array, 'id')
#8 C:\\Users\\luism\\OneDrive\\Documents\\Proyectos\\WMS-ARCOSA-NEW\\vendor\\laravel\\framework\\src\\Illuminate\\Database\\Eloquent\\Model.php(1338): Illuminate\\Database\\Eloquent\\Builder->__call('insertGetId', Array)
#9 C:\\Users\\luism\\OneDrive\\Documents\\Proyectos\\WMS-ARCOSA-NEW\\vendor\\laravel\\framework\\src\\Illuminate\\Database\\Eloquent\\Model.php(1303): Illuminate\\Database\\Eloquent\\Model->insertAndSetId(Object(Illuminate\\Database\\Eloquent\\Builder), Array)
#10 C:\\Users\\luism\\OneDrive\\Documents\\Proyectos\\WMS-ARCOSA-NEW\\vendor\\laravel\\framework\\src\\Illuminate\\Database\\Eloquent\\Model.php(1142): Illuminate\\Database\\Eloquent\\Model->performInsert(Object(Illuminate\\Database\\Eloquent\\Builder))
#11 C:\\Users\\luism\\OneDrive\\Documents\\Proyectos\\WMS-ARCOSA-NEW\\vendor\\laravel\\framework\\src\\Illuminate\\Database\\Eloquent\\Builder.php(1068): Illuminate\\Database\\Eloquent\\Model->save()
#12 C:\\Users\\luism\\OneDrive\\Documents\\Proyectos\\WMS-ARCOSA-NEW\\vendor\\laravel\\framework\\src\\Illuminate\\Support\\helpers.php(363): Illuminate\\Database\\Eloquent\\Builder->Illuminate\\Database\\Eloquent\\{closure}(Object(App\\Models\\User))
#13 C:\\Users\\luism\\OneDrive\\Documents\\Proyectos\\WMS-ARCOSA-NEW\\vendor\\laravel\\framework\\src\\Illuminate\\Database\\Eloquent\\Builder.php(1067): tap(Object(App\\Models\\User), Object(Closure))
#14 C:\\Users\\luism\\OneDrive\\Documents\\Proyectos\\WMS-ARCOSA-NEW\\vendor\\laravel\\framework\\src\\Illuminate\\Support\\Traits\\ForwardsCalls.php(23): Illuminate\\Database\\Eloquent\\Builder->create(Array)
#15 C:\\Users\\luism\\OneDrive\\Documents\\Proyectos\\WMS-ARCOSA-NEW\\vendor\\laravel\\framework\\src\\Illuminate\\Database\\Eloquent\\Model.php(2340): Illuminate\\Database\\Eloquent\\Model->forwardCallTo(Object(Illuminate\\Database\\Eloquent\\Builder), 'create', Array)
#16 C:\\Users\\luism\\OneDrive\\Documents\\Proyectos\\WMS-ARCOSA-NEW\\vendor\\laravel\\framework\\src\\Illuminate\\Database\\Eloquent\\Model.php(2352): Illuminate\\Database\\Eloquent\\Model->__call('create', Array)
#17 C:\\Users\\luism\\OneDrive\\Documents\\Proyectos\\WMS-ARCOSA-NEW\\app\\Http\\Controllers\\Administracion\\UsuarioController.php(46): Illuminate\\Database\\Eloquent\\Model::__callStatic('create', Array)
#18 C:\\Users\\luism\\OneDrive\\Documents\\Proyectos\\WMS-ARCOSA-NEW\\vendor\\laravel\\framework\\src\\Illuminate\\Routing\\ControllerDispatcher.php(46): App\\Http\\Controllers\\Administracion\\UsuarioController->crearUsuario(Object(Illuminate\\Http\\Request))
#19 C:\\Users\\luism\\OneDrive\\Documents\\Proyectos\\WMS-ARCOSA-NEW\\vendor\\laravel\\framework\\src\\Illuminate\\Routing\\Route.php(260): Illuminate\\Routing\\ControllerDispatcher->dispatch(Object(Illuminate\\Routing\\Route), Object(App\\Http\\Controllers\\Administracion\\UsuarioController), 'crearUsuario')
#20 C:\\Users\\luism\\OneDrive\\Documents\\Proyectos\\WMS-ARCOSA-NEW\\vendor\\laravel\\framework\\src\\Illuminate\\Routing\\Route.php(206): Illuminate\\Routing\\Route->runController()
#21 C:\\Users\\luism\\OneDrive\\Documents\\Proyectos\\WMS-ARCOSA-NEW\\vendor\\laravel\\framework\\src\\Illuminate\\Routing\\Router.php(806): Illuminate\\Routing\\Route->run()
#22 C:\\Users\\luism\\OneDrive\\Documents\\Proyectos\\WMS-ARCOSA-NEW\\vendor\\laravel\\framework\\src\\Illuminate\\Pipeline\\Pipeline.php(144): Illuminate\\Routing\\Router->Illuminate\\Routing\\{closure}(Object(Illuminate\\Http\\Request))
#23 C:\\Users\\luism\\OneDrive\\Documents\\Proyectos\\WMS-ARCOSA-NEW\\vendor\\laravel\\framework\\src\\Illuminate\\Routing\\Middleware\\SubstituteBindings.php(50): Illuminate\\Pipeline\\Pipeline->Illuminate\\Pipeline\\{closure}(Object(Illuminate\\Http\\Request))
#24 C:\\Users\\luism\\OneDrive\\Documents\\Proyectos\\WMS-ARCOSA-NEW\\vendor\\laravel\\framework\\src\\Illuminate\\Pipeline\\Pipeline.php(183): Illuminate\\Routing\\Middleware\\SubstituteBindings->handle(Object(Illuminate\\Http\\Request), Object(Closure))
#25 C:\\Users\\luism\\OneDrive\\Documents\\Proyectos\\WMS-ARCOSA-NEW\\vendor\\laravel\\framework\\src\\Illuminate\\Auth\\Middleware\\Authenticate.php(64): Illuminate\\Pipeline\\Pipeline->Illuminate\\Pipeline\\{closure}(Object(Illuminate\\Http\\Request))
#26 C:\\Users\\luism\\OneDrive\\Documents\\Proyectos\\WMS-ARCOSA-NEW\\vendor\\laravel\\framework\\src\\Illuminate\\Pipeline\\Pipeline.php(183): Illuminate\\Auth\\Middleware\\Authenticate->handle(Object(Illuminate\\Http\\Request), Object(Closure), 'sanctum')
#27 C:\\Users\\luism\\OneDrive\\Documents\\Proyectos\\WMS-ARCOSA-NEW\\vendor\\laravel\\framework\\src\\Illuminate\\Pipeline\\Pipeline.php(119): Illuminate\\Pipeline\\Pipeline->Illuminate\\Pipeline\\{closure}(Object(Illuminate\\Http\\Request))
#28 C:\\Users\\luism\\OneDrive\\Documents\\Proyectos\\WMS-ARCOSA-NEW\\vendor\\laravel\\framework\\src\\Illuminate\\Routing\\Router.php(805): Illuminate\\Pipeline\\Pipeline->then(Object(Closure))
#29 C:\\Users\\luism\\OneDrive\\Documents\\Proyectos\\WMS-ARCOSA-NEW\\vendor\\laravel\\framework\\src\\Illuminate\\Routing\\Router.php(784): Illuminate\\Routing\\Router->runRouteWithinStack(Object(Illuminate\\Routing\\Route), Object(Illuminate\\Http\\Request))
#30 C:\\Users\\luism\\OneDrive\\Documents\\Proyectos\\WMS-ARCOSA-NEW\\vendor\\laravel\\framework\\src\\Illuminate\\Routing\\Router.php(748): Illuminate\\Routing\\Router->runRoute(Object(Illuminate\\Http\\Request), Object(Illuminate\\Routing\\Route))
#31 C:\\Users\\luism\\OneDrive\\Documents\\Proyectos\\WMS-ARCOSA-NEW\\vendor\\laravel\\framework\\src\\Illuminate\\Routing\\Router.php(737): Illuminate\\Routing\\Router->dispatchToRoute(Object(Illuminate\\Http\\Request))
#32 C:\\Users\\luism\\OneDrive\\Documents\\Proyectos\\WMS-ARCOSA-NEW\\vendor\\laravel\\framework\\src\\Illuminate\\Foundation\\Http\\Kernel.php(200): Illuminate\\Routing\\Router->dispatch(Object(Illuminate\\Http\\Request))
#33 C:\\Users\\luism\\OneDrive\\Documents\\Proyectos\\WMS-ARCOSA-NEW\\vendor\\laravel\\framework\\src\\Illuminate\\Pipeline\\Pipeline.php(144): Illuminate\\Foundation\\Http\\Kernel->Illuminate\\Foundation\\Http\\{closure}(Object(Illuminate\\Http\\Request))
#34 C:\\Users\\luism\\OneDrive\\Documents\\Proyectos\\WMS-ARCOSA-NEW\\vendor\\laravel\\framework\\src\\Illuminate\\Foundation\\Http\\Middleware\\TransformsRequest.php(21): Illuminate\\Pipeline\\Pipeline->Illuminate\\Pipeline\\{closure}(Object(Illuminate\\Http\\Request))
#35 C:\\Users\\luism\\OneDrive\\Documents\\Proyectos\\WMS-ARCOSA-NEW\\vendor\\laravel\\framework\\src\\Illuminate\\Foundation\\Http\\Middleware\\ConvertEmptyStringsToNull.php(31): Illuminate\\Foundation\\Http\\Middleware\\TransformsRequest->handle(Object(Illuminate\\Http\\Request), Object(Closure))
#36 C:\\Users\\luism\\OneDrive\\Documents\\Proyectos\\WMS-ARCOSA-NEW\\vendor\\laravel\\framework\\src\\Illuminate\\Pipeline\\Pipeline.php(183): Illuminate\\Foundation\\Http\\Middleware\\ConvertEmptyStringsToNull->handle(Object(Illuminate\\Http\\Request), Object(Closure))
#37 C:\\Users\\luism\\OneDrive\\Documents\\Proyectos\\WMS-ARCOSA-NEW\\vendor\\laravel\\framework\\src\\Illuminate\\Foundation\\Http\\Middleware\\TransformsRequest.php(21): Illuminate\\Pipeline\\Pipeline->Illuminate\\Pipeline\\{closure}(Object(Illuminate\\Http\\Request))
#38 C:\\Users\\luism\\OneDrive\\Documents\\Proyectos\\WMS-ARCOSA-NEW\\vendor\\laravel\\framework\\src\\Illuminate\\Foundation\\Http\\Middleware\\TrimStrings.php(51): Illuminate\\Foundation\\Http\\Middleware\\TransformsRequest->handle(Object(Illuminate\\Http\\Request), Object(Closure))
#39 C:\\Users\\luism\\OneDrive\\Documents\\Proyectos\\WMS-ARCOSA-NEW\\vendor\\laravel\\framework\\src\\Illuminate\\Pipeline\\Pipeline.php(183): Illuminate\\Foundation\\Http\\Middleware\\TrimStrings->handle(Object(Illuminate\\Http\\Request), Object(Closure))
#40 C:\\Users\\luism\\OneDrive\\Documents\\Proyectos\\WMS-ARCOSA-NEW\\vendor\\laravel\\framework\\src\\Illuminate\\Http\\Middleware\\ValidatePostSize.php(27): Illuminate\\Pipeline\\Pipeline->Illuminate\\Pipeline\\{closure}(Object(Illuminate\\Http\\Request))
#41 C:\\Users\\luism\\OneDrive\\Documents\\Proyectos\\WMS-ARCOSA-NEW\\vendor\\laravel\\framework\\src\\Illuminate\\Pipeline\\Pipeline.php(183): Illuminate\\Http\\Middleware\\ValidatePostSize->handle(Object(Illuminate\\Http\\Request), Object(Closure))
#42 C:\\Users\\luism\\OneDrive\\Documents\\Proyectos\\WMS-ARCOSA-NEW\\vendor\\laravel\\framework\\src\\Illuminate\\Foundation\\Http\\Middleware\\PreventRequestsDuringMaintenance.php(110): Illuminate\\Pipeline\\Pipeline->Illuminate\\Pipeline\\{closure}(Object(Illuminate\\Http\\Request))
#43 C:\\Users\\luism\\OneDrive\\Documents\\Proyectos\\WMS-ARCOSA-NEW\\vendor\\laravel\\framework\\src\\Illuminate\\Pipeline\\Pipeline.php(183): Illuminate\\Foundation\\Http\\Middleware\\PreventRequestsDuringMaintenance->handle(Object(Illuminate\\Http\\Request), Object(Closure))
#44 C:\\Users\\luism\\OneDrive\\Documents\\Proyectos\\WMS-ARCOSA-NEW\\vendor\\laravel\\framework\\src\\Illuminate\\Http\\Middleware\\HandleCors.php(62): Illuminate\\Pipeline\\Pipeline->Illuminate\\Pipeline\\{closure}(Object(Illuminate\\Http\\Request))
#45 C:\\Users\\luism\\OneDrive\\Documents\\Proyectos\\WMS-ARCOSA-NEW\\vendor\\laravel\\framework\\src\\Illuminate\\Pipeline\\Pipeline.php(183): Illuminate\\Http\\Middleware\\HandleCors->handle(Object(Illuminate\\Http\\Request), Object(Closure))
#46 C:\\Users\\luism\\OneDrive\\Documents\\Proyectos\\WMS-ARCOSA-NEW\\vendor\\laravel\\framework\\src\\Illuminate\\Http\\Middleware\\TrustProxies.php(57): Illuminate\\Pipeline\\Pipeline->Illuminate\\Pipeline\\{closure}(Object(Illuminate\\Http\\Request))
#47 C:\\Users\\luism\\OneDrive\\Documents\\Proyectos\\WMS-ARCOSA-NEW\\vendor\\laravel\\framework\\src\\Illuminate\\Pipeline\\Pipeline.php(183): Illuminate\\Http\\Middleware\\TrustProxies->handle(Object(Illuminate\\Http\\Request), Object(Closure))
#48 C:\\Users\\luism\\OneDrive\\Documents\\Proyectos\\WMS-ARCOSA-NEW\\vendor\\laravel\\framework\\src\\Illuminate\\Pipeline\\Pipeline.php(119): Illuminate\\Pipeline\\Pipeline->Illuminate\\Pipeline\\{closure}(Object(Illuminate\\Http\\Request))
#49 C:\\Users\\luism\\OneDrive\\Documents\\Proyectos\\WMS-ARCOSA-NEW\\vendor\\laravel\\framework\\src\\Illuminate\\Foundation\\Http\\Kernel.php(175): Illuminate\\Pipeline\\Pipeline->then(Object(Closure))
#50 C:\\Users\\luism\\OneDrive\\Documents\\Proyectos\\WMS-ARCOSA-NEW\\vendor\\laravel\\framework\\src\\Illuminate\\Foundation\\Http\\Kernel.php(144): Illuminate\\Foundation\\Http\\Kernel->sendRequestThroughRouter(Object(Illuminate\\Http\\Request))
#51 C:\\Users\\luism\\OneDrive\\Documents\\Proyectos\\WMS-ARCOSA-NEW\\vendor\\laravel\\framework\\src\\Illuminate\\Foundation\\Application.php(1183): Illuminate\\Foundation\\Http\\Kernel->handle(Object(Illuminate\\Http\\Request))
#52 C:\\Users\\luism\\OneDrive\\Documents\\Proyectos\\WMS-ARCOSA-NEW\\public\\index.php(17): Illuminate\\Foundation\\Application->handleRequest(Object(Illuminate\\Http\\Request))
#53 C:\\Users\\luism\\OneDrive\\Documents\\Proyectos\\WMS-ARCOSA-NEW\\vendor\\laravel\\framework\\src\\Illuminate\\Foundation\\resources\\server.php(16): require_once('C:\\\\Users\\\\luism\\\\...')
#54 {main}
"} 
[2024-07-24 22:25:53] local.ERROR: syntax error, unexpected token "<<" {"exception":"[object] (ParseError(code: 0): syntax error, unexpected token \"<<\" at C:\\Users\\luism\\OneDrive\\Documents\\Proyectos\\WMS-ARCOSA-NEW\\routes\\api.php:52)
[stacktrace]
#0 C:\\Users\\luism\\OneDrive\\Documents\\Proyectos\\WMS-ARCOSA-NEW\\vendor\\laravel\\framework\\src\\Illuminate\\Routing\\Router.php(511): Illuminate\\Routing\\RouteFileRegistrar->register('C:\\\\Users\\\\luism\\\\...')
#1 C:\\Users\\luism\\OneDrive\\Documents\\Proyectos\\WMS-ARCOSA-NEW\\vendor\\laravel\\framework\\src\\Illuminate\\Routing\\Router.php(465): Illuminate\\Routing\\Router->loadRoutes('C:\\\\Users\\\\luism\\\\...')
#2 C:\\Users\\luism\\OneDrive\\Documents\\Proyectos\\WMS-ARCOSA-NEW\\vendor\\laravel\\framework\\src\\Illuminate\\Routing\\RouteRegistrar.php(194): Illuminate\\Routing\\Router->group(Array, 'C:\\\\Users\\\\luism\\\\...')
#3 C:\\Users\\luism\\OneDrive\\Documents\\Proyectos\\WMS-ARCOSA-NEW\\vendor\\laravel\\framework\\src\\Illuminate\\Foundation\\Configuration\\ApplicationBuilder.php(201): Illuminate\\Routing\\RouteRegistrar->group('C:\\\\Users\\\\luism\\\\...')
#4 C:\\Users\\luism\\OneDrive\\Documents\\Proyectos\\WMS-ARCOSA-NEW\\vendor\\laravel\\framework\\src\\Illuminate\\Container\\BoundMethod.php(36): Illuminate\\Foundation\\Configuration\\ApplicationBuilder->Illuminate\\Foundation\\Configuration\\{closure}()
#5 C:\\Users\\luism\\OneDrive\\Documents\\Proyectos\\WMS-ARCOSA-NEW\\vendor\\laravel\\framework\\src\\Illuminate\\Container\\Util.php(41): Illuminate\\Container\\BoundMethod::Illuminate\\Container\\{closure}()
#6 C:\\Users\\luism\\OneDrive\\Documents\\Proyectos\\WMS-ARCOSA-NEW\\vendor\\laravel\\framework\\src\\Illuminate\\Container\\BoundMethod.php(81): Illuminate\\Container\\Util::unwrapIfClosure(Object(Closure))
#7 C:\\Users\\luism\\OneDrive\\Documents\\Proyectos\\WMS-ARCOSA-NEW\\vendor\\laravel\\framework\\src\\Illuminate\\Container\\BoundMethod.php(35): Illuminate\\Container\\BoundMethod::callBoundMethod(Object(Illuminate\\Foundation\\Application), Object(Closure), Object(Closure))
#8 C:\\Users\\luism\\OneDrive\\Documents\\Proyectos\\WMS-ARCOSA-NEW\\vendor\\laravel\\framework\\src\\Illuminate\\Container\\Container.php(662): Illuminate\\Container\\BoundMethod::call(Object(Illuminate\\Foundation\\Application), Object(Closure), Array, NULL)
#9 C:\\Users\\luism\\OneDrive\\Documents\\Proyectos\\WMS-ARCOSA-NEW\\vendor\\laravel\\framework\\src\\Illuminate\\Foundation\\Support\\Providers\\RouteServiceProvider.php(162): Illuminate\\Container\\Container->call(Object(Closure))
#10 C:\\Users\\luism\\OneDrive\\Documents\\Proyectos\\WMS-ARCOSA-NEW\\vendor\\laravel\\framework\\src\\Illuminate\\Foundation\\Support\\Providers\\RouteServiceProvider.php(59): Illuminate\\Foundation\\Support\\Providers\\RouteServiceProvider->loadRoutes()
#11 C:\\Users\\luism\\OneDrive\\Documents\\Proyectos\\WMS-ARCOSA-NEW\\vendor\\laravel\\framework\\src\\Illuminate\\Container\\BoundMethod.php(36): Illuminate\\Foundation\\Support\\Providers\\RouteServiceProvider->Illuminate\\Foundation\\Support\\Providers\\{closure}()
#12 C:\\Users\\luism\\OneDrive\\Documents\\Proyectos\\WMS-ARCOSA-NEW\\vendor\\laravel\\framework\\src\\Illuminate\\Container\\Util.php(41): Illuminate\\Container\\BoundMethod::Illuminate\\Container\\{closure}()
#13 C:\\Users\\luism\\OneDrive\\Documents\\Proyectos\\WMS-ARCOSA-NEW\\vendor\\laravel\\framework\\src\\Illuminate\\Container\\BoundMethod.php(81): Illuminate\\Container\\Util::unwrapIfClosure(Object(Closure))
#14 C:\\Users\\luism\\OneDrive\\Documents\\Proyectos\\WMS-ARCOSA-NEW\\vendor\\laravel\\framework\\src\\Illuminate\\Container\\BoundMethod.php(35): Illuminate\\Container\\BoundMethod::callBoundMethod(Object(Illuminate\\Foundation\\Application), Object(Closure), Object(Closure))
#15 C:\\Users\\luism\\OneDrive\\Documents\\Proyectos\\WMS-ARCOSA-NEW\\vendor\\laravel\\framework\\src\\Illuminate\\Container\\Container.php(662): Illuminate\\Container\\BoundMethod::call(Object(Illuminate\\Foundation\\Application), Object(Closure), Array, NULL)
#16 C:\\Users\\luism\\OneDrive\\Documents\\Proyectos\\WMS-ARCOSA-NEW\\vendor\\laravel\\framework\\src\\Illuminate\\Support\\ServiceProvider.php(126): Illuminate\\Container\\Container->call(Object(Closure))
#17 C:\\Users\\luism\\OneDrive\\Documents\\Proyectos\\WMS-ARCOSA-NEW\\vendor\\laravel\\framework\\src\\Illuminate\\Foundation\\Application.php(1117): Illuminate\\Support\\ServiceProvider->callBootedCallbacks()
#18 C:\\Users\\luism\\OneDrive\\Documents\\Proyectos\\WMS-ARCOSA-NEW\\vendor\\laravel\\framework\\src\\Illuminate\\Foundation\\Application.php(1095): Illuminate\\Foundation\\Application->bootProvider(Object(Illuminate\\Foundation\\Support\\Providers\\RouteServiceProvider))
#19 [internal function]: Illuminate\\Foundation\\Application->Illuminate\\Foundation\\{closure}(Object(Illuminate\\Foundation\\Support\\Providers\\RouteServiceProvider), 'Illuminate\\\\Foun...')
#20 C:\\Users\\luism\\OneDrive\\Documents\\Proyectos\\WMS-ARCOSA-NEW\\vendor\\laravel\\framework\\src\\Illuminate\\Foundation\\Application.php(1094): array_walk(Array, Object(Closure))
#21 C:\\Users\\luism\\OneDrive\\Documents\\Proyectos\\WMS-ARCOSA-NEW\\vendor\\laravel\\framework\\src\\Illuminate\\Foundation\\Bootstrap\\BootProviders.php(17): Illuminate\\Foundation\\Application->boot()
#22 C:\\Users\\luism\\OneDrive\\Documents\\Proyectos\\WMS-ARCOSA-NEW\\vendor\\laravel\\framework\\src\\Illuminate\\Foundation\\Application.php(316): Illuminate\\Foundation\\Bootstrap\\BootProviders->bootstrap(Object(Illuminate\\Foundation\\Application))
#23 C:\\Users\\luism\\OneDrive\\Documents\\Proyectos\\WMS-ARCOSA-NEW\\vendor\\laravel\\framework\\src\\Illuminate\\Foundation\\Http\\Kernel.php(186): Illuminate\\Foundation\\Application->bootstrapWith(Array)
#24 C:\\Users\\luism\\OneDrive\\Documents\\Proyectos\\WMS-ARCOSA-NEW\\vendor\\laravel\\framework\\src\\Illuminate\\Foundation\\Http\\Kernel.php(170): Illuminate\\Foundation\\Http\\Kernel->bootstrap()
#25 C:\\Users\\luism\\OneDrive\\Documents\\Proyectos\\WMS-ARCOSA-NEW\\vendor\\laravel\\framework\\src\\Illuminate\\Foundation\\Http\\Kernel.php(144): Illuminate\\Foundation\\Http\\Kernel->sendRequestThroughRouter(Object(Illuminate\\Http\\Request))
#26 C:\\Users\\luism\\OneDrive\\Documents\\Proyectos\\WMS-ARCOSA-NEW\\vendor\\laravel\\framework\\src\\Illuminate\\Foundation\\Application.php(1183): Illuminate\\Foundation\\Http\\Kernel->handle(Object(Illuminate\\Http\\Request))
#27 C:\\Users\\luism\\OneDrive\\Documents\\Proyectos\\WMS-ARCOSA-NEW\\public\\index.php(17): Illuminate\\Foundation\\Application->handleRequest(Object(Illuminate\\Http\\Request))
#28 C:\\Users\\luism\\OneDrive\\Documents\\Proyectos\\WMS-ARCOSA-NEW\\vendor\\laravel\\framework\\src\\Illuminate\\Foundation\\resources\\server.php(16): require_once('C:\\\\Users\\\\luism\\\\...')
#29 {main}
"} 
[2024-07-24 22:46:00] local.ERROR: App\Models\User::ids_plantas must return a relationship instance. {"userId":1,"exception":"[object] (LogicException(code: 0): App\\Models\\User::ids_plantas must return a relationship instance. at C:\\Users\\luism\\OneDrive\\Documents\\Proyectos\\WMS-ARCOSA-NEW\\vendor\\laravel\\framework\\src\\Illuminate\\Database\\Eloquent\\Concerns\\HasAttributes.php:614)
[stacktrace]
#0 C:\\Users\\luism\\OneDrive\\Documents\\Proyectos\\WMS-ARCOSA-NEW\\vendor\\laravel\\framework\\src\\Illuminate\\Database\\Eloquent\\Concerns\\HasAttributes.php(557): Illuminate\\Database\\Eloquent\\Model->getRelationshipFromMethod('ids_plantas')
#1 C:\\Users\\luism\\OneDrive\\Documents\\Proyectos\\WMS-ARCOSA-NEW\\vendor\\laravel\\framework\\src\\Illuminate\\Database\\Eloquent\\Concerns\\HasAttributes.php(482): Illuminate\\Database\\Eloquent\\Model->getRelationValue('ids_plantas')
#2 C:\\Users\\luism\\OneDrive\\Documents\\Proyectos\\WMS-ARCOSA-NEW\\vendor\\laravel\\framework\\src\\Illuminate\\Database\\Eloquent\\Model.php(2232): Illuminate\\Database\\Eloquent\\Model->getAttribute('ids_plantas')
#3 C:\\Users\\luism\\OneDrive\\Documents\\Proyectos\\WMS-ARCOSA-NEW\\app\\Http\\Controllers\\Administracion\\CatalogoCamaraController.php(72): Illuminate\\Database\\Eloquent\\Model->__get('ids_plantas')
#4 C:\\Users\\luism\\OneDrive\\Documents\\Proyectos\\WMS-ARCOSA-NEW\\vendor\\laravel\\framework\\src\\Illuminate\\Routing\\ControllerDispatcher.php(46): App\\Http\\Controllers\\Administracion\\CatalogoCamaraController->getCamarasByPlanta()
#5 C:\\Users\\luism\\OneDrive\\Documents\\Proyectos\\WMS-ARCOSA-NEW\\vendor\\laravel\\framework\\src\\Illuminate\\Routing\\Route.php(260): Illuminate\\Routing\\ControllerDispatcher->dispatch(Object(Illuminate\\Routing\\Route), Object(App\\Http\\Controllers\\Administracion\\CatalogoCamaraController), 'getCamarasByPla...')
#6 C:\\Users\\luism\\OneDrive\\Documents\\Proyectos\\WMS-ARCOSA-NEW\\vendor\\laravel\\framework\\src\\Illuminate\\Routing\\Route.php(206): Illuminate\\Routing\\Route->runController()
#7 C:\\Users\\luism\\OneDrive\\Documents\\Proyectos\\WMS-ARCOSA-NEW\\vendor\\laravel\\framework\\src\\Illuminate\\Routing\\Router.php(806): Illuminate\\Routing\\Route->run()
#8 C:\\Users\\luism\\OneDrive\\Documents\\Proyectos\\WMS-ARCOSA-NEW\\vendor\\laravel\\framework\\src\\Illuminate\\Pipeline\\Pipeline.php(144): Illuminate\\Routing\\Router->Illuminate\\Routing\\{closure}(Object(Illuminate\\Http\\Request))
#9 C:\\Users\\luism\\OneDrive\\Documents\\Proyectos\\WMS-ARCOSA-NEW\\vendor\\laravel\\framework\\src\\Illuminate\\Routing\\Middleware\\SubstituteBindings.php(50): Illuminate\\Pipeline\\Pipeline->Illuminate\\Pipeline\\{closure}(Object(Illuminate\\Http\\Request))
#10 C:\\Users\\luism\\OneDrive\\Documents\\Proyectos\\WMS-ARCOSA-NEW\\vendor\\laravel\\framework\\src\\Illuminate\\Pipeline\\Pipeline.php(183): Illuminate\\Routing\\Middleware\\SubstituteBindings->handle(Object(Illuminate\\Http\\Request), Object(Closure))
#11 C:\\Users\\luism\\OneDrive\\Documents\\Proyectos\\WMS-ARCOSA-NEW\\vendor\\laravel\\framework\\src\\Illuminate\\Auth\\Middleware\\Authenticate.php(64): Illuminate\\Pipeline\\Pipeline->Illuminate\\Pipeline\\{closure}(Object(Illuminate\\Http\\Request))
#12 C:\\Users\\luism\\OneDrive\\Documents\\Proyectos\\WMS-ARCOSA-NEW\\vendor\\laravel\\framework\\src\\Illuminate\\Pipeline\\Pipeline.php(183): Illuminate\\Auth\\Middleware\\Authenticate->handle(Object(Illuminate\\Http\\Request), Object(Closure), 'sanctum')
#13 C:\\Users\\luism\\OneDrive\\Documents\\Proyectos\\WMS-ARCOSA-NEW\\vendor\\laravel\\framework\\src\\Illuminate\\Pipeline\\Pipeline.php(119): Illuminate\\Pipeline\\Pipeline->Illuminate\\Pipeline\\{closure}(Object(Illuminate\\Http\\Request))
#14 C:\\Users\\luism\\OneDrive\\Documents\\Proyectos\\WMS-ARCOSA-NEW\\vendor\\laravel\\framework\\src\\Illuminate\\Routing\\Router.php(805): Illuminate\\Pipeline\\Pipeline->then(Object(Closure))
#15 C:\\Users\\luism\\OneDrive\\Documents\\Proyectos\\WMS-ARCOSA-NEW\\vendor\\laravel\\framework\\src\\Illuminate\\Routing\\Router.php(784): Illuminate\\Routing\\Router->runRouteWithinStack(Object(Illuminate\\Routing\\Route), Object(Illuminate\\Http\\Request))
#16 C:\\Users\\luism\\OneDrive\\Documents\\Proyectos\\WMS-ARCOSA-NEW\\vendor\\laravel\\framework\\src\\Illuminate\\Routing\\Router.php(748): Illuminate\\Routing\\Router->runRoute(Object(Illuminate\\Http\\Request), Object(Illuminate\\Routing\\Route))
#17 C:\\Users\\luism\\OneDrive\\Documents\\Proyectos\\WMS-ARCOSA-NEW\\vendor\\laravel\\framework\\src\\Illuminate\\Routing\\Router.php(737): Illuminate\\Routing\\Router->dispatchToRoute(Object(Illuminate\\Http\\Request))
#18 C:\\Users\\luism\\OneDrive\\Documents\\Proyectos\\WMS-ARCOSA-NEW\\vendor\\laravel\\framework\\src\\Illuminate\\Foundation\\Http\\Kernel.php(200): Illuminate\\Routing\\Router->dispatch(Object(Illuminate\\Http\\Request))
#19 C:\\Users\\luism\\OneDrive\\Documents\\Proyectos\\WMS-ARCOSA-NEW\\vendor\\laravel\\framework\\src\\Illuminate\\Pipeline\\Pipeline.php(144): Illuminate\\Foundation\\Http\\Kernel->Illuminate\\Foundation\\Http\\{closure}(Object(Illuminate\\Http\\Request))
#20 C:\\Users\\luism\\OneDrive\\Documents\\Proyectos\\WMS-ARCOSA-NEW\\vendor\\laravel\\framework\\src\\Illuminate\\Foundation\\Http\\Middleware\\TransformsRequest.php(21): Illuminate\\Pipeline\\Pipeline->Illuminate\\Pipeline\\{closure}(Object(Illuminate\\Http\\Request))
#21 C:\\Users\\luism\\OneDrive\\Documents\\Proyectos\\WMS-ARCOSA-NEW\\vendor\\laravel\\framework\\src\\Illuminate\\Foundation\\Http\\Middleware\\ConvertEmptyStringsToNull.php(31): Illuminate\\Foundation\\Http\\Middleware\\TransformsRequest->handle(Object(Illuminate\\Http\\Request), Object(Closure))
#22 C:\\Users\\luism\\OneDrive\\Documents\\Proyectos\\WMS-ARCOSA-NEW\\vendor\\laravel\\framework\\src\\Illuminate\\Pipeline\\Pipeline.php(183): Illuminate\\Foundation\\Http\\Middleware\\ConvertEmptyStringsToNull->handle(Object(Illuminate\\Http\\Request), Object(Closure))
#23 C:\\Users\\luism\\OneDrive\\Documents\\Proyectos\\WMS-ARCOSA-NEW\\vendor\\laravel\\framework\\src\\Illuminate\\Foundation\\Http\\Middleware\\TransformsRequest.php(21): Illuminate\\Pipeline\\Pipeline->Illuminate\\Pipeline\\{closure}(Object(Illuminate\\Http\\Request))
#24 C:\\Users\\luism\\OneDrive\\Documents\\Proyectos\\WMS-ARCOSA-NEW\\vendor\\laravel\\framework\\src\\Illuminate\\Foundation\\Http\\Middleware\\TrimStrings.php(51): Illuminate\\Foundation\\Http\\Middleware\\TransformsRequest->handle(Object(Illuminate\\Http\\Request), Object(Closure))
#25 C:\\Users\\luism\\OneDrive\\Documents\\Proyectos\\WMS-ARCOSA-NEW\\vendor\\laravel\\framework\\src\\Illuminate\\Pipeline\\Pipeline.php(183): Illuminate\\Foundation\\Http\\Middleware\\TrimStrings->handle(Object(Illuminate\\Http\\Request), Object(Closure))
#26 C:\\Users\\luism\\OneDrive\\Documents\\Proyectos\\WMS-ARCOSA-NEW\\vendor\\laravel\\framework\\src\\Illuminate\\Http\\Middleware\\ValidatePostSize.php(27): Illuminate\\Pipeline\\Pipeline->Illuminate\\Pipeline\\{closure}(Object(Illuminate\\Http\\Request))
#27 C:\\Users\\luism\\OneDrive\\Documents\\Proyectos\\WMS-ARCOSA-NEW\\vendor\\laravel\\framework\\src\\Illuminate\\Pipeline\\Pipeline.php(183): Illuminate\\Http\\Middleware\\ValidatePostSize->handle(Object(Illuminate\\Http\\Request), Object(Closure))
#28 C:\\Users\\luism\\OneDrive\\Documents\\Proyectos\\WMS-ARCOSA-NEW\\vendor\\laravel\\framework\\src\\Illuminate\\Foundation\\Http\\Middleware\\PreventRequestsDuringMaintenance.php(110): Illuminate\\Pipeline\\Pipeline->Illuminate\\Pipeline\\{closure}(Object(Illuminate\\Http\\Request))
#29 C:\\Users\\luism\\OneDrive\\Documents\\Proyectos\\WMS-ARCOSA-NEW\\vendor\\laravel\\framework\\src\\Illuminate\\Pipeline\\Pipeline.php(183): Illuminate\\Foundation\\Http\\Middleware\\PreventRequestsDuringMaintenance->handle(Object(Illuminate\\Http\\Request), Object(Closure))
#30 C:\\Users\\luism\\OneDrive\\Documents\\Proyectos\\WMS-ARCOSA-NEW\\vendor\\laravel\\framework\\src\\Illuminate\\Http\\Middleware\\HandleCors.php(62): Illuminate\\Pipeline\\Pipeline->Illuminate\\Pipeline\\{closure}(Object(Illuminate\\Http\\Request))
#31 C:\\Users\\luism\\OneDrive\\Documents\\Proyectos\\WMS-ARCOSA-NEW\\vendor\\laravel\\framework\\src\\Illuminate\\Pipeline\\Pipeline.php(183): Illuminate\\Http\\Middleware\\HandleCors->handle(Object(Illuminate\\Http\\Request), Object(Closure))
#32 C:\\Users\\luism\\OneDrive\\Documents\\Proyectos\\WMS-ARCOSA-NEW\\vendor\\laravel\\framework\\src\\Illuminate\\Http\\Middleware\\TrustProxies.php(57): Illuminate\\Pipeline\\Pipeline->Illuminate\\Pipeline\\{closure}(Object(Illuminate\\Http\\Request))
#33 C:\\Users\\luism\\OneDrive\\Documents\\Proyectos\\WMS-ARCOSA-NEW\\vendor\\laravel\\framework\\src\\Illuminate\\Pipeline\\Pipeline.php(183): Illuminate\\Http\\Middleware\\TrustProxies->handle(Object(Illuminate\\Http\\Request), Object(Closure))
#34 C:\\Users\\luism\\OneDrive\\Documents\\Proyectos\\WMS-ARCOSA-NEW\\vendor\\laravel\\framework\\src\\Illuminate\\Pipeline\\Pipeline.php(119): Illuminate\\Pipeline\\Pipeline->Illuminate\\Pipeline\\{closure}(Object(Illuminate\\Http\\Request))
#35 C:\\Users\\luism\\OneDrive\\Documents\\Proyectos\\WMS-ARCOSA-NEW\\vendor\\laravel\\framework\\src\\Illuminate\\Foundation\\Http\\Kernel.php(175): Illuminate\\Pipeline\\Pipeline->then(Object(Closure))
#36 C:\\Users\\luism\\OneDrive\\Documents\\Proyectos\\WMS-ARCOSA-NEW\\vendor\\laravel\\framework\\src\\Illuminate\\Foundation\\Http\\Kernel.php(144): Illuminate\\Foundation\\Http\\Kernel->sendRequestThroughRouter(Object(Illuminate\\Http\\Request))
#37 C:\\Users\\luism\\OneDrive\\Documents\\Proyectos\\WMS-ARCOSA-NEW\\vendor\\laravel\\framework\\src\\Illuminate\\Foundation\\Application.php(1183): Illuminate\\Foundation\\Http\\Kernel->handle(Object(Illuminate\\Http\\Request))
#38 C:\\Users\\luism\\OneDrive\\Documents\\Proyectos\\WMS-ARCOSA-NEW\\public\\index.php(17): Illuminate\\Foundation\\Application->handleRequest(Object(Illuminate\\Http\\Request))
#39 C:\\Users\\luism\\OneDrive\\Documents\\Proyectos\\WMS-ARCOSA-NEW\\vendor\\laravel\\framework\\src\\Illuminate\\Foundation\\resources\\server.php(16): require_once('C:\\\\Users\\\\luism\\\\...')
#40 {main}
"} 
[2024-07-24 23:32:21] local.ERROR: Vite manifest not found at: C:\Users\luism\OneDrive\Documents\Proyectos\WMS-ARCOSA-NEW\public\build/manifest.json {"view":{"view":"C:\\Users\\luism\\OneDrive\\Documents\\Proyectos\\WMS-ARCOSA-NEW\\resources\\views\\application.blade.php","data":{"errors":"<pre class=sf-dump id=sf-dump-959701593 data-indent-pad=\"  \"><span class=sf-dump-note>Illuminate\\Support\\ViewErrorBag</span> {<a class=sf-dump-ref>#318</a><samp data-depth=1 class=sf-dump-expanded>
  #<span class=sf-dump-protected title=\"Protected property\">bags</span>: []
</samp>}
</pre><script>Sfdump(\"sf-dump-959701593\", {\"maxDepth\":3,\"maxStringLength\":160})</script>
"}},"exception":"[object] (Spatie\\LaravelIgnition\\Exceptions\\ViewException(code: 0): Vite manifest not found at: C:\\Users\\luism\\OneDrive\\Documents\\Proyectos\\WMS-ARCOSA-NEW\\public\\build/manifest.json at C:\\Users\\luism\\OneDrive\\Documents\\Proyectos\\WMS-ARCOSA-NEW\\vendor\\laravel\\framework\\src\\Illuminate\\Foundation\\Vite.php:728)
[stacktrace]
#0 C:\\Users\\luism\\OneDrive\\Documents\\Proyectos\\WMS-ARCOSA-NEW\\vendor\\laravel\\framework\\src\\Illuminate\\Foundation\\Vite.php(293): Illuminate\\Foundation\\Vite->manifest('build')
#1 C:\\Users\\luism\\OneDrive\\Documents\\Proyectos\\WMS-ARCOSA-NEW\\resources\\views\\application.blade.php(10): Illuminate\\Foundation\\Vite->__invoke(Object(Illuminate\\Support\\Collection))
#2 C:\\Users\\luism\\OneDrive\\Documents\\Proyectos\\WMS-ARCOSA-NEW\\vendor\\laravel\\framework\\src\\Illuminate\\Filesystem\\Filesystem.php(123): require('C:\\\\Users\\\\luism\\\\...')
#3 C:\\Users\\luism\\OneDrive\\Documents\\Proyectos\\WMS-ARCOSA-NEW\\vendor\\laravel\\framework\\src\\Illuminate\\Filesystem\\Filesystem.php(124): Illuminate\\Filesystem\\Filesystem::Illuminate\\Filesystem\\{closure}()
#4 C:\\Users\\luism\\OneDrive\\Documents\\Proyectos\\WMS-ARCOSA-NEW\\vendor\\laravel\\framework\\src\\Illuminate\\View\\Engines\\PhpEngine.php(58): Illuminate\\Filesystem\\Filesystem->getRequire('C:\\\\Users\\\\luism\\\\...', Array)
#5 C:\\Users\\luism\\OneDrive\\Documents\\Proyectos\\WMS-ARCOSA-NEW\\vendor\\laravel\\framework\\src\\Illuminate\\View\\Engines\\CompilerEngine.php(73): Illuminate\\View\\Engines\\PhpEngine->evaluatePath('C:\\\\Users\\\\luism\\\\...', Array)
#6 C:\\Users\\luism\\OneDrive\\Documents\\Proyectos\\WMS-ARCOSA-NEW\\vendor\\laravel\\framework\\src\\Illuminate\\View\\View.php(208): Illuminate\\View\\Engines\\CompilerEngine->get('C:\\\\Users\\\\luism\\\\...', Array)
#7 C:\\Users\\luism\\OneDrive\\Documents\\Proyectos\\WMS-ARCOSA-NEW\\vendor\\laravel\\framework\\src\\Illuminate\\View\\View.php(191): Illuminate\\View\\View->getContents()
#8 C:\\Users\\luism\\OneDrive\\Documents\\Proyectos\\WMS-ARCOSA-NEW\\vendor\\laravel\\framework\\src\\Illuminate\\View\\View.php(160): Illuminate\\View\\View->renderContents()
#9 C:\\Users\\luism\\OneDrive\\Documents\\Proyectos\\WMS-ARCOSA-NEW\\vendor\\laravel\\framework\\src\\Illuminate\\Http\\Response.php(70): Illuminate\\View\\View->render()
#10 C:\\Users\\luism\\OneDrive\\Documents\\Proyectos\\WMS-ARCOSA-NEW\\vendor\\laravel\\framework\\src\\Illuminate\\Http\\Response.php(35): Illuminate\\Http\\Response->setContent(Object(Illuminate\\View\\View))
#11 C:\\Users\\luism\\OneDrive\\Documents\\Proyectos\\WMS-ARCOSA-NEW\\vendor\\laravel\\framework\\src\\Illuminate\\Routing\\Router.php(918): Illuminate\\Http\\Response->__construct(Object(Illuminate\\View\\View), 200, Array)
#12 C:\\Users\\luism\\OneDrive\\Documents\\Proyectos\\WMS-ARCOSA-NEW\\vendor\\laravel\\framework\\src\\Illuminate\\Routing\\Router.php(885): Illuminate\\Routing\\Router::toResponse(Object(Illuminate\\Http\\Request), Object(Illuminate\\View\\View))
#13 C:\\Users\\luism\\OneDrive\\Documents\\Proyectos\\WMS-ARCOSA-NEW\\vendor\\laravel\\framework\\src\\Illuminate\\Routing\\Router.php(805): Illuminate\\Routing\\Router->prepareResponse(Object(Illuminate\\Http\\Request), Object(Illuminate\\View\\View))
#14 C:\\Users\\luism\\OneDrive\\Documents\\Proyectos\\WMS-ARCOSA-NEW\\vendor\\laravel\\framework\\src\\Illuminate\\Pipeline\\Pipeline.php(144): Illuminate\\Routing\\Router->Illuminate\\Routing\\{closure}(Object(Illuminate\\Http\\Request))
#15 C:\\Users\\luism\\OneDrive\\Documents\\Proyectos\\WMS-ARCOSA-NEW\\vendor\\laravel\\framework\\src\\Illuminate\\Routing\\Middleware\\SubstituteBindings.php(50): Illuminate\\Pipeline\\Pipeline->Illuminate\\Pipeline\\{closure}(Object(Illuminate\\Http\\Request))
#16 C:\\Users\\luism\\OneDrive\\Documents\\Proyectos\\WMS-ARCOSA-NEW\\vendor\\laravel\\framework\\src\\Illuminate\\Pipeline\\Pipeline.php(183): Illuminate\\Routing\\Middleware\\SubstituteBindings->handle(Object(Illuminate\\Http\\Request), Object(Closure))
#17 C:\\Users\\luism\\OneDrive\\Documents\\Proyectos\\WMS-ARCOSA-NEW\\vendor\\laravel\\framework\\src\\Illuminate\\Foundation\\Http\\Middleware\\VerifyCsrfToken.php(88): Illuminate\\Pipeline\\Pipeline->Illuminate\\Pipeline\\{closure}(Object(Illuminate\\Http\\Request))
#18 C:\\Users\\luism\\OneDrive\\Documents\\Proyectos\\WMS-ARCOSA-NEW\\vendor\\laravel\\framework\\src\\Illuminate\\Pipeline\\Pipeline.php(183): Illuminate\\Foundation\\Http\\Middleware\\VerifyCsrfToken->handle(Object(Illuminate\\Http\\Request), Object(Closure))
#19 C:\\Users\\luism\\OneDrive\\Documents\\Proyectos\\WMS-ARCOSA-NEW\\vendor\\laravel\\framework\\src\\Illuminate\\View\\Middleware\\ShareErrorsFromSession.php(49): Illuminate\\Pipeline\\Pipeline->Illuminate\\Pipeline\\{closure}(Object(Illuminate\\Http\\Request))
#20 C:\\Users\\luism\\OneDrive\\Documents\\Proyectos\\WMS-ARCOSA-NEW\\vendor\\laravel\\framework\\src\\Illuminate\\Pipeline\\Pipeline.php(183): Illuminate\\View\\Middleware\\ShareErrorsFromSession->handle(Object(Illuminate\\Http\\Request), Object(Closure))
#21 C:\\Users\\luism\\OneDrive\\Documents\\Proyectos\\WMS-ARCOSA-NEW\\vendor\\laravel\\framework\\src\\Illuminate\\Session\\Middleware\\StartSession.php(121): Illuminate\\Pipeline\\Pipeline->Illuminate\\Pipeline\\{closure}(Object(Illuminate\\Http\\Request))
#22 C:\\Users\\luism\\OneDrive\\Documents\\Proyectos\\WMS-ARCOSA-NEW\\vendor\\laravel\\framework\\src\\Illuminate\\Session\\Middleware\\StartSession.php(64): Illuminate\\Session\\Middleware\\StartSession->handleStatefulRequest(Object(Illuminate\\Http\\Request), Object(Illuminate\\Session\\Store), Object(Closure))
#23 C:\\Users\\luism\\OneDrive\\Documents\\Proyectos\\WMS-ARCOSA-NEW\\vendor\\laravel\\framework\\src\\Illuminate\\Pipeline\\Pipeline.php(183): Illuminate\\Session\\Middleware\\StartSession->handle(Object(Illuminate\\Http\\Request), Object(Closure))
#24 C:\\Users\\luism\\OneDrive\\Documents\\Proyectos\\WMS-ARCOSA-NEW\\vendor\\laravel\\framework\\src\\Illuminate\\Cookie\\Middleware\\AddQueuedCookiesToResponse.php(37): Illuminate\\Pipeline\\Pipeline->Illuminate\\Pipeline\\{closure}(Object(Illuminate\\Http\\Request))
#25 C:\\Users\\luism\\OneDrive\\Documents\\Proyectos\\WMS-ARCOSA-NEW\\vendor\\laravel\\framework\\src\\Illuminate\\Pipeline\\Pipeline.php(183): Illuminate\\Cookie\\Middleware\\AddQueuedCookiesToResponse->handle(Object(Illuminate\\Http\\Request), Object(Closure))
#26 C:\\Users\\luism\\OneDrive\\Documents\\Proyectos\\WMS-ARCOSA-NEW\\vendor\\laravel\\framework\\src\\Illuminate\\Cookie\\Middleware\\EncryptCookies.php(75): Illuminate\\Pipeline\\Pipeline->Illuminate\\Pipeline\\{closure}(Object(Illuminate\\Http\\Request))
#27 C:\\Users\\luism\\OneDrive\\Documents\\Proyectos\\WMS-ARCOSA-NEW\\vendor\\laravel\\framework\\src\\Illuminate\\Pipeline\\Pipeline.php(183): Illuminate\\Cookie\\Middleware\\EncryptCookies->handle(Object(Illuminate\\Http\\Request), Object(Closure))
#28 C:\\Users\\luism\\OneDrive\\Documents\\Proyectos\\WMS-ARCOSA-NEW\\vendor\\laravel\\framework\\src\\Illuminate\\Pipeline\\Pipeline.php(119): Illuminate\\Pipeline\\Pipeline->Illuminate\\Pipeline\\{closure}(Object(Illuminate\\Http\\Request))
#29 C:\\Users\\luism\\OneDrive\\Documents\\Proyectos\\WMS-ARCOSA-NEW\\vendor\\laravel\\framework\\src\\Illuminate\\Routing\\Router.php(805): Illuminate\\Pipeline\\Pipeline->then(Object(Closure))
#30 C:\\Users\\luism\\OneDrive\\Documents\\Proyectos\\WMS-ARCOSA-NEW\\vendor\\laravel\\framework\\src\\Illuminate\\Routing\\Router.php(784): Illuminate\\Routing\\Router->runRouteWithinStack(Object(Illuminate\\Routing\\Route), Object(Illuminate\\Http\\Request))
#31 C:\\Users\\luism\\OneDrive\\Documents\\Proyectos\\WMS-ARCOSA-NEW\\vendor\\laravel\\framework\\src\\Illuminate\\Routing\\Router.php(748): Illuminate\\Routing\\Router->runRoute(Object(Illuminate\\Http\\Request), Object(Illuminate\\Routing\\Route))
#32 C:\\Users\\luism\\OneDrive\\Documents\\Proyectos\\WMS-ARCOSA-NEW\\vendor\\laravel\\framework\\src\\Illuminate\\Routing\\Router.php(737): Illuminate\\Routing\\Router->dispatchToRoute(Object(Illuminate\\Http\\Request))
#33 C:\\Users\\luism\\OneDrive\\Documents\\Proyectos\\WMS-ARCOSA-NEW\\vendor\\laravel\\framework\\src\\Illuminate\\Foundation\\Http\\Kernel.php(200): Illuminate\\Routing\\Router->dispatch(Object(Illuminate\\Http\\Request))
#34 C:\\Users\\luism\\OneDrive\\Documents\\Proyectos\\WMS-ARCOSA-NEW\\vendor\\laravel\\framework\\src\\Illuminate\\Pipeline\\Pipeline.php(144): Illuminate\\Foundation\\Http\\Kernel->Illuminate\\Foundation\\Http\\{closure}(Object(Illuminate\\Http\\Request))
#35 C:\\Users\\luism\\OneDrive\\Documents\\Proyectos\\WMS-ARCOSA-NEW\\vendor\\laravel\\framework\\src\\Illuminate\\Foundation\\Http\\Middleware\\TransformsRequest.php(21): Illuminate\\Pipeline\\Pipeline->Illuminate\\Pipeline\\{closure}(Object(Illuminate\\Http\\Request))
#36 C:\\Users\\luism\\OneDrive\\Documents\\Proyectos\\WMS-ARCOSA-NEW\\vendor\\laravel\\framework\\src\\Illuminate\\Foundation\\Http\\Middleware\\ConvertEmptyStringsToNull.php(31): Illuminate\\Foundation\\Http\\Middleware\\TransformsRequest->handle(Object(Illuminate\\Http\\Request), Object(Closure))
#37 C:\\Users\\luism\\OneDrive\\Documents\\Proyectos\\WMS-ARCOSA-NEW\\vendor\\laravel\\framework\\src\\Illuminate\\Pipeline\\Pipeline.php(183): Illuminate\\Foundation\\Http\\Middleware\\ConvertEmptyStringsToNull->handle(Object(Illuminate\\Http\\Request), Object(Closure))
#38 C:\\Users\\luism\\OneDrive\\Documents\\Proyectos\\WMS-ARCOSA-NEW\\vendor\\laravel\\framework\\src\\Illuminate\\Foundation\\Http\\Middleware\\TransformsRequest.php(21): Illuminate\\Pipeline\\Pipeline->Illuminate\\Pipeline\\{closure}(Object(Illuminate\\Http\\Request))
#39 C:\\Users\\luism\\OneDrive\\Documents\\Proyectos\\WMS-ARCOSA-NEW\\vendor\\laravel\\framework\\src\\Illuminate\\Foundation\\Http\\Middleware\\TrimStrings.php(51): Illuminate\\Foundation\\Http\\Middleware\\TransformsRequest->handle(Object(Illuminate\\Http\\Request), Object(Closure))
#40 C:\\Users\\luism\\OneDrive\\Documents\\Proyectos\\WMS-ARCOSA-NEW\\vendor\\laravel\\framework\\src\\Illuminate\\Pipeline\\Pipeline.php(183): Illuminate\\Foundation\\Http\\Middleware\\TrimStrings->handle(Object(Illuminate\\Http\\Request), Object(Closure))
#41 C:\\Users\\luism\\OneDrive\\Documents\\Proyectos\\WMS-ARCOSA-NEW\\vendor\\laravel\\framework\\src\\Illuminate\\Http\\Middleware\\ValidatePostSize.php(27): Illuminate\\Pipeline\\Pipeline->Illuminate\\Pipeline\\{closure}(Object(Illuminate\\Http\\Request))
#42 C:\\Users\\luism\\OneDrive\\Documents\\Proyectos\\WMS-ARCOSA-NEW\\vendor\\laravel\\framework\\src\\Illuminate\\Pipeline\\Pipeline.php(183): Illuminate\\Http\\Middleware\\ValidatePostSize->handle(Object(Illuminate\\Http\\Request), Object(Closure))
#43 C:\\Users\\luism\\OneDrive\\Documents\\Proyectos\\WMS-ARCOSA-NEW\\vendor\\laravel\\framework\\src\\Illuminate\\Foundation\\Http\\Middleware\\PreventRequestsDuringMaintenance.php(110): Illuminate\\Pipeline\\Pipeline->Illuminate\\Pipeline\\{closure}(Object(Illuminate\\Http\\Request))
#44 C:\\Users\\luism\\OneDrive\\Documents\\Proyectos\\WMS-ARCOSA-NEW\\vendor\\laravel\\framework\\src\\Illuminate\\Pipeline\\Pipeline.php(183): Illuminate\\Foundation\\Http\\Middleware\\PreventRequestsDuringMaintenance->handle(Object(Illuminate\\Http\\Request), Object(Closure))
#45 C:\\Users\\luism\\OneDrive\\Documents\\Proyectos\\WMS-ARCOSA-NEW\\vendor\\laravel\\framework\\src\\Illuminate\\Http\\Middleware\\HandleCors.php(62): Illuminate\\Pipeline\\Pipeline->Illuminate\\Pipeline\\{closure}(Object(Illuminate\\Http\\Request))
#46 C:\\Users\\luism\\OneDrive\\Documents\\Proyectos\\WMS-ARCOSA-NEW\\vendor\\laravel\\framework\\src\\Illuminate\\Pipeline\\Pipeline.php(183): Illuminate\\Http\\Middleware\\HandleCors->handle(Object(Illuminate\\Http\\Request), Object(Closure))
#47 C:\\Users\\luism\\OneDrive\\Documents\\Proyectos\\WMS-ARCOSA-NEW\\vendor\\laravel\\framework\\src\\Illuminate\\Http\\Middleware\\TrustProxies.php(57): Illuminate\\Pipeline\\Pipeline->Illuminate\\Pipeline\\{closure}(Object(Illuminate\\Http\\Request))
#48 C:\\Users\\luism\\OneDrive\\Documents\\Proyectos\\WMS-ARCOSA-NEW\\vendor\\laravel\\framework\\src\\Illuminate\\Pipeline\\Pipeline.php(183): Illuminate\\Http\\Middleware\\TrustProxies->handle(Object(Illuminate\\Http\\Request), Object(Closure))
#49 C:\\Users\\luism\\OneDrive\\Documents\\Proyectos\\WMS-ARCOSA-NEW\\vendor\\laravel\\framework\\src\\Illuminate\\Pipeline\\Pipeline.php(119): Illuminate\\Pipeline\\Pipeline->Illuminate\\Pipeline\\{closure}(Object(Illuminate\\Http\\Request))
#50 C:\\Users\\luism\\OneDrive\\Documents\\Proyectos\\WMS-ARCOSA-NEW\\vendor\\laravel\\framework\\src\\Illuminate\\Foundation\\Http\\Kernel.php(175): Illuminate\\Pipeline\\Pipeline->then(Object(Closure))
#51 C:\\Users\\luism\\OneDrive\\Documents\\Proyectos\\WMS-ARCOSA-NEW\\vendor\\laravel\\framework\\src\\Illuminate\\Foundation\\Http\\Kernel.php(144): Illuminate\\Foundation\\Http\\Kernel->sendRequestThroughRouter(Object(Illuminate\\Http\\Request))
#52 C:\\Users\\luism\\OneDrive\\Documents\\Proyectos\\WMS-ARCOSA-NEW\\vendor\\laravel\\framework\\src\\Illuminate\\Foundation\\Application.php(1183): Illuminate\\Foundation\\Http\\Kernel->handle(Object(Illuminate\\Http\\Request))
#53 C:\\Users\\luism\\OneDrive\\Documents\\Proyectos\\WMS-ARCOSA-NEW\\public\\index.php(17): Illuminate\\Foundation\\Application->handleRequest(Object(Illuminate\\Http\\Request))
#54 C:\\Users\\luism\\OneDrive\\Documents\\Proyectos\\WMS-ARCOSA-NEW\\vendor\\laravel\\framework\\src\\Illuminate\\Foundation\\resources\\server.php(16): require_once('C:\\\\Users\\\\luism\\\\...')
#55 {main}

[previous exception] [object] (Illuminate\\Foundation\\ViteManifestNotFoundException(code: 0): Vite manifest not found at: C:\\Users\\luism\\OneDrive\\Documents\\Proyectos\\WMS-ARCOSA-NEW\\public\\build/manifest.json at C:\\Users\\luism\\OneDrive\\Documents\\Proyectos\\WMS-ARCOSA-NEW\\vendor\\laravel\\framework\\src\\Illuminate\\Foundation\\Vite.php:728)
[stacktrace]
#0 C:\\Users\\luism\\OneDrive\\Documents\\Proyectos\\WMS-ARCOSA-NEW\\vendor\\laravel\\framework\\src\\Illuminate\\Foundation\\Vite.php(293): Illuminate\\Foundation\\Vite->manifest('build')
#1 C:\\Users\\luism\\OneDrive\\Documents\\Proyectos\\WMS-ARCOSA-NEW\\storage\\framework\\views\\bbc96e7076f5cff04a5ce0e0821c40ea.php(10): Illuminate\\Foundation\\Vite->__invoke(Object(Illuminate\\Support\\Collection))
#2 C:\\Users\\luism\\OneDrive\\Documents\\Proyectos\\WMS-ARCOSA-NEW\\vendor\\laravel\\framework\\src\\Illuminate\\Filesystem\\Filesystem.php(123): require('C:\\\\Users\\\\luism\\\\...')
#3 C:\\Users\\luism\\OneDrive\\Documents\\Proyectos\\WMS-ARCOSA-NEW\\vendor\\laravel\\framework\\src\\Illuminate\\Filesystem\\Filesystem.php(124): Illuminate\\Filesystem\\Filesystem::Illuminate\\Filesystem\\{closure}()
#4 C:\\Users\\luism\\OneDrive\\Documents\\Proyectos\\WMS-ARCOSA-NEW\\vendor\\laravel\\framework\\src\\Illuminate\\View\\Engines\\PhpEngine.php(58): Illuminate\\Filesystem\\Filesystem->getRequire('C:\\\\Users\\\\luism\\\\...', Array)
#5 C:\\Users\\luism\\OneDrive\\Documents\\Proyectos\\WMS-ARCOSA-NEW\\vendor\\laravel\\framework\\src\\Illuminate\\View\\Engines\\CompilerEngine.php(73): Illuminate\\View\\Engines\\PhpEngine->evaluatePath('C:\\\\Users\\\\luism\\\\...', Array)
#6 C:\\Users\\luism\\OneDrive\\Documents\\Proyectos\\WMS-ARCOSA-NEW\\vendor\\laravel\\framework\\src\\Illuminate\\View\\View.php(208): Illuminate\\View\\Engines\\CompilerEngine->get('C:\\\\Users\\\\luism\\\\...', Array)
#7 C:\\Users\\luism\\OneDrive\\Documents\\Proyectos\\WMS-ARCOSA-NEW\\vendor\\laravel\\framework\\src\\Illuminate\\View\\View.php(191): Illuminate\\View\\View->getContents()
#8 C:\\Users\\luism\\OneDrive\\Documents\\Proyectos\\WMS-ARCOSA-NEW\\vendor\\laravel\\framework\\src\\Illuminate\\View\\View.php(160): Illuminate\\View\\View->renderContents()
#9 C:\\Users\\luism\\OneDrive\\Documents\\Proyectos\\WMS-ARCOSA-NEW\\vendor\\laravel\\framework\\src\\Illuminate\\Http\\Response.php(70): Illuminate\\View\\View->render()
#10 C:\\Users\\luism\\OneDrive\\Documents\\Proyectos\\WMS-ARCOSA-NEW\\vendor\\laravel\\framework\\src\\Illuminate\\Http\\Response.php(35): Illuminate\\Http\\Response->setContent(Object(Illuminate\\View\\View))
#11 C:\\Users\\luism\\OneDrive\\Documents\\Proyectos\\WMS-ARCOSA-NEW\\vendor\\laravel\\framework\\src\\Illuminate\\Routing\\Router.php(918): Illuminate\\Http\\Response->__construct(Object(Illuminate\\View\\View), 200, Array)
#12 C:\\Users\\luism\\OneDrive\\Documents\\Proyectos\\WMS-ARCOSA-NEW\\vendor\\laravel\\framework\\src\\Illuminate\\Routing\\Router.php(885): Illuminate\\Routing\\Router::toResponse(Object(Illuminate\\Http\\Request), Object(Illuminate\\View\\View))
#13 C:\\Users\\luism\\OneDrive\\Documents\\Proyectos\\WMS-ARCOSA-NEW\\vendor\\laravel\\framework\\src\\Illuminate\\Routing\\Router.php(805): Illuminate\\Routing\\Router->prepareResponse(Object(Illuminate\\Http\\Request), Object(Illuminate\\View\\View))
#14 C:\\Users\\luism\\OneDrive\\Documents\\Proyectos\\WMS-ARCOSA-NEW\\vendor\\laravel\\framework\\src\\Illuminate\\Pipeline\\Pipeline.php(144): Illuminate\\Routing\\Router->Illuminate\\Routing\\{closure}(Object(Illuminate\\Http\\Request))
#15 C:\\Users\\luism\\OneDrive\\Documents\\Proyectos\\WMS-ARCOSA-NEW\\vendor\\laravel\\framework\\src\\Illuminate\\Routing\\Middleware\\SubstituteBindings.php(50): Illuminate\\Pipeline\\Pipeline->Illuminate\\Pipeline\\{closure}(Object(Illuminate\\Http\\Request))
#16 C:\\Users\\luism\\OneDrive\\Documents\\Proyectos\\WMS-ARCOSA-NEW\\vendor\\laravel\\framework\\src\\Illuminate\\Pipeline\\Pipeline.php(183): Illuminate\\Routing\\Middleware\\SubstituteBindings->handle(Object(Illuminate\\Http\\Request), Object(Closure))
#17 C:\\Users\\luism\\OneDrive\\Documents\\Proyectos\\WMS-ARCOSA-NEW\\vendor\\laravel\\framework\\src\\Illuminate\\Foundation\\Http\\Middleware\\VerifyCsrfToken.php(88): Illuminate\\Pipeline\\Pipeline->Illuminate\\Pipeline\\{closure}(Object(Illuminate\\Http\\Request))
#18 C:\\Users\\luism\\OneDrive\\Documents\\Proyectos\\WMS-ARCOSA-NEW\\vendor\\laravel\\framework\\src\\Illuminate\\Pipeline\\Pipeline.php(183): Illuminate\\Foundation\\Http\\Middleware\\VerifyCsrfToken->handle(Object(Illuminate\\Http\\Request), Object(Closure))
#19 C:\\Users\\luism\\OneDrive\\Documents\\Proyectos\\WMS-ARCOSA-NEW\\vendor\\laravel\\framework\\src\\Illuminate\\View\\Middleware\\ShareErrorsFromSession.php(49): Illuminate\\Pipeline\\Pipeline->Illuminate\\Pipeline\\{closure}(Object(Illuminate\\Http\\Request))
#20 C:\\Users\\luism\\OneDrive\\Documents\\Proyectos\\WMS-ARCOSA-NEW\\vendor\\laravel\\framework\\src\\Illuminate\\Pipeline\\Pipeline.php(183): Illuminate\\View\\Middleware\\ShareErrorsFromSession->handle(Object(Illuminate\\Http\\Request), Object(Closure))
#21 C:\\Users\\luism\\OneDrive\\Documents\\Proyectos\\WMS-ARCOSA-NEW\\vendor\\laravel\\framework\\src\\Illuminate\\Session\\Middleware\\StartSession.php(121): Illuminate\\Pipeline\\Pipeline->Illuminate\\Pipeline\\{closure}(Object(Illuminate\\Http\\Request))
#22 C:\\Users\\luism\\OneDrive\\Documents\\Proyectos\\WMS-ARCOSA-NEW\\vendor\\laravel\\framework\\src\\Illuminate\\Session\\Middleware\\StartSession.php(64): Illuminate\\Session\\Middleware\\StartSession->handleStatefulRequest(Object(Illuminate\\Http\\Request), Object(Illuminate\\Session\\Store), Object(Closure))
#23 C:\\Users\\luism\\OneDrive\\Documents\\Proyectos\\WMS-ARCOSA-NEW\\vendor\\laravel\\framework\\src\\Illuminate\\Pipeline\\Pipeline.php(183): Illuminate\\Session\\Middleware\\StartSession->handle(Object(Illuminate\\Http\\Request), Object(Closure))
#24 C:\\Users\\luism\\OneDrive\\Documents\\Proyectos\\WMS-ARCOSA-NEW\\vendor\\laravel\\framework\\src\\Illuminate\\Cookie\\Middleware\\AddQueuedCookiesToResponse.php(37): Illuminate\\Pipeline\\Pipeline->Illuminate\\Pipeline\\{closure}(Object(Illuminate\\Http\\Request))
#25 C:\\Users\\luism\\OneDrive\\Documents\\Proyectos\\WMS-ARCOSA-NEW\\vendor\\laravel\\framework\\src\\Illuminate\\Pipeline\\Pipeline.php(183): Illuminate\\Cookie\\Middleware\\AddQueuedCookiesToResponse->handle(Object(Illuminate\\Http\\Request), Object(Closure))
#26 C:\\Users\\luism\\OneDrive\\Documents\\Proyectos\\WMS-ARCOSA-NEW\\vendor\\laravel\\framework\\src\\Illuminate\\Cookie\\Middleware\\EncryptCookies.php(75): Illuminate\\Pipeline\\Pipeline->Illuminate\\Pipeline\\{closure}(Object(Illuminate\\Http\\Request))
#27 C:\\Users\\luism\\OneDrive\\Documents\\Proyectos\\WMS-ARCOSA-NEW\\vendor\\laravel\\framework\\src\\Illuminate\\Pipeline\\Pipeline.php(183): Illuminate\\Cookie\\Middleware\\EncryptCookies->handle(Object(Illuminate\\Http\\Request), Object(Closure))
#28 C:\\Users\\luism\\OneDrive\\Documents\\Proyectos\\WMS-ARCOSA-NEW\\vendor\\laravel\\framework\\src\\Illuminate\\Pipeline\\Pipeline.php(119): Illuminate\\Pipeline\\Pipeline->Illuminate\\Pipeline\\{closure}(Object(Illuminate\\Http\\Request))
#29 C:\\Users\\luism\\OneDrive\\Documents\\Proyectos\\WMS-ARCOSA-NEW\\vendor\\laravel\\framework\\src\\Illuminate\\Routing\\Router.php(805): Illuminate\\Pipeline\\Pipeline->then(Object(Closure))
#30 C:\\Users\\luism\\OneDrive\\Documents\\Proyectos\\WMS-ARCOSA-NEW\\vendor\\laravel\\framework\\src\\Illuminate\\Routing\\Router.php(784): Illuminate\\Routing\\Router->runRouteWithinStack(Object(Illuminate\\Routing\\Route), Object(Illuminate\\Http\\Request))
#31 C:\\Users\\luism\\OneDrive\\Documents\\Proyectos\\WMS-ARCOSA-NEW\\vendor\\laravel\\framework\\src\\Illuminate\\Routing\\Router.php(748): Illuminate\\Routing\\Router->runRoute(Object(Illuminate\\Http\\Request), Object(Illuminate\\Routing\\Route))
#32 C:\\Users\\luism\\OneDrive\\Documents\\Proyectos\\WMS-ARCOSA-NEW\\vendor\\laravel\\framework\\src\\Illuminate\\Routing\\Router.php(737): Illuminate\\Routing\\Router->dispatchToRoute(Object(Illuminate\\Http\\Request))
#33 C:\\Users\\luism\\OneDrive\\Documents\\Proyectos\\WMS-ARCOSA-NEW\\vendor\\laravel\\framework\\src\\Illuminate\\Foundation\\Http\\Kernel.php(200): Illuminate\\Routing\\Router->dispatch(Object(Illuminate\\Http\\Request))
#34 C:\\Users\\luism\\OneDrive\\Documents\\Proyectos\\WMS-ARCOSA-NEW\\vendor\\laravel\\framework\\src\\Illuminate\\Pipeline\\Pipeline.php(144): Illuminate\\Foundation\\Http\\Kernel->Illuminate\\Foundation\\Http\\{closure}(Object(Illuminate\\Http\\Request))
#35 C:\\Users\\luism\\OneDrive\\Documents\\Proyectos\\WMS-ARCOSA-NEW\\vendor\\laravel\\framework\\src\\Illuminate\\Foundation\\Http\\Middleware\\TransformsRequest.php(21): Illuminate\\Pipeline\\Pipeline->Illuminate\\Pipeline\\{closure}(Object(Illuminate\\Http\\Request))
#36 C:\\Users\\luism\\OneDrive\\Documents\\Proyectos\\WMS-ARCOSA-NEW\\vendor\\laravel\\framework\\src\\Illuminate\\Foundation\\Http\\Middleware\\ConvertEmptyStringsToNull.php(31): Illuminate\\Foundation\\Http\\Middleware\\TransformsRequest->handle(Object(Illuminate\\Http\\Request), Object(Closure))
#37 C:\\Users\\luism\\OneDrive\\Documents\\Proyectos\\WMS-ARCOSA-NEW\\vendor\\laravel\\framework\\src\\Illuminate\\Pipeline\\Pipeline.php(183): Illuminate\\Foundation\\Http\\Middleware\\ConvertEmptyStringsToNull->handle(Object(Illuminate\\Http\\Request), Object(Closure))
#38 C:\\Users\\luism\\OneDrive\\Documents\\Proyectos\\WMS-ARCOSA-NEW\\vendor\\laravel\\framework\\src\\Illuminate\\Foundation\\Http\\Middleware\\TransformsRequest.php(21): Illuminate\\Pipeline\\Pipeline->Illuminate\\Pipeline\\{closure}(Object(Illuminate\\Http\\Request))
#39 C:\\Users\\luism\\OneDrive\\Documents\\Proyectos\\WMS-ARCOSA-NEW\\vendor\\laravel\\framework\\src\\Illuminate\\Foundation\\Http\\Middleware\\TrimStrings.php(51): Illuminate\\Foundation\\Http\\Middleware\\TransformsRequest->handle(Object(Illuminate\\Http\\Request), Object(Closure))
#40 C:\\Users\\luism\\OneDrive\\Documents\\Proyectos\\WMS-ARCOSA-NEW\\vendor\\laravel\\framework\\src\\Illuminate\\Pipeline\\Pipeline.php(183): Illuminate\\Foundation\\Http\\Middleware\\TrimStrings->handle(Object(Illuminate\\Http\\Request), Object(Closure))
#41 C:\\Users\\luism\\OneDrive\\Documents\\Proyectos\\WMS-ARCOSA-NEW\\vendor\\laravel\\framework\\src\\Illuminate\\Http\\Middleware\\ValidatePostSize.php(27): Illuminate\\Pipeline\\Pipeline->Illuminate\\Pipeline\\{closure}(Object(Illuminate\\Http\\Request))
#42 C:\\Users\\luism\\OneDrive\\Documents\\Proyectos\\WMS-ARCOSA-NEW\\vendor\\laravel\\framework\\src\\Illuminate\\Pipeline\\Pipeline.php(183): Illuminate\\Http\\Middleware\\ValidatePostSize->handle(Object(Illuminate\\Http\\Request), Object(Closure))
#43 C:\\Users\\luism\\OneDrive\\Documents\\Proyectos\\WMS-ARCOSA-NEW\\vendor\\laravel\\framework\\src\\Illuminate\\Foundation\\Http\\Middleware\\PreventRequestsDuringMaintenance.php(110): Illuminate\\Pipeline\\Pipeline->Illuminate\\Pipeline\\{closure}(Object(Illuminate\\Http\\Request))
#44 C:\\Users\\luism\\OneDrive\\Documents\\Proyectos\\WMS-ARCOSA-NEW\\vendor\\laravel\\framework\\src\\Illuminate\\Pipeline\\Pipeline.php(183): Illuminate\\Foundation\\Http\\Middleware\\PreventRequestsDuringMaintenance->handle(Object(Illuminate\\Http\\Request), Object(Closure))
#45 C:\\Users\\luism\\OneDrive\\Documents\\Proyectos\\WMS-ARCOSA-NEW\\vendor\\laravel\\framework\\src\\Illuminate\\Http\\Middleware\\HandleCors.php(62): Illuminate\\Pipeline\\Pipeline->Illuminate\\Pipeline\\{closure}(Object(Illuminate\\Http\\Request))
#46 C:\\Users\\luism\\OneDrive\\Documents\\Proyectos\\WMS-ARCOSA-NEW\\vendor\\laravel\\framework\\src\\Illuminate\\Pipeline\\Pipeline.php(183): Illuminate\\Http\\Middleware\\HandleCors->handle(Object(Illuminate\\Http\\Request), Object(Closure))
#47 C:\\Users\\luism\\OneDrive\\Documents\\Proyectos\\WMS-ARCOSA-NEW\\vendor\\laravel\\framework\\src\\Illuminate\\Http\\Middleware\\TrustProxies.php(57): Illuminate\\Pipeline\\Pipeline->Illuminate\\Pipeline\\{closure}(Object(Illuminate\\Http\\Request))
#48 C:\\Users\\luism\\OneDrive\\Documents\\Proyectos\\WMS-ARCOSA-NEW\\vendor\\laravel\\framework\\src\\Illuminate\\Pipeline\\Pipeline.php(183): Illuminate\\Http\\Middleware\\TrustProxies->handle(Object(Illuminate\\Http\\Request), Object(Closure))
#49 C:\\Users\\luism\\OneDrive\\Documents\\Proyectos\\WMS-ARCOSA-NEW\\vendor\\laravel\\framework\\src\\Illuminate\\Pipeline\\Pipeline.php(119): Illuminate\\Pipeline\\Pipeline->Illuminate\\Pipeline\\{closure}(Object(Illuminate\\Http\\Request))
#50 C:\\Users\\luism\\OneDrive\\Documents\\Proyectos\\WMS-ARCOSA-NEW\\vendor\\laravel\\framework\\src\\Illuminate\\Foundation\\Http\\Kernel.php(175): Illuminate\\Pipeline\\Pipeline->then(Object(Closure))
#51 C:\\Users\\luism\\OneDrive\\Documents\\Proyectos\\WMS-ARCOSA-NEW\\vendor\\laravel\\framework\\src\\Illuminate\\Foundation\\Http\\Kernel.php(144): Illuminate\\Foundation\\Http\\Kernel->sendRequestThroughRouter(Object(Illuminate\\Http\\Request))
#52 C:\\Users\\luism\\OneDrive\\Documents\\Proyectos\\WMS-ARCOSA-NEW\\vendor\\laravel\\framework\\src\\Illuminate\\Foundation\\Application.php(1183): Illuminate\\Foundation\\Http\\Kernel->handle(Object(Illuminate\\Http\\Request))
#53 C:\\Users\\luism\\OneDrive\\Documents\\Proyectos\\WMS-ARCOSA-NEW\\public\\index.php(17): Illuminate\\Foundation\\Application->handleRequest(Object(Illuminate\\Http\\Request))
#54 C:\\Users\\luism\\OneDrive\\Documents\\Proyectos\\WMS-ARCOSA-NEW\\vendor\\laravel\\framework\\src\\Illuminate\\Foundation\\resources\\server.php(16): require_once('C:\\\\Users\\\\luism\\\\...')
#55 {main}
"} 
[2024-07-24 23:32:28] local.ERROR: Vite manifest not found at: C:\Users\luism\OneDrive\Documents\Proyectos\WMS-ARCOSA-NEW\public\build/manifest.json {"view":{"view":"C:\\Users\\luism\\OneDrive\\Documents\\Proyectos\\WMS-ARCOSA-NEW\\resources\\views\\application.blade.php","data":{"errors":"<pre class=sf-dump id=sf-dump-1098753833 data-indent-pad=\"  \"><span class=sf-dump-note>Illuminate\\Support\\ViewErrorBag</span> {<a class=sf-dump-ref>#318</a><samp data-depth=1 class=sf-dump-expanded>
  #<span class=sf-dump-protected title=\"Protected property\">bags</span>: []
</samp>}
</pre><script>Sfdump(\"sf-dump-1098753833\", {\"maxDepth\":3,\"maxStringLength\":160})</script>
"}},"exception":"[object] (Spatie\\LaravelIgnition\\Exceptions\\ViewException(code: 0): Vite manifest not found at: C:\\Users\\luism\\OneDrive\\Documents\\Proyectos\\WMS-ARCOSA-NEW\\public\\build/manifest.json at C:\\Users\\luism\\OneDrive\\Documents\\Proyectos\\WMS-ARCOSA-NEW\\vendor\\laravel\\framework\\src\\Illuminate\\Foundation\\Vite.php:728)
[stacktrace]
#0 C:\\Users\\luism\\OneDrive\\Documents\\Proyectos\\WMS-ARCOSA-NEW\\vendor\\laravel\\framework\\src\\Illuminate\\Foundation\\Vite.php(293): Illuminate\\Foundation\\Vite->manifest('build')
#1 C:\\Users\\luism\\OneDrive\\Documents\\Proyectos\\WMS-ARCOSA-NEW\\resources\\views\\application.blade.php(10): Illuminate\\Foundation\\Vite->__invoke(Object(Illuminate\\Support\\Collection))
#2 C:\\Users\\luism\\OneDrive\\Documents\\Proyectos\\WMS-ARCOSA-NEW\\vendor\\laravel\\framework\\src\\Illuminate\\Filesystem\\Filesystem.php(123): require('C:\\\\Users\\\\luism\\\\...')
#3 C:\\Users\\luism\\OneDrive\\Documents\\Proyectos\\WMS-ARCOSA-NEW\\vendor\\laravel\\framework\\src\\Illuminate\\Filesystem\\Filesystem.php(124): Illuminate\\Filesystem\\Filesystem::Illuminate\\Filesystem\\{closure}()
#4 C:\\Users\\luism\\OneDrive\\Documents\\Proyectos\\WMS-ARCOSA-NEW\\vendor\\laravel\\framework\\src\\Illuminate\\View\\Engines\\PhpEngine.php(58): Illuminate\\Filesystem\\Filesystem->getRequire('C:\\\\Users\\\\luism\\\\...', Array)
#5 C:\\Users\\luism\\OneDrive\\Documents\\Proyectos\\WMS-ARCOSA-NEW\\vendor\\laravel\\framework\\src\\Illuminate\\View\\Engines\\CompilerEngine.php(73): Illuminate\\View\\Engines\\PhpEngine->evaluatePath('C:\\\\Users\\\\luism\\\\...', Array)
#6 C:\\Users\\luism\\OneDrive\\Documents\\Proyectos\\WMS-ARCOSA-NEW\\vendor\\laravel\\framework\\src\\Illuminate\\View\\View.php(208): Illuminate\\View\\Engines\\CompilerEngine->get('C:\\\\Users\\\\luism\\\\...', Array)
#7 C:\\Users\\luism\\OneDrive\\Documents\\Proyectos\\WMS-ARCOSA-NEW\\vendor\\laravel\\framework\\src\\Illuminate\\View\\View.php(191): Illuminate\\View\\View->getContents()
#8 C:\\Users\\luism\\OneDrive\\Documents\\Proyectos\\WMS-ARCOSA-NEW\\vendor\\laravel\\framework\\src\\Illuminate\\View\\View.php(160): Illuminate\\View\\View->renderContents()
#9 C:\\Users\\luism\\OneDrive\\Documents\\Proyectos\\WMS-ARCOSA-NEW\\vendor\\laravel\\framework\\src\\Illuminate\\Http\\Response.php(70): Illuminate\\View\\View->render()
#10 C:\\Users\\luism\\OneDrive\\Documents\\Proyectos\\WMS-ARCOSA-NEW\\vendor\\laravel\\framework\\src\\Illuminate\\Http\\Response.php(35): Illuminate\\Http\\Response->setContent(Object(Illuminate\\View\\View))
#11 C:\\Users\\luism\\OneDrive\\Documents\\Proyectos\\WMS-ARCOSA-NEW\\vendor\\laravel\\framework\\src\\Illuminate\\Routing\\Router.php(918): Illuminate\\Http\\Response->__construct(Object(Illuminate\\View\\View), 200, Array)
#12 C:\\Users\\luism\\OneDrive\\Documents\\Proyectos\\WMS-ARCOSA-NEW\\vendor\\laravel\\framework\\src\\Illuminate\\Routing\\Router.php(885): Illuminate\\Routing\\Router::toResponse(Object(Illuminate\\Http\\Request), Object(Illuminate\\View\\View))
#13 C:\\Users\\luism\\OneDrive\\Documents\\Proyectos\\WMS-ARCOSA-NEW\\vendor\\laravel\\framework\\src\\Illuminate\\Routing\\Router.php(805): Illuminate\\Routing\\Router->prepareResponse(Object(Illuminate\\Http\\Request), Object(Illuminate\\View\\View))
#14 C:\\Users\\luism\\OneDrive\\Documents\\Proyectos\\WMS-ARCOSA-NEW\\vendor\\laravel\\framework\\src\\Illuminate\\Pipeline\\Pipeline.php(144): Illuminate\\Routing\\Router->Illuminate\\Routing\\{closure}(Object(Illuminate\\Http\\Request))
#15 C:\\Users\\luism\\OneDrive\\Documents\\Proyectos\\WMS-ARCOSA-NEW\\vendor\\laravel\\framework\\src\\Illuminate\\Routing\\Middleware\\SubstituteBindings.php(50): Illuminate\\Pipeline\\Pipeline->Illuminate\\Pipeline\\{closure}(Object(Illuminate\\Http\\Request))
#16 C:\\Users\\luism\\OneDrive\\Documents\\Proyectos\\WMS-ARCOSA-NEW\\vendor\\laravel\\framework\\src\\Illuminate\\Pipeline\\Pipeline.php(183): Illuminate\\Routing\\Middleware\\SubstituteBindings->handle(Object(Illuminate\\Http\\Request), Object(Closure))
#17 C:\\Users\\luism\\OneDrive\\Documents\\Proyectos\\WMS-ARCOSA-NEW\\vendor\\laravel\\framework\\src\\Illuminate\\Foundation\\Http\\Middleware\\VerifyCsrfToken.php(88): Illuminate\\Pipeline\\Pipeline->Illuminate\\Pipeline\\{closure}(Object(Illuminate\\Http\\Request))
#18 C:\\Users\\luism\\OneDrive\\Documents\\Proyectos\\WMS-ARCOSA-NEW\\vendor\\laravel\\framework\\src\\Illuminate\\Pipeline\\Pipeline.php(183): Illuminate\\Foundation\\Http\\Middleware\\VerifyCsrfToken->handle(Object(Illuminate\\Http\\Request), Object(Closure))
#19 C:\\Users\\luism\\OneDrive\\Documents\\Proyectos\\WMS-ARCOSA-NEW\\vendor\\laravel\\framework\\src\\Illuminate\\View\\Middleware\\ShareErrorsFromSession.php(49): Illuminate\\Pipeline\\Pipeline->Illuminate\\Pipeline\\{closure}(Object(Illuminate\\Http\\Request))
#20 C:\\Users\\luism\\OneDrive\\Documents\\Proyectos\\WMS-ARCOSA-NEW\\vendor\\laravel\\framework\\src\\Illuminate\\Pipeline\\Pipeline.php(183): Illuminate\\View\\Middleware\\ShareErrorsFromSession->handle(Object(Illuminate\\Http\\Request), Object(Closure))
#21 C:\\Users\\luism\\OneDrive\\Documents\\Proyectos\\WMS-ARCOSA-NEW\\vendor\\laravel\\framework\\src\\Illuminate\\Session\\Middleware\\StartSession.php(121): Illuminate\\Pipeline\\Pipeline->Illuminate\\Pipeline\\{closure}(Object(Illuminate\\Http\\Request))
#22 C:\\Users\\luism\\OneDrive\\Documents\\Proyectos\\WMS-ARCOSA-NEW\\vendor\\laravel\\framework\\src\\Illuminate\\Session\\Middleware\\StartSession.php(64): Illuminate\\Session\\Middleware\\StartSession->handleStatefulRequest(Object(Illuminate\\Http\\Request), Object(Illuminate\\Session\\Store), Object(Closure))
#23 C:\\Users\\luism\\OneDrive\\Documents\\Proyectos\\WMS-ARCOSA-NEW\\vendor\\laravel\\framework\\src\\Illuminate\\Pipeline\\Pipeline.php(183): Illuminate\\Session\\Middleware\\StartSession->handle(Object(Illuminate\\Http\\Request), Object(Closure))
#24 C:\\Users\\luism\\OneDrive\\Documents\\Proyectos\\WMS-ARCOSA-NEW\\vendor\\laravel\\framework\\src\\Illuminate\\Cookie\\Middleware\\AddQueuedCookiesToResponse.php(37): Illuminate\\Pipeline\\Pipeline->Illuminate\\Pipeline\\{closure}(Object(Illuminate\\Http\\Request))
#25 C:\\Users\\luism\\OneDrive\\Documents\\Proyectos\\WMS-ARCOSA-NEW\\vendor\\laravel\\framework\\src\\Illuminate\\Pipeline\\Pipeline.php(183): Illuminate\\Cookie\\Middleware\\AddQueuedCookiesToResponse->handle(Object(Illuminate\\Http\\Request), Object(Closure))
#26 C:\\Users\\luism\\OneDrive\\Documents\\Proyectos\\WMS-ARCOSA-NEW\\vendor\\laravel\\framework\\src\\Illuminate\\Cookie\\Middleware\\EncryptCookies.php(75): Illuminate\\Pipeline\\Pipeline->Illuminate\\Pipeline\\{closure}(Object(Illuminate\\Http\\Request))
#27 C:\\Users\\luism\\OneDrive\\Documents\\Proyectos\\WMS-ARCOSA-NEW\\vendor\\laravel\\framework\\src\\Illuminate\\Pipeline\\Pipeline.php(183): Illuminate\\Cookie\\Middleware\\EncryptCookies->handle(Object(Illuminate\\Http\\Request), Object(Closure))
#28 C:\\Users\\luism\\OneDrive\\Documents\\Proyectos\\WMS-ARCOSA-NEW\\vendor\\laravel\\framework\\src\\Illuminate\\Pipeline\\Pipeline.php(119): Illuminate\\Pipeline\\Pipeline->Illuminate\\Pipeline\\{closure}(Object(Illuminate\\Http\\Request))
#29 C:\\Users\\luism\\OneDrive\\Documents\\Proyectos\\WMS-ARCOSA-NEW\\vendor\\laravel\\framework\\src\\Illuminate\\Routing\\Router.php(805): Illuminate\\Pipeline\\Pipeline->then(Object(Closure))
#30 C:\\Users\\luism\\OneDrive\\Documents\\Proyectos\\WMS-ARCOSA-NEW\\vendor\\laravel\\framework\\src\\Illuminate\\Routing\\Router.php(784): Illuminate\\Routing\\Router->runRouteWithinStack(Object(Illuminate\\Routing\\Route), Object(Illuminate\\Http\\Request))
#31 C:\\Users\\luism\\OneDrive\\Documents\\Proyectos\\WMS-ARCOSA-NEW\\vendor\\laravel\\framework\\src\\Illuminate\\Routing\\Router.php(748): Illuminate\\Routing\\Router->runRoute(Object(Illuminate\\Http\\Request), Object(Illuminate\\Routing\\Route))
#32 C:\\Users\\luism\\OneDrive\\Documents\\Proyectos\\WMS-ARCOSA-NEW\\vendor\\laravel\\framework\\src\\Illuminate\\Routing\\Router.php(737): Illuminate\\Routing\\Router->dispatchToRoute(Object(Illuminate\\Http\\Request))
#33 C:\\Users\\luism\\OneDrive\\Documents\\Proyectos\\WMS-ARCOSA-NEW\\vendor\\laravel\\framework\\src\\Illuminate\\Foundation\\Http\\Kernel.php(200): Illuminate\\Routing\\Router->dispatch(Object(Illuminate\\Http\\Request))
#34 C:\\Users\\luism\\OneDrive\\Documents\\Proyectos\\WMS-ARCOSA-NEW\\vendor\\laravel\\framework\\src\\Illuminate\\Pipeline\\Pipeline.php(144): Illuminate\\Foundation\\Http\\Kernel->Illuminate\\Foundation\\Http\\{closure}(Object(Illuminate\\Http\\Request))
#35 C:\\Users\\luism\\OneDrive\\Documents\\Proyectos\\WMS-ARCOSA-NEW\\vendor\\laravel\\framework\\src\\Illuminate\\Foundation\\Http\\Middleware\\TransformsRequest.php(21): Illuminate\\Pipeline\\Pipeline->Illuminate\\Pipeline\\{closure}(Object(Illuminate\\Http\\Request))
#36 C:\\Users\\luism\\OneDrive\\Documents\\Proyectos\\WMS-ARCOSA-NEW\\vendor\\laravel\\framework\\src\\Illuminate\\Foundation\\Http\\Middleware\\ConvertEmptyStringsToNull.php(31): Illuminate\\Foundation\\Http\\Middleware\\TransformsRequest->handle(Object(Illuminate\\Http\\Request), Object(Closure))
#37 C:\\Users\\luism\\OneDrive\\Documents\\Proyectos\\WMS-ARCOSA-NEW\\vendor\\laravel\\framework\\src\\Illuminate\\Pipeline\\Pipeline.php(183): Illuminate\\Foundation\\Http\\Middleware\\ConvertEmptyStringsToNull->handle(Object(Illuminate\\Http\\Request), Object(Closure))
#38 C:\\Users\\luism\\OneDrive\\Documents\\Proyectos\\WMS-ARCOSA-NEW\\vendor\\laravel\\framework\\src\\Illuminate\\Foundation\\Http\\Middleware\\TransformsRequest.php(21): Illuminate\\Pipeline\\Pipeline->Illuminate\\Pipeline\\{closure}(Object(Illuminate\\Http\\Request))
#39 C:\\Users\\luism\\OneDrive\\Documents\\Proyectos\\WMS-ARCOSA-NEW\\vendor\\laravel\\framework\\src\\Illuminate\\Foundation\\Http\\Middleware\\TrimStrings.php(51): Illuminate\\Foundation\\Http\\Middleware\\TransformsRequest->handle(Object(Illuminate\\Http\\Request), Object(Closure))
#40 C:\\Users\\luism\\OneDrive\\Documents\\Proyectos\\WMS-ARCOSA-NEW\\vendor\\laravel\\framework\\src\\Illuminate\\Pipeline\\Pipeline.php(183): Illuminate\\Foundation\\Http\\Middleware\\TrimStrings->handle(Object(Illuminate\\Http\\Request), Object(Closure))
#41 C:\\Users\\luism\\OneDrive\\Documents\\Proyectos\\WMS-ARCOSA-NEW\\vendor\\laravel\\framework\\src\\Illuminate\\Http\\Middleware\\ValidatePostSize.php(27): Illuminate\\Pipeline\\Pipeline->Illuminate\\Pipeline\\{closure}(Object(Illuminate\\Http\\Request))
#42 C:\\Users\\luism\\OneDrive\\Documents\\Proyectos\\WMS-ARCOSA-NEW\\vendor\\laravel\\framework\\src\\Illuminate\\Pipeline\\Pipeline.php(183): Illuminate\\Http\\Middleware\\ValidatePostSize->handle(Object(Illuminate\\Http\\Request), Object(Closure))
#43 C:\\Users\\luism\\OneDrive\\Documents\\Proyectos\\WMS-ARCOSA-NEW\\vendor\\laravel\\framework\\src\\Illuminate\\Foundation\\Http\\Middleware\\PreventRequestsDuringMaintenance.php(110): Illuminate\\Pipeline\\Pipeline->Illuminate\\Pipeline\\{closure}(Object(Illuminate\\Http\\Request))
#44 C:\\Users\\luism\\OneDrive\\Documents\\Proyectos\\WMS-ARCOSA-NEW\\vendor\\laravel\\framework\\src\\Illuminate\\Pipeline\\Pipeline.php(183): Illuminate\\Foundation\\Http\\Middleware\\PreventRequestsDuringMaintenance->handle(Object(Illuminate\\Http\\Request), Object(Closure))
#45 C:\\Users\\luism\\OneDrive\\Documents\\Proyectos\\WMS-ARCOSA-NEW\\vendor\\laravel\\framework\\src\\Illuminate\\Http\\Middleware\\HandleCors.php(49): Illuminate\\Pipeline\\Pipeline->Illuminate\\Pipeline\\{closure}(Object(Illuminate\\Http\\Request))
#46 C:\\Users\\luism\\OneDrive\\Documents\\Proyectos\\WMS-ARCOSA-NEW\\vendor\\laravel\\framework\\src\\Illuminate\\Pipeline\\Pipeline.php(183): Illuminate\\Http\\Middleware\\HandleCors->handle(Object(Illuminate\\Http\\Request), Object(Closure))
#47 C:\\Users\\luism\\OneDrive\\Documents\\Proyectos\\WMS-ARCOSA-NEW\\vendor\\laravel\\framework\\src\\Illuminate\\Http\\Middleware\\TrustProxies.php(57): Illuminate\\Pipeline\\Pipeline->Illuminate\\Pipeline\\{closure}(Object(Illuminate\\Http\\Request))
#48 C:\\Users\\luism\\OneDrive\\Documents\\Proyectos\\WMS-ARCOSA-NEW\\vendor\\laravel\\framework\\src\\Illuminate\\Pipeline\\Pipeline.php(183): Illuminate\\Http\\Middleware\\TrustProxies->handle(Object(Illuminate\\Http\\Request), Object(Closure))
#49 C:\\Users\\luism\\OneDrive\\Documents\\Proyectos\\WMS-ARCOSA-NEW\\vendor\\laravel\\framework\\src\\Illuminate\\Pipeline\\Pipeline.php(119): Illuminate\\Pipeline\\Pipeline->Illuminate\\Pipeline\\{closure}(Object(Illuminate\\Http\\Request))
#50 C:\\Users\\luism\\OneDrive\\Documents\\Proyectos\\WMS-ARCOSA-NEW\\vendor\\laravel\\framework\\src\\Illuminate\\Foundation\\Http\\Kernel.php(175): Illuminate\\Pipeline\\Pipeline->then(Object(Closure))
#51 C:\\Users\\luism\\OneDrive\\Documents\\Proyectos\\WMS-ARCOSA-NEW\\vendor\\laravel\\framework\\src\\Illuminate\\Foundation\\Http\\Kernel.php(144): Illuminate\\Foundation\\Http\\Kernel->sendRequestThroughRouter(Object(Illuminate\\Http\\Request))
#52 C:\\Users\\luism\\OneDrive\\Documents\\Proyectos\\WMS-ARCOSA-NEW\\vendor\\laravel\\framework\\src\\Illuminate\\Foundation\\Application.php(1183): Illuminate\\Foundation\\Http\\Kernel->handle(Object(Illuminate\\Http\\Request))
#53 C:\\Users\\luism\\OneDrive\\Documents\\Proyectos\\WMS-ARCOSA-NEW\\public\\index.php(17): Illuminate\\Foundation\\Application->handleRequest(Object(Illuminate\\Http\\Request))
#54 C:\\Users\\luism\\OneDrive\\Documents\\Proyectos\\WMS-ARCOSA-NEW\\vendor\\laravel\\framework\\src\\Illuminate\\Foundation\\resources\\server.php(16): require_once('C:\\\\Users\\\\luism\\\\...')
#55 {main}

[previous exception] [object] (Illuminate\\Foundation\\ViteManifestNotFoundException(code: 0): Vite manifest not found at: C:\\Users\\luism\\OneDrive\\Documents\\Proyectos\\WMS-ARCOSA-NEW\\public\\build/manifest.json at C:\\Users\\luism\\OneDrive\\Documents\\Proyectos\\WMS-ARCOSA-NEW\\vendor\\laravel\\framework\\src\\Illuminate\\Foundation\\Vite.php:728)
[stacktrace]
#0 C:\\Users\\luism\\OneDrive\\Documents\\Proyectos\\WMS-ARCOSA-NEW\\vendor\\laravel\\framework\\src\\Illuminate\\Foundation\\Vite.php(293): Illuminate\\Foundation\\Vite->manifest('build')
#1 C:\\Users\\luism\\OneDrive\\Documents\\Proyectos\\WMS-ARCOSA-NEW\\storage\\framework\\views\\bbc96e7076f5cff04a5ce0e0821c40ea.php(10): Illuminate\\Foundation\\Vite->__invoke(Object(Illuminate\\Support\\Collection))
#2 C:\\Users\\luism\\OneDrive\\Documents\\Proyectos\\WMS-ARCOSA-NEW\\vendor\\laravel\\framework\\src\\Illuminate\\Filesystem\\Filesystem.php(123): require('C:\\\\Users\\\\luism\\\\...')
#3 C:\\Users\\luism\\OneDrive\\Documents\\Proyectos\\WMS-ARCOSA-NEW\\vendor\\laravel\\framework\\src\\Illuminate\\Filesystem\\Filesystem.php(124): Illuminate\\Filesystem\\Filesystem::Illuminate\\Filesystem\\{closure}()
#4 C:\\Users\\luism\\OneDrive\\Documents\\Proyectos\\WMS-ARCOSA-NEW\\vendor\\laravel\\framework\\src\\Illuminate\\View\\Engines\\PhpEngine.php(58): Illuminate\\Filesystem\\Filesystem->getRequire('C:\\\\Users\\\\luism\\\\...', Array)
#5 C:\\Users\\luism\\OneDrive\\Documents\\Proyectos\\WMS-ARCOSA-NEW\\vendor\\laravel\\framework\\src\\Illuminate\\View\\Engines\\CompilerEngine.php(73): Illuminate\\View\\Engines\\PhpEngine->evaluatePath('C:\\\\Users\\\\luism\\\\...', Array)
#6 C:\\Users\\luism\\OneDrive\\Documents\\Proyectos\\WMS-ARCOSA-NEW\\vendor\\laravel\\framework\\src\\Illuminate\\View\\View.php(208): Illuminate\\View\\Engines\\CompilerEngine->get('C:\\\\Users\\\\luism\\\\...', Array)
#7 C:\\Users\\luism\\OneDrive\\Documents\\Proyectos\\WMS-ARCOSA-NEW\\vendor\\laravel\\framework\\src\\Illuminate\\View\\View.php(191): Illuminate\\View\\View->getContents()
#8 C:\\Users\\luism\\OneDrive\\Documents\\Proyectos\\WMS-ARCOSA-NEW\\vendor\\laravel\\framework\\src\\Illuminate\\View\\View.php(160): Illuminate\\View\\View->renderContents()
#9 C:\\Users\\luism\\OneDrive\\Documents\\Proyectos\\WMS-ARCOSA-NEW\\vendor\\laravel\\framework\\src\\Illuminate\\Http\\Response.php(70): Illuminate\\View\\View->render()
#10 C:\\Users\\luism\\OneDrive\\Documents\\Proyectos\\WMS-ARCOSA-NEW\\vendor\\laravel\\framework\\src\\Illuminate\\Http\\Response.php(35): Illuminate\\Http\\Response->setContent(Object(Illuminate\\View\\View))
#11 C:\\Users\\luism\\OneDrive\\Documents\\Proyectos\\WMS-ARCOSA-NEW\\vendor\\laravel\\framework\\src\\Illuminate\\Routing\\Router.php(918): Illuminate\\Http\\Response->__construct(Object(Illuminate\\View\\View), 200, Array)
#12 C:\\Users\\luism\\OneDrive\\Documents\\Proyectos\\WMS-ARCOSA-NEW\\vendor\\laravel\\framework\\src\\Illuminate\\Routing\\Router.php(885): Illuminate\\Routing\\Router::toResponse(Object(Illuminate\\Http\\Request), Object(Illuminate\\View\\View))
#13 C:\\Users\\luism\\OneDrive\\Documents\\Proyectos\\WMS-ARCOSA-NEW\\vendor\\laravel\\framework\\src\\Illuminate\\Routing\\Router.php(805): Illuminate\\Routing\\Router->prepareResponse(Object(Illuminate\\Http\\Request), Object(Illuminate\\View\\View))
#14 C:\\Users\\luism\\OneDrive\\Documents\\Proyectos\\WMS-ARCOSA-NEW\\vendor\\laravel\\framework\\src\\Illuminate\\Pipeline\\Pipeline.php(144): Illuminate\\Routing\\Router->Illuminate\\Routing\\{closure}(Object(Illuminate\\Http\\Request))
#15 C:\\Users\\luism\\OneDrive\\Documents\\Proyectos\\WMS-ARCOSA-NEW\\vendor\\laravel\\framework\\src\\Illuminate\\Routing\\Middleware\\SubstituteBindings.php(50): Illuminate\\Pipeline\\Pipeline->Illuminate\\Pipeline\\{closure}(Object(Illuminate\\Http\\Request))
#16 C:\\Users\\luism\\OneDrive\\Documents\\Proyectos\\WMS-ARCOSA-NEW\\vendor\\laravel\\framework\\src\\Illuminate\\Pipeline\\Pipeline.php(183): Illuminate\\Routing\\Middleware\\SubstituteBindings->handle(Object(Illuminate\\Http\\Request), Object(Closure))
#17 C:\\Users\\luism\\OneDrive\\Documents\\Proyectos\\WMS-ARCOSA-NEW\\vendor\\laravel\\framework\\src\\Illuminate\\Foundation\\Http\\Middleware\\VerifyCsrfToken.php(88): Illuminate\\Pipeline\\Pipeline->Illuminate\\Pipeline\\{closure}(Object(Illuminate\\Http\\Request))
#18 C:\\Users\\luism\\OneDrive\\Documents\\Proyectos\\WMS-ARCOSA-NEW\\vendor\\laravel\\framework\\src\\Illuminate\\Pipeline\\Pipeline.php(183): Illuminate\\Foundation\\Http\\Middleware\\VerifyCsrfToken->handle(Object(Illuminate\\Http\\Request), Object(Closure))
#19 C:\\Users\\luism\\OneDrive\\Documents\\Proyectos\\WMS-ARCOSA-NEW\\vendor\\laravel\\framework\\src\\Illuminate\\View\\Middleware\\ShareErrorsFromSession.php(49): Illuminate\\Pipeline\\Pipeline->Illuminate\\Pipeline\\{closure}(Object(Illuminate\\Http\\Request))
#20 C:\\Users\\luism\\OneDrive\\Documents\\Proyectos\\WMS-ARCOSA-NEW\\vendor\\laravel\\framework\\src\\Illuminate\\Pipeline\\Pipeline.php(183): Illuminate\\View\\Middleware\\ShareErrorsFromSession->handle(Object(Illuminate\\Http\\Request), Object(Closure))
#21 C:\\Users\\luism\\OneDrive\\Documents\\Proyectos\\WMS-ARCOSA-NEW\\vendor\\laravel\\framework\\src\\Illuminate\\Session\\Middleware\\StartSession.php(121): Illuminate\\Pipeline\\Pipeline->Illuminate\\Pipeline\\{closure}(Object(Illuminate\\Http\\Request))
#22 C:\\Users\\luism\\OneDrive\\Documents\\Proyectos\\WMS-ARCOSA-NEW\\vendor\\laravel\\framework\\src\\Illuminate\\Session\\Middleware\\StartSession.php(64): Illuminate\\Session\\Middleware\\StartSession->handleStatefulRequest(Object(Illuminate\\Http\\Request), Object(Illuminate\\Session\\Store), Object(Closure))
#23 C:\\Users\\luism\\OneDrive\\Documents\\Proyectos\\WMS-ARCOSA-NEW\\vendor\\laravel\\framework\\src\\Illuminate\\Pipeline\\Pipeline.php(183): Illuminate\\Session\\Middleware\\StartSession->handle(Object(Illuminate\\Http\\Request), Object(Closure))
#24 C:\\Users\\luism\\OneDrive\\Documents\\Proyectos\\WMS-ARCOSA-NEW\\vendor\\laravel\\framework\\src\\Illuminate\\Cookie\\Middleware\\AddQueuedCookiesToResponse.php(37): Illuminate\\Pipeline\\Pipeline->Illuminate\\Pipeline\\{closure}(Object(Illuminate\\Http\\Request))
#25 C:\\Users\\luism\\OneDrive\\Documents\\Proyectos\\WMS-ARCOSA-NEW\\vendor\\laravel\\framework\\src\\Illuminate\\Pipeline\\Pipeline.php(183): Illuminate\\Cookie\\Middleware\\AddQueuedCookiesToResponse->handle(Object(Illuminate\\Http\\Request), Object(Closure))
#26 C:\\Users\\luism\\OneDrive\\Documents\\Proyectos\\WMS-ARCOSA-NEW\\vendor\\laravel\\framework\\src\\Illuminate\\Cookie\\Middleware\\EncryptCookies.php(75): Illuminate\\Pipeline\\Pipeline->Illuminate\\Pipeline\\{closure}(Object(Illuminate\\Http\\Request))
#27 C:\\Users\\luism\\OneDrive\\Documents\\Proyectos\\WMS-ARCOSA-NEW\\vendor\\laravel\\framework\\src\\Illuminate\\Pipeline\\Pipeline.php(183): Illuminate\\Cookie\\Middleware\\EncryptCookies->handle(Object(Illuminate\\Http\\Request), Object(Closure))
#28 C:\\Users\\luism\\OneDrive\\Documents\\Proyectos\\WMS-ARCOSA-NEW\\vendor\\laravel\\framework\\src\\Illuminate\\Pipeline\\Pipeline.php(119): Illuminate\\Pipeline\\Pipeline->Illuminate\\Pipeline\\{closure}(Object(Illuminate\\Http\\Request))
#29 C:\\Users\\luism\\OneDrive\\Documents\\Proyectos\\WMS-ARCOSA-NEW\\vendor\\laravel\\framework\\src\\Illuminate\\Routing\\Router.php(805): Illuminate\\Pipeline\\Pipeline->then(Object(Closure))
#30 C:\\Users\\luism\\OneDrive\\Documents\\Proyectos\\WMS-ARCOSA-NEW\\vendor\\laravel\\framework\\src\\Illuminate\\Routing\\Router.php(784): Illuminate\\Routing\\Router->runRouteWithinStack(Object(Illuminate\\Routing\\Route), Object(Illuminate\\Http\\Request))
#31 C:\\Users\\luism\\OneDrive\\Documents\\Proyectos\\WMS-ARCOSA-NEW\\vendor\\laravel\\framework\\src\\Illuminate\\Routing\\Router.php(748): Illuminate\\Routing\\Router->runRoute(Object(Illuminate\\Http\\Request), Object(Illuminate\\Routing\\Route))
#32 C:\\Users\\luism\\OneDrive\\Documents\\Proyectos\\WMS-ARCOSA-NEW\\vendor\\laravel\\framework\\src\\Illuminate\\Routing\\Router.php(737): Illuminate\\Routing\\Router->dispatchToRoute(Object(Illuminate\\Http\\Request))
#33 C:\\Users\\luism\\OneDrive\\Documents\\Proyectos\\WMS-ARCOSA-NEW\\vendor\\laravel\\framework\\src\\Illuminate\\Foundation\\Http\\Kernel.php(200): Illuminate\\Routing\\Router->dispatch(Object(Illuminate\\Http\\Request))
#34 C:\\Users\\luism\\OneDrive\\Documents\\Proyectos\\WMS-ARCOSA-NEW\\vendor\\laravel\\framework\\src\\Illuminate\\Pipeline\\Pipeline.php(144): Illuminate\\Foundation\\Http\\Kernel->Illuminate\\Foundation\\Http\\{closure}(Object(Illuminate\\Http\\Request))
#35 C:\\Users\\luism\\OneDrive\\Documents\\Proyectos\\WMS-ARCOSA-NEW\\vendor\\laravel\\framework\\src\\Illuminate\\Foundation\\Http\\Middleware\\TransformsRequest.php(21): Illuminate\\Pipeline\\Pipeline->Illuminate\\Pipeline\\{closure}(Object(Illuminate\\Http\\Request))
#36 C:\\Users\\luism\\OneDrive\\Documents\\Proyectos\\WMS-ARCOSA-NEW\\vendor\\laravel\\framework\\src\\Illuminate\\Foundation\\Http\\Middleware\\ConvertEmptyStringsToNull.php(31): Illuminate\\Foundation\\Http\\Middleware\\TransformsRequest->handle(Object(Illuminate\\Http\\Request), Object(Closure))
#37 C:\\Users\\luism\\OneDrive\\Documents\\Proyectos\\WMS-ARCOSA-NEW\\vendor\\laravel\\framework\\src\\Illuminate\\Pipeline\\Pipeline.php(183): Illuminate\\Foundation\\Http\\Middleware\\ConvertEmptyStringsToNull->handle(Object(Illuminate\\Http\\Request), Object(Closure))
#38 C:\\Users\\luism\\OneDrive\\Documents\\Proyectos\\WMS-ARCOSA-NEW\\vendor\\laravel\\framework\\src\\Illuminate\\Foundation\\Http\\Middleware\\TransformsRequest.php(21): Illuminate\\Pipeline\\Pipeline->Illuminate\\Pipeline\\{closure}(Object(Illuminate\\Http\\Request))
#39 C:\\Users\\luism\\OneDrive\\Documents\\Proyectos\\WMS-ARCOSA-NEW\\vendor\\laravel\\framework\\src\\Illuminate\\Foundation\\Http\\Middleware\\TrimStrings.php(51): Illuminate\\Foundation\\Http\\Middleware\\TransformsRequest->handle(Object(Illuminate\\Http\\Request), Object(Closure))
#40 C:\\Users\\luism\\OneDrive\\Documents\\Proyectos\\WMS-ARCOSA-NEW\\vendor\\laravel\\framework\\src\\Illuminate\\Pipeline\\Pipeline.php(183): Illuminate\\Foundation\\Http\\Middleware\\TrimStrings->handle(Object(Illuminate\\Http\\Request), Object(Closure))
#41 C:\\Users\\luism\\OneDrive\\Documents\\Proyectos\\WMS-ARCOSA-NEW\\vendor\\laravel\\framework\\src\\Illuminate\\Http\\Middleware\\ValidatePostSize.php(27): Illuminate\\Pipeline\\Pipeline->Illuminate\\Pipeline\\{closure}(Object(Illuminate\\Http\\Request))
#42 C:\\Users\\luism\\OneDrive\\Documents\\Proyectos\\WMS-ARCOSA-NEW\\vendor\\laravel\\framework\\src\\Illuminate\\Pipeline\\Pipeline.php(183): Illuminate\\Http\\Middleware\\ValidatePostSize->handle(Object(Illuminate\\Http\\Request), Object(Closure))
#43 C:\\Users\\luism\\OneDrive\\Documents\\Proyectos\\WMS-ARCOSA-NEW\\vendor\\laravel\\framework\\src\\Illuminate\\Foundation\\Http\\Middleware\\PreventRequestsDuringMaintenance.php(110): Illuminate\\Pipeline\\Pipeline->Illuminate\\Pipeline\\{closure}(Object(Illuminate\\Http\\Request))
#44 C:\\Users\\luism\\OneDrive\\Documents\\Proyectos\\WMS-ARCOSA-NEW\\vendor\\laravel\\framework\\src\\Illuminate\\Pipeline\\Pipeline.php(183): Illuminate\\Foundation\\Http\\Middleware\\PreventRequestsDuringMaintenance->handle(Object(Illuminate\\Http\\Request), Object(Closure))
#45 C:\\Users\\luism\\OneDrive\\Documents\\Proyectos\\WMS-ARCOSA-NEW\\vendor\\laravel\\framework\\src\\Illuminate\\Http\\Middleware\\HandleCors.php(49): Illuminate\\Pipeline\\Pipeline->Illuminate\\Pipeline\\{closure}(Object(Illuminate\\Http\\Request))
#46 C:\\Users\\luism\\OneDrive\\Documents\\Proyectos\\WMS-ARCOSA-NEW\\vendor\\laravel\\framework\\src\\Illuminate\\Pipeline\\Pipeline.php(183): Illuminate\\Http\\Middleware\\HandleCors->handle(Object(Illuminate\\Http\\Request), Object(Closure))
#47 C:\\Users\\luism\\OneDrive\\Documents\\Proyectos\\WMS-ARCOSA-NEW\\vendor\\laravel\\framework\\src\\Illuminate\\Http\\Middleware\\TrustProxies.php(57): Illuminate\\Pipeline\\Pipeline->Illuminate\\Pipeline\\{closure}(Object(Illuminate\\Http\\Request))
#48 C:\\Users\\luism\\OneDrive\\Documents\\Proyectos\\WMS-ARCOSA-NEW\\vendor\\laravel\\framework\\src\\Illuminate\\Pipeline\\Pipeline.php(183): Illuminate\\Http\\Middleware\\TrustProxies->handle(Object(Illuminate\\Http\\Request), Object(Closure))
#49 C:\\Users\\luism\\OneDrive\\Documents\\Proyectos\\WMS-ARCOSA-NEW\\vendor\\laravel\\framework\\src\\Illuminate\\Pipeline\\Pipeline.php(119): Illuminate\\Pipeline\\Pipeline->Illuminate\\Pipeline\\{closure}(Object(Illuminate\\Http\\Request))
#50 C:\\Users\\luism\\OneDrive\\Documents\\Proyectos\\WMS-ARCOSA-NEW\\vendor\\laravel\\framework\\src\\Illuminate\\Foundation\\Http\\Kernel.php(175): Illuminate\\Pipeline\\Pipeline->then(Object(Closure))
#51 C:\\Users\\luism\\OneDrive\\Documents\\Proyectos\\WMS-ARCOSA-NEW\\vendor\\laravel\\framework\\src\\Illuminate\\Foundation\\Http\\Kernel.php(144): Illuminate\\Foundation\\Http\\Kernel->sendRequestThroughRouter(Object(Illuminate\\Http\\Request))
#52 C:\\Users\\luism\\OneDrive\\Documents\\Proyectos\\WMS-ARCOSA-NEW\\vendor\\laravel\\framework\\src\\Illuminate\\Foundation\\Application.php(1183): Illuminate\\Foundation\\Http\\Kernel->handle(Object(Illuminate\\Http\\Request))
#53 C:\\Users\\luism\\OneDrive\\Documents\\Proyectos\\WMS-ARCOSA-NEW\\public\\index.php(17): Illuminate\\Foundation\\Application->handleRequest(Object(Illuminate\\Http\\Request))
#54 C:\\Users\\luism\\OneDrive\\Documents\\Proyectos\\WMS-ARCOSA-NEW\\vendor\\laravel\\framework\\src\\Illuminate\\Foundation\\resources\\server.php(16): require_once('C:\\\\Users\\\\luism\\\\...')
#55 {main}
"} 
[2024-07-24 23:32:30] local.ERROR: Vite manifest not found at: C:\Users\luism\OneDrive\Documents\Proyectos\WMS-ARCOSA-NEW\public\build/manifest.json {"view":{"view":"C:\\Users\\luism\\OneDrive\\Documents\\Proyectos\\WMS-ARCOSA-NEW\\resources\\views\\application.blade.php","data":{"errors":"<pre class=sf-dump id=sf-dump-1672424098 data-indent-pad=\"  \"><span class=sf-dump-note>Illuminate\\Support\\ViewErrorBag</span> {<a class=sf-dump-ref>#318</a><samp data-depth=1 class=sf-dump-expanded>
  #<span class=sf-dump-protected title=\"Protected property\">bags</span>: []
</samp>}
</pre><script>Sfdump(\"sf-dump-1672424098\", {\"maxDepth\":3,\"maxStringLength\":160})</script>
"}},"exception":"[object] (Spatie\\LaravelIgnition\\Exceptions\\ViewException(code: 0): Vite manifest not found at: C:\\Users\\luism\\OneDrive\\Documents\\Proyectos\\WMS-ARCOSA-NEW\\public\\build/manifest.json at C:\\Users\\luism\\OneDrive\\Documents\\Proyectos\\WMS-ARCOSA-NEW\\vendor\\laravel\\framework\\src\\Illuminate\\Foundation\\Vite.php:728)
[stacktrace]
#0 C:\\Users\\luism\\OneDrive\\Documents\\Proyectos\\WMS-ARCOSA-NEW\\vendor\\laravel\\framework\\src\\Illuminate\\Foundation\\Vite.php(293): Illuminate\\Foundation\\Vite->manifest('build')
#1 C:\\Users\\luism\\OneDrive\\Documents\\Proyectos\\WMS-ARCOSA-NEW\\resources\\views\\application.blade.php(10): Illuminate\\Foundation\\Vite->__invoke(Object(Illuminate\\Support\\Collection))
#2 C:\\Users\\luism\\OneDrive\\Documents\\Proyectos\\WMS-ARCOSA-NEW\\vendor\\laravel\\framework\\src\\Illuminate\\Filesystem\\Filesystem.php(123): require('C:\\\\Users\\\\luism\\\\...')
#3 C:\\Users\\luism\\OneDrive\\Documents\\Proyectos\\WMS-ARCOSA-NEW\\vendor\\laravel\\framework\\src\\Illuminate\\Filesystem\\Filesystem.php(124): Illuminate\\Filesystem\\Filesystem::Illuminate\\Filesystem\\{closure}()
#4 C:\\Users\\luism\\OneDrive\\Documents\\Proyectos\\WMS-ARCOSA-NEW\\vendor\\laravel\\framework\\src\\Illuminate\\View\\Engines\\PhpEngine.php(58): Illuminate\\Filesystem\\Filesystem->getRequire('C:\\\\Users\\\\luism\\\\...', Array)
#5 C:\\Users\\luism\\OneDrive\\Documents\\Proyectos\\WMS-ARCOSA-NEW\\vendor\\laravel\\framework\\src\\Illuminate\\View\\Engines\\CompilerEngine.php(73): Illuminate\\View\\Engines\\PhpEngine->evaluatePath('C:\\\\Users\\\\luism\\\\...', Array)
#6 C:\\Users\\luism\\OneDrive\\Documents\\Proyectos\\WMS-ARCOSA-NEW\\vendor\\laravel\\framework\\src\\Illuminate\\View\\View.php(208): Illuminate\\View\\Engines\\CompilerEngine->get('C:\\\\Users\\\\luism\\\\...', Array)
#7 C:\\Users\\luism\\OneDrive\\Documents\\Proyectos\\WMS-ARCOSA-NEW\\vendor\\laravel\\framework\\src\\Illuminate\\View\\View.php(191): Illuminate\\View\\View->getContents()
#8 C:\\Users\\luism\\OneDrive\\Documents\\Proyectos\\WMS-ARCOSA-NEW\\vendor\\laravel\\framework\\src\\Illuminate\\View\\View.php(160): Illuminate\\View\\View->renderContents()
#9 C:\\Users\\luism\\OneDrive\\Documents\\Proyectos\\WMS-ARCOSA-NEW\\vendor\\laravel\\framework\\src\\Illuminate\\Http\\Response.php(70): Illuminate\\View\\View->render()
#10 C:\\Users\\luism\\OneDrive\\Documents\\Proyectos\\WMS-ARCOSA-NEW\\vendor\\laravel\\framework\\src\\Illuminate\\Http\\Response.php(35): Illuminate\\Http\\Response->setContent(Object(Illuminate\\View\\View))
#11 C:\\Users\\luism\\OneDrive\\Documents\\Proyectos\\WMS-ARCOSA-NEW\\vendor\\laravel\\framework\\src\\Illuminate\\Routing\\Router.php(918): Illuminate\\Http\\Response->__construct(Object(Illuminate\\View\\View), 200, Array)
#12 C:\\Users\\luism\\OneDrive\\Documents\\Proyectos\\WMS-ARCOSA-NEW\\vendor\\laravel\\framework\\src\\Illuminate\\Routing\\Router.php(885): Illuminate\\Routing\\Router::toResponse(Object(Illuminate\\Http\\Request), Object(Illuminate\\View\\View))
#13 C:\\Users\\luism\\OneDrive\\Documents\\Proyectos\\WMS-ARCOSA-NEW\\vendor\\laravel\\framework\\src\\Illuminate\\Routing\\Router.php(805): Illuminate\\Routing\\Router->prepareResponse(Object(Illuminate\\Http\\Request), Object(Illuminate\\View\\View))
#14 C:\\Users\\luism\\OneDrive\\Documents\\Proyectos\\WMS-ARCOSA-NEW\\vendor\\laravel\\framework\\src\\Illuminate\\Pipeline\\Pipeline.php(144): Illuminate\\Routing\\Router->Illuminate\\Routing\\{closure}(Object(Illuminate\\Http\\Request))
#15 C:\\Users\\luism\\OneDrive\\Documents\\Proyectos\\WMS-ARCOSA-NEW\\vendor\\laravel\\framework\\src\\Illuminate\\Routing\\Middleware\\SubstituteBindings.php(50): Illuminate\\Pipeline\\Pipeline->Illuminate\\Pipeline\\{closure}(Object(Illuminate\\Http\\Request))
#16 C:\\Users\\luism\\OneDrive\\Documents\\Proyectos\\WMS-ARCOSA-NEW\\vendor\\laravel\\framework\\src\\Illuminate\\Pipeline\\Pipeline.php(183): Illuminate\\Routing\\Middleware\\SubstituteBindings->handle(Object(Illuminate\\Http\\Request), Object(Closure))
#17 C:\\Users\\luism\\OneDrive\\Documents\\Proyectos\\WMS-ARCOSA-NEW\\vendor\\laravel\\framework\\src\\Illuminate\\Foundation\\Http\\Middleware\\VerifyCsrfToken.php(88): Illuminate\\Pipeline\\Pipeline->Illuminate\\Pipeline\\{closure}(Object(Illuminate\\Http\\Request))
#18 C:\\Users\\luism\\OneDrive\\Documents\\Proyectos\\WMS-ARCOSA-NEW\\vendor\\laravel\\framework\\src\\Illuminate\\Pipeline\\Pipeline.php(183): Illuminate\\Foundation\\Http\\Middleware\\VerifyCsrfToken->handle(Object(Illuminate\\Http\\Request), Object(Closure))
#19 C:\\Users\\luism\\OneDrive\\Documents\\Proyectos\\WMS-ARCOSA-NEW\\vendor\\laravel\\framework\\src\\Illuminate\\View\\Middleware\\ShareErrorsFromSession.php(49): Illuminate\\Pipeline\\Pipeline->Illuminate\\Pipeline\\{closure}(Object(Illuminate\\Http\\Request))
#20 C:\\Users\\luism\\OneDrive\\Documents\\Proyectos\\WMS-ARCOSA-NEW\\vendor\\laravel\\framework\\src\\Illuminate\\Pipeline\\Pipeline.php(183): Illuminate\\View\\Middleware\\ShareErrorsFromSession->handle(Object(Illuminate\\Http\\Request), Object(Closure))
#21 C:\\Users\\luism\\OneDrive\\Documents\\Proyectos\\WMS-ARCOSA-NEW\\vendor\\laravel\\framework\\src\\Illuminate\\Session\\Middleware\\StartSession.php(121): Illuminate\\Pipeline\\Pipeline->Illuminate\\Pipeline\\{closure}(Object(Illuminate\\Http\\Request))
#22 C:\\Users\\luism\\OneDrive\\Documents\\Proyectos\\WMS-ARCOSA-NEW\\vendor\\laravel\\framework\\src\\Illuminate\\Session\\Middleware\\StartSession.php(64): Illuminate\\Session\\Middleware\\StartSession->handleStatefulRequest(Object(Illuminate\\Http\\Request), Object(Illuminate\\Session\\Store), Object(Closure))
#23 C:\\Users\\luism\\OneDrive\\Documents\\Proyectos\\WMS-ARCOSA-NEW\\vendor\\laravel\\framework\\src\\Illuminate\\Pipeline\\Pipeline.php(183): Illuminate\\Session\\Middleware\\StartSession->handle(Object(Illuminate\\Http\\Request), Object(Closure))
#24 C:\\Users\\luism\\OneDrive\\Documents\\Proyectos\\WMS-ARCOSA-NEW\\vendor\\laravel\\framework\\src\\Illuminate\\Cookie\\Middleware\\AddQueuedCookiesToResponse.php(37): Illuminate\\Pipeline\\Pipeline->Illuminate\\Pipeline\\{closure}(Object(Illuminate\\Http\\Request))
#25 C:\\Users\\luism\\OneDrive\\Documents\\Proyectos\\WMS-ARCOSA-NEW\\vendor\\laravel\\framework\\src\\Illuminate\\Pipeline\\Pipeline.php(183): Illuminate\\Cookie\\Middleware\\AddQueuedCookiesToResponse->handle(Object(Illuminate\\Http\\Request), Object(Closure))
#26 C:\\Users\\luism\\OneDrive\\Documents\\Proyectos\\WMS-ARCOSA-NEW\\vendor\\laravel\\framework\\src\\Illuminate\\Cookie\\Middleware\\EncryptCookies.php(75): Illuminate\\Pipeline\\Pipeline->Illuminate\\Pipeline\\{closure}(Object(Illuminate\\Http\\Request))
#27 C:\\Users\\luism\\OneDrive\\Documents\\Proyectos\\WMS-ARCOSA-NEW\\vendor\\laravel\\framework\\src\\Illuminate\\Pipeline\\Pipeline.php(183): Illuminate\\Cookie\\Middleware\\EncryptCookies->handle(Object(Illuminate\\Http\\Request), Object(Closure))
#28 C:\\Users\\luism\\OneDrive\\Documents\\Proyectos\\WMS-ARCOSA-NEW\\vendor\\laravel\\framework\\src\\Illuminate\\Pipeline\\Pipeline.php(119): Illuminate\\Pipeline\\Pipeline->Illuminate\\Pipeline\\{closure}(Object(Illuminate\\Http\\Request))
#29 C:\\Users\\luism\\OneDrive\\Documents\\Proyectos\\WMS-ARCOSA-NEW\\vendor\\laravel\\framework\\src\\Illuminate\\Routing\\Router.php(805): Illuminate\\Pipeline\\Pipeline->then(Object(Closure))
#30 C:\\Users\\luism\\OneDrive\\Documents\\Proyectos\\WMS-ARCOSA-NEW\\vendor\\laravel\\framework\\src\\Illuminate\\Routing\\Router.php(784): Illuminate\\Routing\\Router->runRouteWithinStack(Object(Illuminate\\Routing\\Route), Object(Illuminate\\Http\\Request))
#31 C:\\Users\\luism\\OneDrive\\Documents\\Proyectos\\WMS-ARCOSA-NEW\\vendor\\laravel\\framework\\src\\Illuminate\\Routing\\Router.php(748): Illuminate\\Routing\\Router->runRoute(Object(Illuminate\\Http\\Request), Object(Illuminate\\Routing\\Route))
#32 C:\\Users\\luism\\OneDrive\\Documents\\Proyectos\\WMS-ARCOSA-NEW\\vendor\\laravel\\framework\\src\\Illuminate\\Routing\\Router.php(737): Illuminate\\Routing\\Router->dispatchToRoute(Object(Illuminate\\Http\\Request))
#33 C:\\Users\\luism\\OneDrive\\Documents\\Proyectos\\WMS-ARCOSA-NEW\\vendor\\laravel\\framework\\src\\Illuminate\\Foundation\\Http\\Kernel.php(200): Illuminate\\Routing\\Router->dispatch(Object(Illuminate\\Http\\Request))
#34 C:\\Users\\luism\\OneDrive\\Documents\\Proyectos\\WMS-ARCOSA-NEW\\vendor\\laravel\\framework\\src\\Illuminate\\Pipeline\\Pipeline.php(144): Illuminate\\Foundation\\Http\\Kernel->Illuminate\\Foundation\\Http\\{closure}(Object(Illuminate\\Http\\Request))
#35 C:\\Users\\luism\\OneDrive\\Documents\\Proyectos\\WMS-ARCOSA-NEW\\vendor\\laravel\\framework\\src\\Illuminate\\Foundation\\Http\\Middleware\\TransformsRequest.php(21): Illuminate\\Pipeline\\Pipeline->Illuminate\\Pipeline\\{closure}(Object(Illuminate\\Http\\Request))
#36 C:\\Users\\luism\\OneDrive\\Documents\\Proyectos\\WMS-ARCOSA-NEW\\vendor\\laravel\\framework\\src\\Illuminate\\Foundation\\Http\\Middleware\\ConvertEmptyStringsToNull.php(31): Illuminate\\Foundation\\Http\\Middleware\\TransformsRequest->handle(Object(Illuminate\\Http\\Request), Object(Closure))
#37 C:\\Users\\luism\\OneDrive\\Documents\\Proyectos\\WMS-ARCOSA-NEW\\vendor\\laravel\\framework\\src\\Illuminate\\Pipeline\\Pipeline.php(183): Illuminate\\Foundation\\Http\\Middleware\\ConvertEmptyStringsToNull->handle(Object(Illuminate\\Http\\Request), Object(Closure))
#38 C:\\Users\\luism\\OneDrive\\Documents\\Proyectos\\WMS-ARCOSA-NEW\\vendor\\laravel\\framework\\src\\Illuminate\\Foundation\\Http\\Middleware\\TransformsRequest.php(21): Illuminate\\Pipeline\\Pipeline->Illuminate\\Pipeline\\{closure}(Object(Illuminate\\Http\\Request))
#39 C:\\Users\\luism\\OneDrive\\Documents\\Proyectos\\WMS-ARCOSA-NEW\\vendor\\laravel\\framework\\src\\Illuminate\\Foundation\\Http\\Middleware\\TrimStrings.php(51): Illuminate\\Foundation\\Http\\Middleware\\TransformsRequest->handle(Object(Illuminate\\Http\\Request), Object(Closure))
#40 C:\\Users\\luism\\OneDrive\\Documents\\Proyectos\\WMS-ARCOSA-NEW\\vendor\\laravel\\framework\\src\\Illuminate\\Pipeline\\Pipeline.php(183): Illuminate\\Foundation\\Http\\Middleware\\TrimStrings->handle(Object(Illuminate\\Http\\Request), Object(Closure))
#41 C:\\Users\\luism\\OneDrive\\Documents\\Proyectos\\WMS-ARCOSA-NEW\\vendor\\laravel\\framework\\src\\Illuminate\\Http\\Middleware\\ValidatePostSize.php(27): Illuminate\\Pipeline\\Pipeline->Illuminate\\Pipeline\\{closure}(Object(Illuminate\\Http\\Request))
#42 C:\\Users\\luism\\OneDrive\\Documents\\Proyectos\\WMS-ARCOSA-NEW\\vendor\\laravel\\framework\\src\\Illuminate\\Pipeline\\Pipeline.php(183): Illuminate\\Http\\Middleware\\ValidatePostSize->handle(Object(Illuminate\\Http\\Request), Object(Closure))
#43 C:\\Users\\luism\\OneDrive\\Documents\\Proyectos\\WMS-ARCOSA-NEW\\vendor\\laravel\\framework\\src\\Illuminate\\Foundation\\Http\\Middleware\\PreventRequestsDuringMaintenance.php(110): Illuminate\\Pipeline\\Pipeline->Illuminate\\Pipeline\\{closure}(Object(Illuminate\\Http\\Request))
#44 C:\\Users\\luism\\OneDrive\\Documents\\Proyectos\\WMS-ARCOSA-NEW\\vendor\\laravel\\framework\\src\\Illuminate\\Pipeline\\Pipeline.php(183): Illuminate\\Foundation\\Http\\Middleware\\PreventRequestsDuringMaintenance->handle(Object(Illuminate\\Http\\Request), Object(Closure))
#45 C:\\Users\\luism\\OneDrive\\Documents\\Proyectos\\WMS-ARCOSA-NEW\\vendor\\laravel\\framework\\src\\Illuminate\\Http\\Middleware\\HandleCors.php(49): Illuminate\\Pipeline\\Pipeline->Illuminate\\Pipeline\\{closure}(Object(Illuminate\\Http\\Request))
#46 C:\\Users\\luism\\OneDrive\\Documents\\Proyectos\\WMS-ARCOSA-NEW\\vendor\\laravel\\framework\\src\\Illuminate\\Pipeline\\Pipeline.php(183): Illuminate\\Http\\Middleware\\HandleCors->handle(Object(Illuminate\\Http\\Request), Object(Closure))
#47 C:\\Users\\luism\\OneDrive\\Documents\\Proyectos\\WMS-ARCOSA-NEW\\vendor\\laravel\\framework\\src\\Illuminate\\Http\\Middleware\\TrustProxies.php(57): Illuminate\\Pipeline\\Pipeline->Illuminate\\Pipeline\\{closure}(Object(Illuminate\\Http\\Request))
#48 C:\\Users\\luism\\OneDrive\\Documents\\Proyectos\\WMS-ARCOSA-NEW\\vendor\\laravel\\framework\\src\\Illuminate\\Pipeline\\Pipeline.php(183): Illuminate\\Http\\Middleware\\TrustProxies->handle(Object(Illuminate\\Http\\Request), Object(Closure))
#49 C:\\Users\\luism\\OneDrive\\Documents\\Proyectos\\WMS-ARCOSA-NEW\\vendor\\laravel\\framework\\src\\Illuminate\\Pipeline\\Pipeline.php(119): Illuminate\\Pipeline\\Pipeline->Illuminate\\Pipeline\\{closure}(Object(Illuminate\\Http\\Request))
#50 C:\\Users\\luism\\OneDrive\\Documents\\Proyectos\\WMS-ARCOSA-NEW\\vendor\\laravel\\framework\\src\\Illuminate\\Foundation\\Http\\Kernel.php(175): Illuminate\\Pipeline\\Pipeline->then(Object(Closure))
#51 C:\\Users\\luism\\OneDrive\\Documents\\Proyectos\\WMS-ARCOSA-NEW\\vendor\\laravel\\framework\\src\\Illuminate\\Foundation\\Http\\Kernel.php(144): Illuminate\\Foundation\\Http\\Kernel->sendRequestThroughRouter(Object(Illuminate\\Http\\Request))
#52 C:\\Users\\luism\\OneDrive\\Documents\\Proyectos\\WMS-ARCOSA-NEW\\vendor\\laravel\\framework\\src\\Illuminate\\Foundation\\Application.php(1183): Illuminate\\Foundation\\Http\\Kernel->handle(Object(Illuminate\\Http\\Request))
#53 C:\\Users\\luism\\OneDrive\\Documents\\Proyectos\\WMS-ARCOSA-NEW\\public\\index.php(17): Illuminate\\Foundation\\Application->handleRequest(Object(Illuminate\\Http\\Request))
#54 C:\\Users\\luism\\OneDrive\\Documents\\Proyectos\\WMS-ARCOSA-NEW\\vendor\\laravel\\framework\\src\\Illuminate\\Foundation\\resources\\server.php(16): require_once('C:\\\\Users\\\\luism\\\\...')
#55 {main}

[previous exception] [object] (Illuminate\\Foundation\\ViteManifestNotFoundException(code: 0): Vite manifest not found at: C:\\Users\\luism\\OneDrive\\Documents\\Proyectos\\WMS-ARCOSA-NEW\\public\\build/manifest.json at C:\\Users\\luism\\OneDrive\\Documents\\Proyectos\\WMS-ARCOSA-NEW\\vendor\\laravel\\framework\\src\\Illuminate\\Foundation\\Vite.php:728)
[stacktrace]
#0 C:\\Users\\luism\\OneDrive\\Documents\\Proyectos\\WMS-ARCOSA-NEW\\vendor\\laravel\\framework\\src\\Illuminate\\Foundation\\Vite.php(293): Illuminate\\Foundation\\Vite->manifest('build')
#1 C:\\Users\\luism\\OneDrive\\Documents\\Proyectos\\WMS-ARCOSA-NEW\\storage\\framework\\views\\bbc96e7076f5cff04a5ce0e0821c40ea.php(10): Illuminate\\Foundation\\Vite->__invoke(Object(Illuminate\\Support\\Collection))
#2 C:\\Users\\luism\\OneDrive\\Documents\\Proyectos\\WMS-ARCOSA-NEW\\vendor\\laravel\\framework\\src\\Illuminate\\Filesystem\\Filesystem.php(123): require('C:\\\\Users\\\\luism\\\\...')
#3 C:\\Users\\luism\\OneDrive\\Documents\\Proyectos\\WMS-ARCOSA-NEW\\vendor\\laravel\\framework\\src\\Illuminate\\Filesystem\\Filesystem.php(124): Illuminate\\Filesystem\\Filesystem::Illuminate\\Filesystem\\{closure}()
#4 C:\\Users\\luism\\OneDrive\\Documents\\Proyectos\\WMS-ARCOSA-NEW\\vendor\\laravel\\framework\\src\\Illuminate\\View\\Engines\\PhpEngine.php(58): Illuminate\\Filesystem\\Filesystem->getRequire('C:\\\\Users\\\\luism\\\\...', Array)
#5 C:\\Users\\luism\\OneDrive\\Documents\\Proyectos\\WMS-ARCOSA-NEW\\vendor\\laravel\\framework\\src\\Illuminate\\View\\Engines\\CompilerEngine.php(73): Illuminate\\View\\Engines\\PhpEngine->evaluatePath('C:\\\\Users\\\\luism\\\\...', Array)
#6 C:\\Users\\luism\\OneDrive\\Documents\\Proyectos\\WMS-ARCOSA-NEW\\vendor\\laravel\\framework\\src\\Illuminate\\View\\View.php(208): Illuminate\\View\\Engines\\CompilerEngine->get('C:\\\\Users\\\\luism\\\\...', Array)
#7 C:\\Users\\luism\\OneDrive\\Documents\\Proyectos\\WMS-ARCOSA-NEW\\vendor\\laravel\\framework\\src\\Illuminate\\View\\View.php(191): Illuminate\\View\\View->getContents()
#8 C:\\Users\\luism\\OneDrive\\Documents\\Proyectos\\WMS-ARCOSA-NEW\\vendor\\laravel\\framework\\src\\Illuminate\\View\\View.php(160): Illuminate\\View\\View->renderContents()
#9 C:\\Users\\luism\\OneDrive\\Documents\\Proyectos\\WMS-ARCOSA-NEW\\vendor\\laravel\\framework\\src\\Illuminate\\Http\\Response.php(70): Illuminate\\View\\View->render()
#10 C:\\Users\\luism\\OneDrive\\Documents\\Proyectos\\WMS-ARCOSA-NEW\\vendor\\laravel\\framework\\src\\Illuminate\\Http\\Response.php(35): Illuminate\\Http\\Response->setContent(Object(Illuminate\\View\\View))
#11 C:\\Users\\luism\\OneDrive\\Documents\\Proyectos\\WMS-ARCOSA-NEW\\vendor\\laravel\\framework\\src\\Illuminate\\Routing\\Router.php(918): Illuminate\\Http\\Response->__construct(Object(Illuminate\\View\\View), 200, Array)
#12 C:\\Users\\luism\\OneDrive\\Documents\\Proyectos\\WMS-ARCOSA-NEW\\vendor\\laravel\\framework\\src\\Illuminate\\Routing\\Router.php(885): Illuminate\\Routing\\Router::toResponse(Object(Illuminate\\Http\\Request), Object(Illuminate\\View\\View))
#13 C:\\Users\\luism\\OneDrive\\Documents\\Proyectos\\WMS-ARCOSA-NEW\\vendor\\laravel\\framework\\src\\Illuminate\\Routing\\Router.php(805): Illuminate\\Routing\\Router->prepareResponse(Object(Illuminate\\Http\\Request), Object(Illuminate\\View\\View))
#14 C:\\Users\\luism\\OneDrive\\Documents\\Proyectos\\WMS-ARCOSA-NEW\\vendor\\laravel\\framework\\src\\Illuminate\\Pipeline\\Pipeline.php(144): Illuminate\\Routing\\Router->Illuminate\\Routing\\{closure}(Object(Illuminate\\Http\\Request))
#15 C:\\Users\\luism\\OneDrive\\Documents\\Proyectos\\WMS-ARCOSA-NEW\\vendor\\laravel\\framework\\src\\Illuminate\\Routing\\Middleware\\SubstituteBindings.php(50): Illuminate\\Pipeline\\Pipeline->Illuminate\\Pipeline\\{closure}(Object(Illuminate\\Http\\Request))
#16 C:\\Users\\luism\\OneDrive\\Documents\\Proyectos\\WMS-ARCOSA-NEW\\vendor\\laravel\\framework\\src\\Illuminate\\Pipeline\\Pipeline.php(183): Illuminate\\Routing\\Middleware\\SubstituteBindings->handle(Object(Illuminate\\Http\\Request), Object(Closure))
#17 C:\\Users\\luism\\OneDrive\\Documents\\Proyectos\\WMS-ARCOSA-NEW\\vendor\\laravel\\framework\\src\\Illuminate\\Foundation\\Http\\Middleware\\VerifyCsrfToken.php(88): Illuminate\\Pipeline\\Pipeline->Illuminate\\Pipeline\\{closure}(Object(Illuminate\\Http\\Request))
#18 C:\\Users\\luism\\OneDrive\\Documents\\Proyectos\\WMS-ARCOSA-NEW\\vendor\\laravel\\framework\\src\\Illuminate\\Pipeline\\Pipeline.php(183): Illuminate\\Foundation\\Http\\Middleware\\VerifyCsrfToken->handle(Object(Illuminate\\Http\\Request), Object(Closure))
#19 C:\\Users\\luism\\OneDrive\\Documents\\Proyectos\\WMS-ARCOSA-NEW\\vendor\\laravel\\framework\\src\\Illuminate\\View\\Middleware\\ShareErrorsFromSession.php(49): Illuminate\\Pipeline\\Pipeline->Illuminate\\Pipeline\\{closure}(Object(Illuminate\\Http\\Request))
#20 C:\\Users\\luism\\OneDrive\\Documents\\Proyectos\\WMS-ARCOSA-NEW\\vendor\\laravel\\framework\\src\\Illuminate\\Pipeline\\Pipeline.php(183): Illuminate\\View\\Middleware\\ShareErrorsFromSession->handle(Object(Illuminate\\Http\\Request), Object(Closure))
#21 C:\\Users\\luism\\OneDrive\\Documents\\Proyectos\\WMS-ARCOSA-NEW\\vendor\\laravel\\framework\\src\\Illuminate\\Session\\Middleware\\StartSession.php(121): Illuminate\\Pipeline\\Pipeline->Illuminate\\Pipeline\\{closure}(Object(Illuminate\\Http\\Request))
#22 C:\\Users\\luism\\OneDrive\\Documents\\Proyectos\\WMS-ARCOSA-NEW\\vendor\\laravel\\framework\\src\\Illuminate\\Session\\Middleware\\StartSession.php(64): Illuminate\\Session\\Middleware\\StartSession->handleStatefulRequest(Object(Illuminate\\Http\\Request), Object(Illuminate\\Session\\Store), Object(Closure))
#23 C:\\Users\\luism\\OneDrive\\Documents\\Proyectos\\WMS-ARCOSA-NEW\\vendor\\laravel\\framework\\src\\Illuminate\\Pipeline\\Pipeline.php(183): Illuminate\\Session\\Middleware\\StartSession->handle(Object(Illuminate\\Http\\Request), Object(Closure))
#24 C:\\Users\\luism\\OneDrive\\Documents\\Proyectos\\WMS-ARCOSA-NEW\\vendor\\laravel\\framework\\src\\Illuminate\\Cookie\\Middleware\\AddQueuedCookiesToResponse.php(37): Illuminate\\Pipeline\\Pipeline->Illuminate\\Pipeline\\{closure}(Object(Illuminate\\Http\\Request))
#25 C:\\Users\\luism\\OneDrive\\Documents\\Proyectos\\WMS-ARCOSA-NEW\\vendor\\laravel\\framework\\src\\Illuminate\\Pipeline\\Pipeline.php(183): Illuminate\\Cookie\\Middleware\\AddQueuedCookiesToResponse->handle(Object(Illuminate\\Http\\Request), Object(Closure))
#26 C:\\Users\\luism\\OneDrive\\Documents\\Proyectos\\WMS-ARCOSA-NEW\\vendor\\laravel\\framework\\src\\Illuminate\\Cookie\\Middleware\\EncryptCookies.php(75): Illuminate\\Pipeline\\Pipeline->Illuminate\\Pipeline\\{closure}(Object(Illuminate\\Http\\Request))
#27 C:\\Users\\luism\\OneDrive\\Documents\\Proyectos\\WMS-ARCOSA-NEW\\vendor\\laravel\\framework\\src\\Illuminate\\Pipeline\\Pipeline.php(183): Illuminate\\Cookie\\Middleware\\EncryptCookies->handle(Object(Illuminate\\Http\\Request), Object(Closure))
#28 C:\\Users\\luism\\OneDrive\\Documents\\Proyectos\\WMS-ARCOSA-NEW\\vendor\\laravel\\framework\\src\\Illuminate\\Pipeline\\Pipeline.php(119): Illuminate\\Pipeline\\Pipeline->Illuminate\\Pipeline\\{closure}(Object(Illuminate\\Http\\Request))
#29 C:\\Users\\luism\\OneDrive\\Documents\\Proyectos\\WMS-ARCOSA-NEW\\vendor\\laravel\\framework\\src\\Illuminate\\Routing\\Router.php(805): Illuminate\\Pipeline\\Pipeline->then(Object(Closure))
#30 C:\\Users\\luism\\OneDrive\\Documents\\Proyectos\\WMS-ARCOSA-NEW\\vendor\\laravel\\framework\\src\\Illuminate\\Routing\\Router.php(784): Illuminate\\Routing\\Router->runRouteWithinStack(Object(Illuminate\\Routing\\Route), Object(Illuminate\\Http\\Request))
#31 C:\\Users\\luism\\OneDrive\\Documents\\Proyectos\\WMS-ARCOSA-NEW\\vendor\\laravel\\framework\\src\\Illuminate\\Routing\\Router.php(748): Illuminate\\Routing\\Router->runRoute(Object(Illuminate\\Http\\Request), Object(Illuminate\\Routing\\Route))
#32 C:\\Users\\luism\\OneDrive\\Documents\\Proyectos\\WMS-ARCOSA-NEW\\vendor\\laravel\\framework\\src\\Illuminate\\Routing\\Router.php(737): Illuminate\\Routing\\Router->dispatchToRoute(Object(Illuminate\\Http\\Request))
#33 C:\\Users\\luism\\OneDrive\\Documents\\Proyectos\\WMS-ARCOSA-NEW\\vendor\\laravel\\framework\\src\\Illuminate\\Foundation\\Http\\Kernel.php(200): Illuminate\\Routing\\Router->dispatch(Object(Illuminate\\Http\\Request))
#34 C:\\Users\\luism\\OneDrive\\Documents\\Proyectos\\WMS-ARCOSA-NEW\\vendor\\laravel\\framework\\src\\Illuminate\\Pipeline\\Pipeline.php(144): Illuminate\\Foundation\\Http\\Kernel->Illuminate\\Foundation\\Http\\{closure}(Object(Illuminate\\Http\\Request))
#35 C:\\Users\\luism\\OneDrive\\Documents\\Proyectos\\WMS-ARCOSA-NEW\\vendor\\laravel\\framework\\src\\Illuminate\\Foundation\\Http\\Middleware\\TransformsRequest.php(21): Illuminate\\Pipeline\\Pipeline->Illuminate\\Pipeline\\{closure}(Object(Illuminate\\Http\\Request))
#36 C:\\Users\\luism\\OneDrive\\Documents\\Proyectos\\WMS-ARCOSA-NEW\\vendor\\laravel\\framework\\src\\Illuminate\\Foundation\\Http\\Middleware\\ConvertEmptyStringsToNull.php(31): Illuminate\\Foundation\\Http\\Middleware\\TransformsRequest->handle(Object(Illuminate\\Http\\Request), Object(Closure))
#37 C:\\Users\\luism\\OneDrive\\Documents\\Proyectos\\WMS-ARCOSA-NEW\\vendor\\laravel\\framework\\src\\Illuminate\\Pipeline\\Pipeline.php(183): Illuminate\\Foundation\\Http\\Middleware\\ConvertEmptyStringsToNull->handle(Object(Illuminate\\Http\\Request), Object(Closure))
#38 C:\\Users\\luism\\OneDrive\\Documents\\Proyectos\\WMS-ARCOSA-NEW\\vendor\\laravel\\framework\\src\\Illuminate\\Foundation\\Http\\Middleware\\TransformsRequest.php(21): Illuminate\\Pipeline\\Pipeline->Illuminate\\Pipeline\\{closure}(Object(Illuminate\\Http\\Request))
#39 C:\\Users\\luism\\OneDrive\\Documents\\Proyectos\\WMS-ARCOSA-NEW\\vendor\\laravel\\framework\\src\\Illuminate\\Foundation\\Http\\Middleware\\TrimStrings.php(51): Illuminate\\Foundation\\Http\\Middleware\\TransformsRequest->handle(Object(Illuminate\\Http\\Request), Object(Closure))
#40 C:\\Users\\luism\\OneDrive\\Documents\\Proyectos\\WMS-ARCOSA-NEW\\vendor\\laravel\\framework\\src\\Illuminate\\Pipeline\\Pipeline.php(183): Illuminate\\Foundation\\Http\\Middleware\\TrimStrings->handle(Object(Illuminate\\Http\\Request), Object(Closure))
#41 C:\\Users\\luism\\OneDrive\\Documents\\Proyectos\\WMS-ARCOSA-NEW\\vendor\\laravel\\framework\\src\\Illuminate\\Http\\Middleware\\ValidatePostSize.php(27): Illuminate\\Pipeline\\Pipeline->Illuminate\\Pipeline\\{closure}(Object(Illuminate\\Http\\Request))
#42 C:\\Users\\luism\\OneDrive\\Documents\\Proyectos\\WMS-ARCOSA-NEW\\vendor\\laravel\\framework\\src\\Illuminate\\Pipeline\\Pipeline.php(183): Illuminate\\Http\\Middleware\\ValidatePostSize->handle(Object(Illuminate\\Http\\Request), Object(Closure))
#43 C:\\Users\\luism\\OneDrive\\Documents\\Proyectos\\WMS-ARCOSA-NEW\\vendor\\laravel\\framework\\src\\Illuminate\\Foundation\\Http\\Middleware\\PreventRequestsDuringMaintenance.php(110): Illuminate\\Pipeline\\Pipeline->Illuminate\\Pipeline\\{closure}(Object(Illuminate\\Http\\Request))
#44 C:\\Users\\luism\\OneDrive\\Documents\\Proyectos\\WMS-ARCOSA-NEW\\vendor\\laravel\\framework\\src\\Illuminate\\Pipeline\\Pipeline.php(183): Illuminate\\Foundation\\Http\\Middleware\\PreventRequestsDuringMaintenance->handle(Object(Illuminate\\Http\\Request), Object(Closure))
#45 C:\\Users\\luism\\OneDrive\\Documents\\Proyectos\\WMS-ARCOSA-NEW\\vendor\\laravel\\framework\\src\\Illuminate\\Http\\Middleware\\HandleCors.php(49): Illuminate\\Pipeline\\Pipeline->Illuminate\\Pipeline\\{closure}(Object(Illuminate\\Http\\Request))
#46 C:\\Users\\luism\\OneDrive\\Documents\\Proyectos\\WMS-ARCOSA-NEW\\vendor\\laravel\\framework\\src\\Illuminate\\Pipeline\\Pipeline.php(183): Illuminate\\Http\\Middleware\\HandleCors->handle(Object(Illuminate\\Http\\Request), Object(Closure))
#47 C:\\Users\\luism\\OneDrive\\Documents\\Proyectos\\WMS-ARCOSA-NEW\\vendor\\laravel\\framework\\src\\Illuminate\\Http\\Middleware\\TrustProxies.php(57): Illuminate\\Pipeline\\Pipeline->Illuminate\\Pipeline\\{closure}(Object(Illuminate\\Http\\Request))
#48 C:\\Users\\luism\\OneDrive\\Documents\\Proyectos\\WMS-ARCOSA-NEW\\vendor\\laravel\\framework\\src\\Illuminate\\Pipeline\\Pipeline.php(183): Illuminate\\Http\\Middleware\\TrustProxies->handle(Object(Illuminate\\Http\\Request), Object(Closure))
#49 C:\\Users\\luism\\OneDrive\\Documents\\Proyectos\\WMS-ARCOSA-NEW\\vendor\\laravel\\framework\\src\\Illuminate\\Pipeline\\Pipeline.php(119): Illuminate\\Pipeline\\Pipeline->Illuminate\\Pipeline\\{closure}(Object(Illuminate\\Http\\Request))
#50 C:\\Users\\luism\\OneDrive\\Documents\\Proyectos\\WMS-ARCOSA-NEW\\vendor\\laravel\\framework\\src\\Illuminate\\Foundation\\Http\\Kernel.php(175): Illuminate\\Pipeline\\Pipeline->then(Object(Closure))
#51 C:\\Users\\luism\\OneDrive\\Documents\\Proyectos\\WMS-ARCOSA-NEW\\vendor\\laravel\\framework\\src\\Illuminate\\Foundation\\Http\\Kernel.php(144): Illuminate\\Foundation\\Http\\Kernel->sendRequestThroughRouter(Object(Illuminate\\Http\\Request))
#52 C:\\Users\\luism\\OneDrive\\Documents\\Proyectos\\WMS-ARCOSA-NEW\\vendor\\laravel\\framework\\src\\Illuminate\\Foundation\\Application.php(1183): Illuminate\\Foundation\\Http\\Kernel->handle(Object(Illuminate\\Http\\Request))
#53 C:\\Users\\luism\\OneDrive\\Documents\\Proyectos\\WMS-ARCOSA-NEW\\public\\index.php(17): Illuminate\\Foundation\\Application->handleRequest(Object(Illuminate\\Http\\Request))
#54 C:\\Users\\luism\\OneDrive\\Documents\\Proyectos\\WMS-ARCOSA-NEW\\vendor\\laravel\\framework\\src\\Illuminate\\Foundation\\resources\\server.php(16): require_once('C:\\\\Users\\\\luism\\\\...')
#55 {main}
"} 
[2024-07-25 17:54:06] local.ERROR: SQLSTATE[21S01]: Insert value list does not match column list: 1136 Column count doesn't match value count at row 5 (Connection: mariadb, SQL: insert into `catalogo_tipo_camaras` (`activo`, `descripcion`, `maximo`, `minimo`, `nombre`) values (1, Camara para servicio de congelación, -18, -23, Congelacion), (1, Camara para servicio de refrigeracion, 4, 0, Refrigeracion), (1, Tunel de congelacion rapida, 0, -23, Tunel), (1, Camara para embalajes, 10, 0, Embalaje), (Camara para producto seco, 18, 10, Seco), (Camara de conservacion, 0, 0, Conservacion)) {"exception":"[object] (Illuminate\\Database\\QueryException(code: 21S01): SQLSTATE[21S01]: Insert value list does not match column list: 1136 Column count doesn't match value count at row 5 (Connection: mariadb, SQL: insert into `catalogo_tipo_camaras` (`activo`, `descripcion`, `maximo`, `minimo`, `nombre`) values (1, Camara para servicio de congelación, -18, -23, Congelacion), (1, Camara para servicio de refrigeracion, 4, 0, Refrigeracion), (1, Tunel de congelacion rapida, 0, -23, Tunel), (1, Camara para embalajes, 10, 0, Embalaje), (Camara para producto seco, 18, 10, Seco), (Camara de conservacion, 0, 0, Conservacion)) at C:\\Users\\luism\\OneDrive\\Documents\\Proyectos\\WMS-ARCOSA-NEW\\vendor\\laravel\\framework\\src\\Illuminate\\Database\\Connection.php:813)
[stacktrace]
#0 C:\\Users\\luism\\OneDrive\\Documents\\Proyectos\\WMS-ARCOSA-NEW\\vendor\\laravel\\framework\\src\\Illuminate\\Database\\Connection.php(767): Illuminate\\Database\\Connection->runQueryCallback('insert into `ca...', Array, Object(Closure))
#1 C:\\Users\\luism\\OneDrive\\Documents\\Proyectos\\WMS-ARCOSA-NEW\\vendor\\laravel\\framework\\src\\Illuminate\\Database\\Connection.php(560): Illuminate\\Database\\Connection->run('insert into `ca...', Array, Object(Closure))
#2 C:\\Users\\luism\\OneDrive\\Documents\\Proyectos\\WMS-ARCOSA-NEW\\vendor\\laravel\\framework\\src\\Illuminate\\Database\\Connection.php(524): Illuminate\\Database\\Connection->statement('insert into `ca...', Array)
#3 C:\\Users\\luism\\OneDrive\\Documents\\Proyectos\\WMS-ARCOSA-NEW\\vendor\\laravel\\framework\\src\\Illuminate\\Database\\Query\\Builder.php(3608): Illuminate\\Database\\Connection->insert('insert into `ca...', Array)
#4 C:\\Users\\luism\\OneDrive\\Documents\\Proyectos\\WMS-ARCOSA-NEW\\database\\seeders\\CatalogoTipoCamarasSeeder.php(17): Illuminate\\Database\\Query\\Builder->insert(Array)
#5 C:\\Users\\luism\\OneDrive\\Documents\\Proyectos\\WMS-ARCOSA-NEW\\vendor\\laravel\\framework\\src\\Illuminate\\Container\\BoundMethod.php(36): Database\\Seeders\\CatalogoTipoCamarasSeeder->run()
#6 C:\\Users\\luism\\OneDrive\\Documents\\Proyectos\\WMS-ARCOSA-NEW\\vendor\\laravel\\framework\\src\\Illuminate\\Container\\Util.php(41): Illuminate\\Container\\BoundMethod::Illuminate\\Container\\{closure}()
#7 C:\\Users\\luism\\OneDrive\\Documents\\Proyectos\\WMS-ARCOSA-NEW\\vendor\\laravel\\framework\\src\\Illuminate\\Container\\BoundMethod.php(93): Illuminate\\Container\\Util::unwrapIfClosure(Object(Closure))
#8 C:\\Users\\luism\\OneDrive\\Documents\\Proyectos\\WMS-ARCOSA-NEW\\vendor\\laravel\\framework\\src\\Illuminate\\Container\\BoundMethod.php(35): Illuminate\\Container\\BoundMethod::callBoundMethod(Object(Illuminate\\Foundation\\Application), Array, Object(Closure))
#9 C:\\Users\\luism\\OneDrive\\Documents\\Proyectos\\WMS-ARCOSA-NEW\\vendor\\laravel\\framework\\src\\Illuminate\\Container\\Container.php(662): Illuminate\\Container\\BoundMethod::call(Object(Illuminate\\Foundation\\Application), Array, Array, NULL)
#10 C:\\Users\\luism\\OneDrive\\Documents\\Proyectos\\WMS-ARCOSA-NEW\\vendor\\laravel\\framework\\src\\Illuminate\\Database\\Seeder.php(184): Illuminate\\Container\\Container->call(Array, Array)
#11 C:\\Users\\luism\\OneDrive\\Documents\\Proyectos\\WMS-ARCOSA-NEW\\vendor\\laravel\\framework\\src\\Illuminate\\Database\\Seeder.php(193): Illuminate\\Database\\Seeder->Illuminate\\Database\\{closure}()
#12 C:\\Users\\luism\\OneDrive\\Documents\\Proyectos\\WMS-ARCOSA-NEW\\vendor\\laravel\\framework\\src\\Illuminate\\Database\\Seeder.php(61): Illuminate\\Database\\Seeder->__invoke(Array)
#13 C:\\Users\\luism\\OneDrive\\Documents\\Proyectos\\WMS-ARCOSA-NEW\\database\\seeders\\DatabaseSeeder.php(31): Illuminate\\Database\\Seeder->call('Database\\\\Seeder...')
#14 C:\\Users\\luism\\OneDrive\\Documents\\Proyectos\\WMS-ARCOSA-NEW\\vendor\\laravel\\framework\\src\\Illuminate\\Container\\BoundMethod.php(36): Database\\Seeders\\DatabaseSeeder->run()
#15 C:\\Users\\luism\\OneDrive\\Documents\\Proyectos\\WMS-ARCOSA-NEW\\vendor\\laravel\\framework\\src\\Illuminate\\Container\\Util.php(41): Illuminate\\Container\\BoundMethod::Illuminate\\Container\\{closure}()
#16 C:\\Users\\luism\\OneDrive\\Documents\\Proyectos\\WMS-ARCOSA-NEW\\vendor\\laravel\\framework\\src\\Illuminate\\Container\\BoundMethod.php(93): Illuminate\\Container\\Util::unwrapIfClosure(Object(Closure))
#17 C:\\Users\\luism\\OneDrive\\Documents\\Proyectos\\WMS-ARCOSA-NEW\\vendor\\laravel\\framework\\src\\Illuminate\\Container\\BoundMethod.php(35): Illuminate\\Container\\BoundMethod::callBoundMethod(Object(Illuminate\\Foundation\\Application), Array, Object(Closure))
#18 C:\\Users\\luism\\OneDrive\\Documents\\Proyectos\\WMS-ARCOSA-NEW\\vendor\\laravel\\framework\\src\\Illuminate\\Container\\Container.php(662): Illuminate\\Container\\BoundMethod::call(Object(Illuminate\\Foundation\\Application), Array, Array, NULL)
#19 C:\\Users\\luism\\OneDrive\\Documents\\Proyectos\\WMS-ARCOSA-NEW\\vendor\\laravel\\framework\\src\\Illuminate\\Database\\Seeder.php(184): Illuminate\\Container\\Container->call(Array, Array)
#20 C:\\Users\\luism\\OneDrive\\Documents\\Proyectos\\WMS-ARCOSA-NEW\\vendor\\laravel\\framework\\src\\Illuminate\\Database\\Seeder.php(193): Illuminate\\Database\\Seeder->Illuminate\\Database\\{closure}()
#21 C:\\Users\\luism\\OneDrive\\Documents\\Proyectos\\WMS-ARCOSA-NEW\\vendor\\laravel\\framework\\src\\Illuminate\\Database\\Console\\Seeds\\SeedCommand.php(70): Illuminate\\Database\\Seeder->__invoke()
#22 C:\\Users\\luism\\OneDrive\\Documents\\Proyectos\\WMS-ARCOSA-NEW\\vendor\\laravel\\framework\\src\\Illuminate\\Database\\Eloquent\\Concerns\\GuardsAttributes.php(155): Illuminate\\Database\\Console\\Seeds\\SeedCommand->Illuminate\\Database\\Console\\Seeds\\{closure}()
#23 C:\\Users\\luism\\OneDrive\\Documents\\Proyectos\\WMS-ARCOSA-NEW\\vendor\\laravel\\framework\\src\\Illuminate\\Database\\Console\\Seeds\\SeedCommand.php(69): Illuminate\\Database\\Eloquent\\Model::unguarded(Object(Closure))
#24 C:\\Users\\luism\\OneDrive\\Documents\\Proyectos\\WMS-ARCOSA-NEW\\vendor\\laravel\\framework\\src\\Illuminate\\Container\\BoundMethod.php(36): Illuminate\\Database\\Console\\Seeds\\SeedCommand->handle()
#25 C:\\Users\\luism\\OneDrive\\Documents\\Proyectos\\WMS-ARCOSA-NEW\\vendor\\laravel\\framework\\src\\Illuminate\\Container\\Util.php(41): Illuminate\\Container\\BoundMethod::Illuminate\\Container\\{closure}()
#26 C:\\Users\\luism\\OneDrive\\Documents\\Proyectos\\WMS-ARCOSA-NEW\\vendor\\laravel\\framework\\src\\Illuminate\\Container\\BoundMethod.php(93): Illuminate\\Container\\Util::unwrapIfClosure(Object(Closure))
#27 C:\\Users\\luism\\OneDrive\\Documents\\Proyectos\\WMS-ARCOSA-NEW\\vendor\\laravel\\framework\\src\\Illuminate\\Container\\BoundMethod.php(35): Illuminate\\Container\\BoundMethod::callBoundMethod(Object(Illuminate\\Foundation\\Application), Array, Object(Closure))
#28 C:\\Users\\luism\\OneDrive\\Documents\\Proyectos\\WMS-ARCOSA-NEW\\vendor\\laravel\\framework\\src\\Illuminate\\Container\\Container.php(662): Illuminate\\Container\\BoundMethod::call(Object(Illuminate\\Foundation\\Application), Array, Array, NULL)
#29 C:\\Users\\luism\\OneDrive\\Documents\\Proyectos\\WMS-ARCOSA-NEW\\vendor\\laravel\\framework\\src\\Illuminate\\Console\\Command.php(213): Illuminate\\Container\\Container->call(Array)
#30 C:\\Users\\luism\\OneDrive\\Documents\\Proyectos\\WMS-ARCOSA-NEW\\vendor\\symfony\\console\\Command\\Command.php(279): Illuminate\\Console\\Command->execute(Object(Symfony\\Component\\Console\\Input\\ArgvInput), Object(Illuminate\\Console\\OutputStyle))
#31 C:\\Users\\luism\\OneDrive\\Documents\\Proyectos\\WMS-ARCOSA-NEW\\vendor\\laravel\\framework\\src\\Illuminate\\Console\\Command.php(182): Symfony\\Component\\Console\\Command\\Command->run(Object(Symfony\\Component\\Console\\Input\\ArgvInput), Object(Illuminate\\Console\\OutputStyle))
#32 C:\\Users\\luism\\OneDrive\\Documents\\Proyectos\\WMS-ARCOSA-NEW\\vendor\\symfony\\console\\Application.php(1047): Illuminate\\Console\\Command->run(Object(Symfony\\Component\\Console\\Input\\ArgvInput), Object(Symfony\\Component\\Console\\Output\\ConsoleOutput))
#33 C:\\Users\\luism\\OneDrive\\Documents\\Proyectos\\WMS-ARCOSA-NEW\\vendor\\symfony\\console\\Application.php(316): Symfony\\Component\\Console\\Application->doRunCommand(Object(Illuminate\\Database\\Console\\Seeds\\SeedCommand), Object(Symfony\\Component\\Console\\Input\\ArgvInput), Object(Symfony\\Component\\Console\\Output\\ConsoleOutput))
#34 C:\\Users\\luism\\OneDrive\\Documents\\Proyectos\\WMS-ARCOSA-NEW\\vendor\\symfony\\console\\Application.php(167): Symfony\\Component\\Console\\Application->doRun(Object(Symfony\\Component\\Console\\Input\\ArgvInput), Object(Symfony\\Component\\Console\\Output\\ConsoleOutput))
#35 C:\\Users\\luism\\OneDrive\\Documents\\Proyectos\\WMS-ARCOSA-NEW\\vendor\\laravel\\framework\\src\\Illuminate\\Foundation\\Console\\Kernel.php(196): Symfony\\Component\\Console\\Application->run(Object(Symfony\\Component\\Console\\Input\\ArgvInput), Object(Symfony\\Component\\Console\\Output\\ConsoleOutput))
#36 C:\\Users\\luism\\OneDrive\\Documents\\Proyectos\\WMS-ARCOSA-NEW\\vendor\\laravel\\framework\\src\\Illuminate\\Foundation\\Application.php(1198): Illuminate\\Foundation\\Console\\Kernel->handle(Object(Symfony\\Component\\Console\\Input\\ArgvInput), Object(Symfony\\Component\\Console\\Output\\ConsoleOutput))
#37 C:\\Users\\luism\\OneDrive\\Documents\\Proyectos\\WMS-ARCOSA-NEW\\artisan(13): Illuminate\\Foundation\\Application->handleCommand(Object(Symfony\\Component\\Console\\Input\\ArgvInput))
#38 {main}

[previous exception] [object] (PDOException(code: 21S01): SQLSTATE[21S01]: Insert value list does not match column list: 1136 Column count doesn't match value count at row 5 at C:\\Users\\luism\\OneDrive\\Documents\\Proyectos\\WMS-ARCOSA-NEW\\vendor\\laravel\\framework\\src\\Illuminate\\Database\\Connection.php:565)
[stacktrace]
#0 C:\\Users\\luism\\OneDrive\\Documents\\Proyectos\\WMS-ARCOSA-NEW\\vendor\\laravel\\framework\\src\\Illuminate\\Database\\Connection.php(565): PDO->prepare('insert into `ca...')
#1 C:\\Users\\luism\\OneDrive\\Documents\\Proyectos\\WMS-ARCOSA-NEW\\vendor\\laravel\\framework\\src\\Illuminate\\Database\\Connection.php(800): Illuminate\\Database\\Connection->Illuminate\\Database\\{closure}('insert into `ca...', Array)
#2 C:\\Users\\luism\\OneDrive\\Documents\\Proyectos\\WMS-ARCOSA-NEW\\vendor\\laravel\\framework\\src\\Illuminate\\Database\\Connection.php(767): Illuminate\\Database\\Connection->runQueryCallback('insert into `ca...', Array, Object(Closure))
#3 C:\\Users\\luism\\OneDrive\\Documents\\Proyectos\\WMS-ARCOSA-NEW\\vendor\\laravel\\framework\\src\\Illuminate\\Database\\Connection.php(560): Illuminate\\Database\\Connection->run('insert into `ca...', Array, Object(Closure))
#4 C:\\Users\\luism\\OneDrive\\Documents\\Proyectos\\WMS-ARCOSA-NEW\\vendor\\laravel\\framework\\src\\Illuminate\\Database\\Connection.php(524): Illuminate\\Database\\Connection->statement('insert into `ca...', Array)
#5 C:\\Users\\luism\\OneDrive\\Documents\\Proyectos\\WMS-ARCOSA-NEW\\vendor\\laravel\\framework\\src\\Illuminate\\Database\\Query\\Builder.php(3608): Illuminate\\Database\\Connection->insert('insert into `ca...', Array)
#6 C:\\Users\\luism\\OneDrive\\Documents\\Proyectos\\WMS-ARCOSA-NEW\\database\\seeders\\CatalogoTipoCamarasSeeder.php(17): Illuminate\\Database\\Query\\Builder->insert(Array)
#7 C:\\Users\\luism\\OneDrive\\Documents\\Proyectos\\WMS-ARCOSA-NEW\\vendor\\laravel\\framework\\src\\Illuminate\\Container\\BoundMethod.php(36): Database\\Seeders\\CatalogoTipoCamarasSeeder->run()
#8 C:\\Users\\luism\\OneDrive\\Documents\\Proyectos\\WMS-ARCOSA-NEW\\vendor\\laravel\\framework\\src\\Illuminate\\Container\\Util.php(41): Illuminate\\Container\\BoundMethod::Illuminate\\Container\\{closure}()
#9 C:\\Users\\luism\\OneDrive\\Documents\\Proyectos\\WMS-ARCOSA-NEW\\vendor\\laravel\\framework\\src\\Illuminate\\Container\\BoundMethod.php(93): Illuminate\\Container\\Util::unwrapIfClosure(Object(Closure))
#10 C:\\Users\\luism\\OneDrive\\Documents\\Proyectos\\WMS-ARCOSA-NEW\\vendor\\laravel\\framework\\src\\Illuminate\\Container\\BoundMethod.php(35): Illuminate\\Container\\BoundMethod::callBoundMethod(Object(Illuminate\\Foundation\\Application), Array, Object(Closure))
#11 C:\\Users\\luism\\OneDrive\\Documents\\Proyectos\\WMS-ARCOSA-NEW\\vendor\\laravel\\framework\\src\\Illuminate\\Container\\Container.php(662): Illuminate\\Container\\BoundMethod::call(Object(Illuminate\\Foundation\\Application), Array, Array, NULL)
#12 C:\\Users\\luism\\OneDrive\\Documents\\Proyectos\\WMS-ARCOSA-NEW\\vendor\\laravel\\framework\\src\\Illuminate\\Database\\Seeder.php(184): Illuminate\\Container\\Container->call(Array, Array)
#13 C:\\Users\\luism\\OneDrive\\Documents\\Proyectos\\WMS-ARCOSA-NEW\\vendor\\laravel\\framework\\src\\Illuminate\\Database\\Seeder.php(193): Illuminate\\Database\\Seeder->Illuminate\\Database\\{closure}()
#14 C:\\Users\\luism\\OneDrive\\Documents\\Proyectos\\WMS-ARCOSA-NEW\\vendor\\laravel\\framework\\src\\Illuminate\\Database\\Seeder.php(61): Illuminate\\Database\\Seeder->__invoke(Array)
#15 C:\\Users\\luism\\OneDrive\\Documents\\Proyectos\\WMS-ARCOSA-NEW\\database\\seeders\\DatabaseSeeder.php(31): Illuminate\\Database\\Seeder->call('Database\\\\Seeder...')
#16 C:\\Users\\luism\\OneDrive\\Documents\\Proyectos\\WMS-ARCOSA-NEW\\vendor\\laravel\\framework\\src\\Illuminate\\Container\\BoundMethod.php(36): Database\\Seeders\\DatabaseSeeder->run()
#17 C:\\Users\\luism\\OneDrive\\Documents\\Proyectos\\WMS-ARCOSA-NEW\\vendor\\laravel\\framework\\src\\Illuminate\\Container\\Util.php(41): Illuminate\\Container\\BoundMethod::Illuminate\\Container\\{closure}()
#18 C:\\Users\\luism\\OneDrive\\Documents\\Proyectos\\WMS-ARCOSA-NEW\\vendor\\laravel\\framework\\src\\Illuminate\\Container\\BoundMethod.php(93): Illuminate\\Container\\Util::unwrapIfClosure(Object(Closure))
#19 C:\\Users\\luism\\OneDrive\\Documents\\Proyectos\\WMS-ARCOSA-NEW\\vendor\\laravel\\framework\\src\\Illuminate\\Container\\BoundMethod.php(35): Illuminate\\Container\\BoundMethod::callBoundMethod(Object(Illuminate\\Foundation\\Application), Array, Object(Closure))
#20 C:\\Users\\luism\\OneDrive\\Documents\\Proyectos\\WMS-ARCOSA-NEW\\vendor\\laravel\\framework\\src\\Illuminate\\Container\\Container.php(662): Illuminate\\Container\\BoundMethod::call(Object(Illuminate\\Foundation\\Application), Array, Array, NULL)
#21 C:\\Users\\luism\\OneDrive\\Documents\\Proyectos\\WMS-ARCOSA-NEW\\vendor\\laravel\\framework\\src\\Illuminate\\Database\\Seeder.php(184): Illuminate\\Container\\Container->call(Array, Array)
#22 C:\\Users\\luism\\OneDrive\\Documents\\Proyectos\\WMS-ARCOSA-NEW\\vendor\\laravel\\framework\\src\\Illuminate\\Database\\Seeder.php(193): Illuminate\\Database\\Seeder->Illuminate\\Database\\{closure}()
#23 C:\\Users\\luism\\OneDrive\\Documents\\Proyectos\\WMS-ARCOSA-NEW\\vendor\\laravel\\framework\\src\\Illuminate\\Database\\Console\\Seeds\\SeedCommand.php(70): Illuminate\\Database\\Seeder->__invoke()
#24 C:\\Users\\luism\\OneDrive\\Documents\\Proyectos\\WMS-ARCOSA-NEW\\vendor\\laravel\\framework\\src\\Illuminate\\Database\\Eloquent\\Concerns\\GuardsAttributes.php(155): Illuminate\\Database\\Console\\Seeds\\SeedCommand->Illuminate\\Database\\Console\\Seeds\\{closure}()
#25 C:\\Users\\luism\\OneDrive\\Documents\\Proyectos\\WMS-ARCOSA-NEW\\vendor\\laravel\\framework\\src\\Illuminate\\Database\\Console\\Seeds\\SeedCommand.php(69): Illuminate\\Database\\Eloquent\\Model::unguarded(Object(Closure))
#26 C:\\Users\\luism\\OneDrive\\Documents\\Proyectos\\WMS-ARCOSA-NEW\\vendor\\laravel\\framework\\src\\Illuminate\\Container\\BoundMethod.php(36): Illuminate\\Database\\Console\\Seeds\\SeedCommand->handle()
#27 C:\\Users\\luism\\OneDrive\\Documents\\Proyectos\\WMS-ARCOSA-NEW\\vendor\\laravel\\framework\\src\\Illuminate\\Container\\Util.php(41): Illuminate\\Container\\BoundMethod::Illuminate\\Container\\{closure}()
#28 C:\\Users\\luism\\OneDrive\\Documents\\Proyectos\\WMS-ARCOSA-NEW\\vendor\\laravel\\framework\\src\\Illuminate\\Container\\BoundMethod.php(93): Illuminate\\Container\\Util::unwrapIfClosure(Object(Closure))
#29 C:\\Users\\luism\\OneDrive\\Documents\\Proyectos\\WMS-ARCOSA-NEW\\vendor\\laravel\\framework\\src\\Illuminate\\Container\\BoundMethod.php(35): Illuminate\\Container\\BoundMethod::callBoundMethod(Object(Illuminate\\Foundation\\Application), Array, Object(Closure))
#30 C:\\Users\\luism\\OneDrive\\Documents\\Proyectos\\WMS-ARCOSA-NEW\\vendor\\laravel\\framework\\src\\Illuminate\\Container\\Container.php(662): Illuminate\\Container\\BoundMethod::call(Object(Illuminate\\Foundation\\Application), Array, Array, NULL)
#31 C:\\Users\\luism\\OneDrive\\Documents\\Proyectos\\WMS-ARCOSA-NEW\\vendor\\laravel\\framework\\src\\Illuminate\\Console\\Command.php(213): Illuminate\\Container\\Container->call(Array)
#32 C:\\Users\\luism\\OneDrive\\Documents\\Proyectos\\WMS-ARCOSA-NEW\\vendor\\symfony\\console\\Command\\Command.php(279): Illuminate\\Console\\Command->execute(Object(Symfony\\Component\\Console\\Input\\ArgvInput), Object(Illuminate\\Console\\OutputStyle))
#33 C:\\Users\\luism\\OneDrive\\Documents\\Proyectos\\WMS-ARCOSA-NEW\\vendor\\laravel\\framework\\src\\Illuminate\\Console\\Command.php(182): Symfony\\Component\\Console\\Command\\Command->run(Object(Symfony\\Component\\Console\\Input\\ArgvInput), Object(Illuminate\\Console\\OutputStyle))
#34 C:\\Users\\luism\\OneDrive\\Documents\\Proyectos\\WMS-ARCOSA-NEW\\vendor\\symfony\\console\\Application.php(1047): Illuminate\\Console\\Command->run(Object(Symfony\\Component\\Console\\Input\\ArgvInput), Object(Symfony\\Component\\Console\\Output\\ConsoleOutput))
#35 C:\\Users\\luism\\OneDrive\\Documents\\Proyectos\\WMS-ARCOSA-NEW\\vendor\\symfony\\console\\Application.php(316): Symfony\\Component\\Console\\Application->doRunCommand(Object(Illuminate\\Database\\Console\\Seeds\\SeedCommand), Object(Symfony\\Component\\Console\\Input\\ArgvInput), Object(Symfony\\Component\\Console\\Output\\ConsoleOutput))
#36 C:\\Users\\luism\\OneDrive\\Documents\\Proyectos\\WMS-ARCOSA-NEW\\vendor\\symfony\\console\\Application.php(167): Symfony\\Component\\Console\\Application->doRun(Object(Symfony\\Component\\Console\\Input\\ArgvInput), Object(Symfony\\Component\\Console\\Output\\ConsoleOutput))
#37 C:\\Users\\luism\\OneDrive\\Documents\\Proyectos\\WMS-ARCOSA-NEW\\vendor\\laravel\\framework\\src\\Illuminate\\Foundation\\Console\\Kernel.php(196): Symfony\\Component\\Console\\Application->run(Object(Symfony\\Component\\Console\\Input\\ArgvInput), Object(Symfony\\Component\\Console\\Output\\ConsoleOutput))
#38 C:\\Users\\luism\\OneDrive\\Documents\\Proyectos\\WMS-ARCOSA-NEW\\vendor\\laravel\\framework\\src\\Illuminate\\Foundation\\Application.php(1198): Illuminate\\Foundation\\Console\\Kernel->handle(Object(Symfony\\Component\\Console\\Input\\ArgvInput), Object(Symfony\\Component\\Console\\Output\\ConsoleOutput))
#39 C:\\Users\\luism\\OneDrive\\Documents\\Proyectos\\WMS-ARCOSA-NEW\\artisan(13): Illuminate\\Foundation\\Application->handleCommand(Object(Symfony\\Component\\Console\\Input\\ArgvInput))
#40 {main}
"} 
[2024-07-25 17:56:35] local.ERROR: SQLSTATE[21S01]: Insert value list does not match column list: 1136 Column count doesn't match value count at row 5 (Connection: mariadb, SQL: insert into `catalogo_tipo_camaras` (`activo`, `descripcion`, `maximo`, `minimo`, `nombre`) values (1, Camara para servicio de congelación, -18, -23, Congelacion), (1, Camara para servicio de refrigeracion, 4, 0, Refrigeracion), (1, Tunel de congelacion rapida, 0, -23, Tunel), (1, Camara para embalajes, 10, 0, Embalaje), (Camara para producto seco, 18, 10, Seco), (Camara de conservacion, 0, 0, Conservacion)) {"exception":"[object] (Illuminate\\Database\\QueryException(code: 21S01): SQLSTATE[21S01]: Insert value list does not match column list: 1136 Column count doesn't match value count at row 5 (Connection: mariadb, SQL: insert into `catalogo_tipo_camaras` (`activo`, `descripcion`, `maximo`, `minimo`, `nombre`) values (1, Camara para servicio de congelación, -18, -23, Congelacion), (1, Camara para servicio de refrigeracion, 4, 0, Refrigeracion), (1, Tunel de congelacion rapida, 0, -23, Tunel), (1, Camara para embalajes, 10, 0, Embalaje), (Camara para producto seco, 18, 10, Seco), (Camara de conservacion, 0, 0, Conservacion)) at C:\\Users\\luism\\OneDrive\\Documents\\Proyectos\\WMS-ARCOSA-NEW\\vendor\\laravel\\framework\\src\\Illuminate\\Database\\Connection.php:813)
[stacktrace]
#0 C:\\Users\\luism\\OneDrive\\Documents\\Proyectos\\WMS-ARCOSA-NEW\\vendor\\laravel\\framework\\src\\Illuminate\\Database\\Connection.php(767): Illuminate\\Database\\Connection->runQueryCallback('insert into `ca...', Array, Object(Closure))
#1 C:\\Users\\luism\\OneDrive\\Documents\\Proyectos\\WMS-ARCOSA-NEW\\vendor\\laravel\\framework\\src\\Illuminate\\Database\\Connection.php(560): Illuminate\\Database\\Connection->run('insert into `ca...', Array, Object(Closure))
#2 C:\\Users\\luism\\OneDrive\\Documents\\Proyectos\\WMS-ARCOSA-NEW\\vendor\\laravel\\framework\\src\\Illuminate\\Database\\Connection.php(524): Illuminate\\Database\\Connection->statement('insert into `ca...', Array)
#3 C:\\Users\\luism\\OneDrive\\Documents\\Proyectos\\WMS-ARCOSA-NEW\\vendor\\laravel\\framework\\src\\Illuminate\\Database\\Query\\Builder.php(3608): Illuminate\\Database\\Connection->insert('insert into `ca...', Array)
#4 C:\\Users\\luism\\OneDrive\\Documents\\Proyectos\\WMS-ARCOSA-NEW\\database\\seeders\\CatalogoTipoCamarasSeeder.php(17): Illuminate\\Database\\Query\\Builder->insert(Array)
#5 C:\\Users\\luism\\OneDrive\\Documents\\Proyectos\\WMS-ARCOSA-NEW\\vendor\\laravel\\framework\\src\\Illuminate\\Container\\BoundMethod.php(36): Database\\Seeders\\CatalogoTipoCamarasSeeder->run()
#6 C:\\Users\\luism\\OneDrive\\Documents\\Proyectos\\WMS-ARCOSA-NEW\\vendor\\laravel\\framework\\src\\Illuminate\\Container\\Util.php(41): Illuminate\\Container\\BoundMethod::Illuminate\\Container\\{closure}()
#7 C:\\Users\\luism\\OneDrive\\Documents\\Proyectos\\WMS-ARCOSA-NEW\\vendor\\laravel\\framework\\src\\Illuminate\\Container\\BoundMethod.php(93): Illuminate\\Container\\Util::unwrapIfClosure(Object(Closure))
#8 C:\\Users\\luism\\OneDrive\\Documents\\Proyectos\\WMS-ARCOSA-NEW\\vendor\\laravel\\framework\\src\\Illuminate\\Container\\BoundMethod.php(35): Illuminate\\Container\\BoundMethod::callBoundMethod(Object(Illuminate\\Foundation\\Application), Array, Object(Closure))
#9 C:\\Users\\luism\\OneDrive\\Documents\\Proyectos\\WMS-ARCOSA-NEW\\vendor\\laravel\\framework\\src\\Illuminate\\Container\\Container.php(662): Illuminate\\Container\\BoundMethod::call(Object(Illuminate\\Foundation\\Application), Array, Array, NULL)
#10 C:\\Users\\luism\\OneDrive\\Documents\\Proyectos\\WMS-ARCOSA-NEW\\vendor\\laravel\\framework\\src\\Illuminate\\Database\\Seeder.php(184): Illuminate\\Container\\Container->call(Array, Array)
#11 C:\\Users\\luism\\OneDrive\\Documents\\Proyectos\\WMS-ARCOSA-NEW\\vendor\\laravel\\framework\\src\\Illuminate\\Database\\Seeder.php(193): Illuminate\\Database\\Seeder->Illuminate\\Database\\{closure}()
#12 C:\\Users\\luism\\OneDrive\\Documents\\Proyectos\\WMS-ARCOSA-NEW\\vendor\\laravel\\framework\\src\\Illuminate\\Database\\Seeder.php(61): Illuminate\\Database\\Seeder->__invoke(Array)
#13 C:\\Users\\luism\\OneDrive\\Documents\\Proyectos\\WMS-ARCOSA-NEW\\database\\seeders\\DatabaseSeeder.php(31): Illuminate\\Database\\Seeder->call('Database\\\\Seeder...')
#14 C:\\Users\\luism\\OneDrive\\Documents\\Proyectos\\WMS-ARCOSA-NEW\\vendor\\laravel\\framework\\src\\Illuminate\\Container\\BoundMethod.php(36): Database\\Seeders\\DatabaseSeeder->run()
#15 C:\\Users\\luism\\OneDrive\\Documents\\Proyectos\\WMS-ARCOSA-NEW\\vendor\\laravel\\framework\\src\\Illuminate\\Container\\Util.php(41): Illuminate\\Container\\BoundMethod::Illuminate\\Container\\{closure}()
#16 C:\\Users\\luism\\OneDrive\\Documents\\Proyectos\\WMS-ARCOSA-NEW\\vendor\\laravel\\framework\\src\\Illuminate\\Container\\BoundMethod.php(93): Illuminate\\Container\\Util::unwrapIfClosure(Object(Closure))
#17 C:\\Users\\luism\\OneDrive\\Documents\\Proyectos\\WMS-ARCOSA-NEW\\vendor\\laravel\\framework\\src\\Illuminate\\Container\\BoundMethod.php(35): Illuminate\\Container\\BoundMethod::callBoundMethod(Object(Illuminate\\Foundation\\Application), Array, Object(Closure))
#18 C:\\Users\\luism\\OneDrive\\Documents\\Proyectos\\WMS-ARCOSA-NEW\\vendor\\laravel\\framework\\src\\Illuminate\\Container\\Container.php(662): Illuminate\\Container\\BoundMethod::call(Object(Illuminate\\Foundation\\Application), Array, Array, NULL)
#19 C:\\Users\\luism\\OneDrive\\Documents\\Proyectos\\WMS-ARCOSA-NEW\\vendor\\laravel\\framework\\src\\Illuminate\\Database\\Seeder.php(184): Illuminate\\Container\\Container->call(Array, Array)
#20 C:\\Users\\luism\\OneDrive\\Documents\\Proyectos\\WMS-ARCOSA-NEW\\vendor\\laravel\\framework\\src\\Illuminate\\Database\\Seeder.php(193): Illuminate\\Database\\Seeder->Illuminate\\Database\\{closure}()
#21 C:\\Users\\luism\\OneDrive\\Documents\\Proyectos\\WMS-ARCOSA-NEW\\vendor\\laravel\\framework\\src\\Illuminate\\Database\\Console\\Seeds\\SeedCommand.php(70): Illuminate\\Database\\Seeder->__invoke()
#22 C:\\Users\\luism\\OneDrive\\Documents\\Proyectos\\WMS-ARCOSA-NEW\\vendor\\laravel\\framework\\src\\Illuminate\\Database\\Eloquent\\Concerns\\GuardsAttributes.php(155): Illuminate\\Database\\Console\\Seeds\\SeedCommand->Illuminate\\Database\\Console\\Seeds\\{closure}()
#23 C:\\Users\\luism\\OneDrive\\Documents\\Proyectos\\WMS-ARCOSA-NEW\\vendor\\laravel\\framework\\src\\Illuminate\\Database\\Console\\Seeds\\SeedCommand.php(69): Illuminate\\Database\\Eloquent\\Model::unguarded(Object(Closure))
#24 C:\\Users\\luism\\OneDrive\\Documents\\Proyectos\\WMS-ARCOSA-NEW\\vendor\\laravel\\framework\\src\\Illuminate\\Container\\BoundMethod.php(36): Illuminate\\Database\\Console\\Seeds\\SeedCommand->handle()
#25 C:\\Users\\luism\\OneDrive\\Documents\\Proyectos\\WMS-ARCOSA-NEW\\vendor\\laravel\\framework\\src\\Illuminate\\Container\\Util.php(41): Illuminate\\Container\\BoundMethod::Illuminate\\Container\\{closure}()
#26 C:\\Users\\luism\\OneDrive\\Documents\\Proyectos\\WMS-ARCOSA-NEW\\vendor\\laravel\\framework\\src\\Illuminate\\Container\\BoundMethod.php(93): Illuminate\\Container\\Util::unwrapIfClosure(Object(Closure))
#27 C:\\Users\\luism\\OneDrive\\Documents\\Proyectos\\WMS-ARCOSA-NEW\\vendor\\laravel\\framework\\src\\Illuminate\\Container\\BoundMethod.php(35): Illuminate\\Container\\BoundMethod::callBoundMethod(Object(Illuminate\\Foundation\\Application), Array, Object(Closure))
#28 C:\\Users\\luism\\OneDrive\\Documents\\Proyectos\\WMS-ARCOSA-NEW\\vendor\\laravel\\framework\\src\\Illuminate\\Container\\Container.php(662): Illuminate\\Container\\BoundMethod::call(Object(Illuminate\\Foundation\\Application), Array, Array, NULL)
#29 C:\\Users\\luism\\OneDrive\\Documents\\Proyectos\\WMS-ARCOSA-NEW\\vendor\\laravel\\framework\\src\\Illuminate\\Console\\Command.php(213): Illuminate\\Container\\Container->call(Array)
#30 C:\\Users\\luism\\OneDrive\\Documents\\Proyectos\\WMS-ARCOSA-NEW\\vendor\\symfony\\console\\Command\\Command.php(279): Illuminate\\Console\\Command->execute(Object(Symfony\\Component\\Console\\Input\\ArgvInput), Object(Illuminate\\Console\\OutputStyle))
#31 C:\\Users\\luism\\OneDrive\\Documents\\Proyectos\\WMS-ARCOSA-NEW\\vendor\\laravel\\framework\\src\\Illuminate\\Console\\Command.php(182): Symfony\\Component\\Console\\Command\\Command->run(Object(Symfony\\Component\\Console\\Input\\ArgvInput), Object(Illuminate\\Console\\OutputStyle))
#32 C:\\Users\\luism\\OneDrive\\Documents\\Proyectos\\WMS-ARCOSA-NEW\\vendor\\symfony\\console\\Application.php(1047): Illuminate\\Console\\Command->run(Object(Symfony\\Component\\Console\\Input\\ArgvInput), Object(Symfony\\Component\\Console\\Output\\ConsoleOutput))
#33 C:\\Users\\luism\\OneDrive\\Documents\\Proyectos\\WMS-ARCOSA-NEW\\vendor\\symfony\\console\\Application.php(316): Symfony\\Component\\Console\\Application->doRunCommand(Object(Illuminate\\Database\\Console\\Seeds\\SeedCommand), Object(Symfony\\Component\\Console\\Input\\ArgvInput), Object(Symfony\\Component\\Console\\Output\\ConsoleOutput))
#34 C:\\Users\\luism\\OneDrive\\Documents\\Proyectos\\WMS-ARCOSA-NEW\\vendor\\symfony\\console\\Application.php(167): Symfony\\Component\\Console\\Application->doRun(Object(Symfony\\Component\\Console\\Input\\ArgvInput), Object(Symfony\\Component\\Console\\Output\\ConsoleOutput))
#35 C:\\Users\\luism\\OneDrive\\Documents\\Proyectos\\WMS-ARCOSA-NEW\\vendor\\laravel\\framework\\src\\Illuminate\\Foundation\\Console\\Kernel.php(196): Symfony\\Component\\Console\\Application->run(Object(Symfony\\Component\\Console\\Input\\ArgvInput), Object(Symfony\\Component\\Console\\Output\\ConsoleOutput))
#36 C:\\Users\\luism\\OneDrive\\Documents\\Proyectos\\WMS-ARCOSA-NEW\\vendor\\laravel\\framework\\src\\Illuminate\\Foundation\\Application.php(1198): Illuminate\\Foundation\\Console\\Kernel->handle(Object(Symfony\\Component\\Console\\Input\\ArgvInput), Object(Symfony\\Component\\Console\\Output\\ConsoleOutput))
#37 C:\\Users\\luism\\OneDrive\\Documents\\Proyectos\\WMS-ARCOSA-NEW\\artisan(13): Illuminate\\Foundation\\Application->handleCommand(Object(Symfony\\Component\\Console\\Input\\ArgvInput))
#38 {main}

[previous exception] [object] (PDOException(code: 21S01): SQLSTATE[21S01]: Insert value list does not match column list: 1136 Column count doesn't match value count at row 5 at C:\\Users\\luism\\OneDrive\\Documents\\Proyectos\\WMS-ARCOSA-NEW\\vendor\\laravel\\framework\\src\\Illuminate\\Database\\Connection.php:565)
[stacktrace]
#0 C:\\Users\\luism\\OneDrive\\Documents\\Proyectos\\WMS-ARCOSA-NEW\\vendor\\laravel\\framework\\src\\Illuminate\\Database\\Connection.php(565): PDO->prepare('insert into `ca...')
#1 C:\\Users\\luism\\OneDrive\\Documents\\Proyectos\\WMS-ARCOSA-NEW\\vendor\\laravel\\framework\\src\\Illuminate\\Database\\Connection.php(800): Illuminate\\Database\\Connection->Illuminate\\Database\\{closure}('insert into `ca...', Array)
#2 C:\\Users\\luism\\OneDrive\\Documents\\Proyectos\\WMS-ARCOSA-NEW\\vendor\\laravel\\framework\\src\\Illuminate\\Database\\Connection.php(767): Illuminate\\Database\\Connection->runQueryCallback('insert into `ca...', Array, Object(Closure))
#3 C:\\Users\\luism\\OneDrive\\Documents\\Proyectos\\WMS-ARCOSA-NEW\\vendor\\laravel\\framework\\src\\Illuminate\\Database\\Connection.php(560): Illuminate\\Database\\Connection->run('insert into `ca...', Array, Object(Closure))
#4 C:\\Users\\luism\\OneDrive\\Documents\\Proyectos\\WMS-ARCOSA-NEW\\vendor\\laravel\\framework\\src\\Illuminate\\Database\\Connection.php(524): Illuminate\\Database\\Connection->statement('insert into `ca...', Array)
#5 C:\\Users\\luism\\OneDrive\\Documents\\Proyectos\\WMS-ARCOSA-NEW\\vendor\\laravel\\framework\\src\\Illuminate\\Database\\Query\\Builder.php(3608): Illuminate\\Database\\Connection->insert('insert into `ca...', Array)
#6 C:\\Users\\luism\\OneDrive\\Documents\\Proyectos\\WMS-ARCOSA-NEW\\database\\seeders\\CatalogoTipoCamarasSeeder.php(17): Illuminate\\Database\\Query\\Builder->insert(Array)
#7 C:\\Users\\luism\\OneDrive\\Documents\\Proyectos\\WMS-ARCOSA-NEW\\vendor\\laravel\\framework\\src\\Illuminate\\Container\\BoundMethod.php(36): Database\\Seeders\\CatalogoTipoCamarasSeeder->run()
#8 C:\\Users\\luism\\OneDrive\\Documents\\Proyectos\\WMS-ARCOSA-NEW\\vendor\\laravel\\framework\\src\\Illuminate\\Container\\Util.php(41): Illuminate\\Container\\BoundMethod::Illuminate\\Container\\{closure}()
#9 C:\\Users\\luism\\OneDrive\\Documents\\Proyectos\\WMS-ARCOSA-NEW\\vendor\\laravel\\framework\\src\\Illuminate\\Container\\BoundMethod.php(93): Illuminate\\Container\\Util::unwrapIfClosure(Object(Closure))
#10 C:\\Users\\luism\\OneDrive\\Documents\\Proyectos\\WMS-ARCOSA-NEW\\vendor\\laravel\\framework\\src\\Illuminate\\Container\\BoundMethod.php(35): Illuminate\\Container\\BoundMethod::callBoundMethod(Object(Illuminate\\Foundation\\Application), Array, Object(Closure))
#11 C:\\Users\\luism\\OneDrive\\Documents\\Proyectos\\WMS-ARCOSA-NEW\\vendor\\laravel\\framework\\src\\Illuminate\\Container\\Container.php(662): Illuminate\\Container\\BoundMethod::call(Object(Illuminate\\Foundation\\Application), Array, Array, NULL)
#12 C:\\Users\\luism\\OneDrive\\Documents\\Proyectos\\WMS-ARCOSA-NEW\\vendor\\laravel\\framework\\src\\Illuminate\\Database\\Seeder.php(184): Illuminate\\Container\\Container->call(Array, Array)
#13 C:\\Users\\luism\\OneDrive\\Documents\\Proyectos\\WMS-ARCOSA-NEW\\vendor\\laravel\\framework\\src\\Illuminate\\Database\\Seeder.php(193): Illuminate\\Database\\Seeder->Illuminate\\Database\\{closure}()
#14 C:\\Users\\luism\\OneDrive\\Documents\\Proyectos\\WMS-ARCOSA-NEW\\vendor\\laravel\\framework\\src\\Illuminate\\Database\\Seeder.php(61): Illuminate\\Database\\Seeder->__invoke(Array)
#15 C:\\Users\\luism\\OneDrive\\Documents\\Proyectos\\WMS-ARCOSA-NEW\\database\\seeders\\DatabaseSeeder.php(31): Illuminate\\Database\\Seeder->call('Database\\\\Seeder...')
#16 C:\\Users\\luism\\OneDrive\\Documents\\Proyectos\\WMS-ARCOSA-NEW\\vendor\\laravel\\framework\\src\\Illuminate\\Container\\BoundMethod.php(36): Database\\Seeders\\DatabaseSeeder->run()
#17 C:\\Users\\luism\\OneDrive\\Documents\\Proyectos\\WMS-ARCOSA-NEW\\vendor\\laravel\\framework\\src\\Illuminate\\Container\\Util.php(41): Illuminate\\Container\\BoundMethod::Illuminate\\Container\\{closure}()
#18 C:\\Users\\luism\\OneDrive\\Documents\\Proyectos\\WMS-ARCOSA-NEW\\vendor\\laravel\\framework\\src\\Illuminate\\Container\\BoundMethod.php(93): Illuminate\\Container\\Util::unwrapIfClosure(Object(Closure))
#19 C:\\Users\\luism\\OneDrive\\Documents\\Proyectos\\WMS-ARCOSA-NEW\\vendor\\laravel\\framework\\src\\Illuminate\\Container\\BoundMethod.php(35): Illuminate\\Container\\BoundMethod::callBoundMethod(Object(Illuminate\\Foundation\\Application), Array, Object(Closure))
#20 C:\\Users\\luism\\OneDrive\\Documents\\Proyectos\\WMS-ARCOSA-NEW\\vendor\\laravel\\framework\\src\\Illuminate\\Container\\Container.php(662): Illuminate\\Container\\BoundMethod::call(Object(Illuminate\\Foundation\\Application), Array, Array, NULL)
#21 C:\\Users\\luism\\OneDrive\\Documents\\Proyectos\\WMS-ARCOSA-NEW\\vendor\\laravel\\framework\\src\\Illuminate\\Database\\Seeder.php(184): Illuminate\\Container\\Container->call(Array, Array)
#22 C:\\Users\\luism\\OneDrive\\Documents\\Proyectos\\WMS-ARCOSA-NEW\\vendor\\laravel\\framework\\src\\Illuminate\\Database\\Seeder.php(193): Illuminate\\Database\\Seeder->Illuminate\\Database\\{closure}()
#23 C:\\Users\\luism\\OneDrive\\Documents\\Proyectos\\WMS-ARCOSA-NEW\\vendor\\laravel\\framework\\src\\Illuminate\\Database\\Console\\Seeds\\SeedCommand.php(70): Illuminate\\Database\\Seeder->__invoke()
#24 C:\\Users\\luism\\OneDrive\\Documents\\Proyectos\\WMS-ARCOSA-NEW\\vendor\\laravel\\framework\\src\\Illuminate\\Database\\Eloquent\\Concerns\\GuardsAttributes.php(155): Illuminate\\Database\\Console\\Seeds\\SeedCommand->Illuminate\\Database\\Console\\Seeds\\{closure}()
#25 C:\\Users\\luism\\OneDrive\\Documents\\Proyectos\\WMS-ARCOSA-NEW\\vendor\\laravel\\framework\\src\\Illuminate\\Database\\Console\\Seeds\\SeedCommand.php(69): Illuminate\\Database\\Eloquent\\Model::unguarded(Object(Closure))
#26 C:\\Users\\luism\\OneDrive\\Documents\\Proyectos\\WMS-ARCOSA-NEW\\vendor\\laravel\\framework\\src\\Illuminate\\Container\\BoundMethod.php(36): Illuminate\\Database\\Console\\Seeds\\SeedCommand->handle()
#27 C:\\Users\\luism\\OneDrive\\Documents\\Proyectos\\WMS-ARCOSA-NEW\\vendor\\laravel\\framework\\src\\Illuminate\\Container\\Util.php(41): Illuminate\\Container\\BoundMethod::Illuminate\\Container\\{closure}()
#28 C:\\Users\\luism\\OneDrive\\Documents\\Proyectos\\WMS-ARCOSA-NEW\\vendor\\laravel\\framework\\src\\Illuminate\\Container\\BoundMethod.php(93): Illuminate\\Container\\Util::unwrapIfClosure(Object(Closure))
#29 C:\\Users\\luism\\OneDrive\\Documents\\Proyectos\\WMS-ARCOSA-NEW\\vendor\\laravel\\framework\\src\\Illuminate\\Container\\BoundMethod.php(35): Illuminate\\Container\\BoundMethod::callBoundMethod(Object(Illuminate\\Foundation\\Application), Array, Object(Closure))
#30 C:\\Users\\luism\\OneDrive\\Documents\\Proyectos\\WMS-ARCOSA-NEW\\vendor\\laravel\\framework\\src\\Illuminate\\Container\\Container.php(662): Illuminate\\Container\\BoundMethod::call(Object(Illuminate\\Foundation\\Application), Array, Array, NULL)
#31 C:\\Users\\luism\\OneDrive\\Documents\\Proyectos\\WMS-ARCOSA-NEW\\vendor\\laravel\\framework\\src\\Illuminate\\Console\\Command.php(213): Illuminate\\Container\\Container->call(Array)
#32 C:\\Users\\luism\\OneDrive\\Documents\\Proyectos\\WMS-ARCOSA-NEW\\vendor\\symfony\\console\\Command\\Command.php(279): Illuminate\\Console\\Command->execute(Object(Symfony\\Component\\Console\\Input\\ArgvInput), Object(Illuminate\\Console\\OutputStyle))
#33 C:\\Users\\luism\\OneDrive\\Documents\\Proyectos\\WMS-ARCOSA-NEW\\vendor\\laravel\\framework\\src\\Illuminate\\Console\\Command.php(182): Symfony\\Component\\Console\\Command\\Command->run(Object(Symfony\\Component\\Console\\Input\\ArgvInput), Object(Illuminate\\Console\\OutputStyle))
#34 C:\\Users\\luism\\OneDrive\\Documents\\Proyectos\\WMS-ARCOSA-NEW\\vendor\\symfony\\console\\Application.php(1047): Illuminate\\Console\\Command->run(Object(Symfony\\Component\\Console\\Input\\ArgvInput), Object(Symfony\\Component\\Console\\Output\\ConsoleOutput))
#35 C:\\Users\\luism\\OneDrive\\Documents\\Proyectos\\WMS-ARCOSA-NEW\\vendor\\symfony\\console\\Application.php(316): Symfony\\Component\\Console\\Application->doRunCommand(Object(Illuminate\\Database\\Console\\Seeds\\SeedCommand), Object(Symfony\\Component\\Console\\Input\\ArgvInput), Object(Symfony\\Component\\Console\\Output\\ConsoleOutput))
#36 C:\\Users\\luism\\OneDrive\\Documents\\Proyectos\\WMS-ARCOSA-NEW\\vendor\\symfony\\console\\Application.php(167): Symfony\\Component\\Console\\Application->doRun(Object(Symfony\\Component\\Console\\Input\\ArgvInput), Object(Symfony\\Component\\Console\\Output\\ConsoleOutput))
#37 C:\\Users\\luism\\OneDrive\\Documents\\Proyectos\\WMS-ARCOSA-NEW\\vendor\\laravel\\framework\\src\\Illuminate\\Foundation\\Console\\Kernel.php(196): Symfony\\Component\\Console\\Application->run(Object(Symfony\\Component\\Console\\Input\\ArgvInput), Object(Symfony\\Component\\Console\\Output\\ConsoleOutput))
#38 C:\\Users\\luism\\OneDrive\\Documents\\Proyectos\\WMS-ARCOSA-NEW\\vendor\\laravel\\framework\\src\\Illuminate\\Foundation\\Application.php(1198): Illuminate\\Foundation\\Console\\Kernel->handle(Object(Symfony\\Component\\Console\\Input\\ArgvInput), Object(Symfony\\Component\\Console\\Output\\ConsoleOutput))
#39 C:\\Users\\luism\\OneDrive\\Documents\\Proyectos\\WMS-ARCOSA-NEW\\artisan(13): Illuminate\\Foundation\\Application->handleCommand(Object(Symfony\\Component\\Console\\Input\\ArgvInput))
#40 {main}
"} 
[2024-07-25 18:09:01] local.ERROR: SQLSTATE[21S01]: Insert value list does not match column list: 1136 Column count doesn't match value count at row 5 (Connection: mariadb, SQL: insert into `catalogo_tipo_camaras` (`activo`, `descripcion`, `maximo`, `minimo`, `nombre`) values (1, Camara para servicio de congelación, -18, -23, Congelacion), (1, Camara para servicio de refrigeracion, 4, 0, Refrigeracion), (1, Tunel de congelacion rapida, 0, -23, Tunel), (1, Camara para embalajes, 10, 0, Embalaje), (Camara para producto seco, 18, 10, Seco), (Camara de conservacion, 0, 0, Conservacion)) {"exception":"[object] (Illuminate\\Database\\QueryException(code: 21S01): SQLSTATE[21S01]: Insert value list does not match column list: 1136 Column count doesn't match value count at row 5 (Connection: mariadb, SQL: insert into `catalogo_tipo_camaras` (`activo`, `descripcion`, `maximo`, `minimo`, `nombre`) values (1, Camara para servicio de congelación, -18, -23, Congelacion), (1, Camara para servicio de refrigeracion, 4, 0, Refrigeracion), (1, Tunel de congelacion rapida, 0, -23, Tunel), (1, Camara para embalajes, 10, 0, Embalaje), (Camara para producto seco, 18, 10, Seco), (Camara de conservacion, 0, 0, Conservacion)) at C:\\Users\\luism\\OneDrive\\Documents\\Proyectos\\WMS-ARCOSA-NEW\\vendor\\laravel\\framework\\src\\Illuminate\\Database\\Connection.php:813)
[stacktrace]
#0 C:\\Users\\luism\\OneDrive\\Documents\\Proyectos\\WMS-ARCOSA-NEW\\vendor\\laravel\\framework\\src\\Illuminate\\Database\\Connection.php(767): Illuminate\\Database\\Connection->runQueryCallback('insert into `ca...', Array, Object(Closure))
#1 C:\\Users\\luism\\OneDrive\\Documents\\Proyectos\\WMS-ARCOSA-NEW\\vendor\\laravel\\framework\\src\\Illuminate\\Database\\Connection.php(560): Illuminate\\Database\\Connection->run('insert into `ca...', Array, Object(Closure))
#2 C:\\Users\\luism\\OneDrive\\Documents\\Proyectos\\WMS-ARCOSA-NEW\\vendor\\laravel\\framework\\src\\Illuminate\\Database\\Connection.php(524): Illuminate\\Database\\Connection->statement('insert into `ca...', Array)
#3 C:\\Users\\luism\\OneDrive\\Documents\\Proyectos\\WMS-ARCOSA-NEW\\vendor\\laravel\\framework\\src\\Illuminate\\Database\\Query\\Builder.php(3608): Illuminate\\Database\\Connection->insert('insert into `ca...', Array)
#4 C:\\Users\\luism\\OneDrive\\Documents\\Proyectos\\WMS-ARCOSA-NEW\\database\\seeders\\CatalogoTipoCamarasSeeder.php(17): Illuminate\\Database\\Query\\Builder->insert(Array)
#5 C:\\Users\\luism\\OneDrive\\Documents\\Proyectos\\WMS-ARCOSA-NEW\\vendor\\laravel\\framework\\src\\Illuminate\\Container\\BoundMethod.php(36): Database\\Seeders\\CatalogoTipoCamarasSeeder->run()
#6 C:\\Users\\luism\\OneDrive\\Documents\\Proyectos\\WMS-ARCOSA-NEW\\vendor\\laravel\\framework\\src\\Illuminate\\Container\\Util.php(41): Illuminate\\Container\\BoundMethod::Illuminate\\Container\\{closure}()
#7 C:\\Users\\luism\\OneDrive\\Documents\\Proyectos\\WMS-ARCOSA-NEW\\vendor\\laravel\\framework\\src\\Illuminate\\Container\\BoundMethod.php(93): Illuminate\\Container\\Util::unwrapIfClosure(Object(Closure))
#8 C:\\Users\\luism\\OneDrive\\Documents\\Proyectos\\WMS-ARCOSA-NEW\\vendor\\laravel\\framework\\src\\Illuminate\\Container\\BoundMethod.php(35): Illuminate\\Container\\BoundMethod::callBoundMethod(Object(Illuminate\\Foundation\\Application), Array, Object(Closure))
#9 C:\\Users\\luism\\OneDrive\\Documents\\Proyectos\\WMS-ARCOSA-NEW\\vendor\\laravel\\framework\\src\\Illuminate\\Container\\Container.php(662): Illuminate\\Container\\BoundMethod::call(Object(Illuminate\\Foundation\\Application), Array, Array, NULL)
#10 C:\\Users\\luism\\OneDrive\\Documents\\Proyectos\\WMS-ARCOSA-NEW\\vendor\\laravel\\framework\\src\\Illuminate\\Database\\Seeder.php(184): Illuminate\\Container\\Container->call(Array, Array)
#11 C:\\Users\\luism\\OneDrive\\Documents\\Proyectos\\WMS-ARCOSA-NEW\\vendor\\laravel\\framework\\src\\Illuminate\\Database\\Seeder.php(193): Illuminate\\Database\\Seeder->Illuminate\\Database\\{closure}()
#12 C:\\Users\\luism\\OneDrive\\Documents\\Proyectos\\WMS-ARCOSA-NEW\\vendor\\laravel\\framework\\src\\Illuminate\\Database\\Seeder.php(61): Illuminate\\Database\\Seeder->__invoke(Array)
#13 C:\\Users\\luism\\OneDrive\\Documents\\Proyectos\\WMS-ARCOSA-NEW\\database\\seeders\\DatabaseSeeder.php(31): Illuminate\\Database\\Seeder->call('Database\\\\Seeder...')
#14 C:\\Users\\luism\\OneDrive\\Documents\\Proyectos\\WMS-ARCOSA-NEW\\vendor\\laravel\\framework\\src\\Illuminate\\Container\\BoundMethod.php(36): Database\\Seeders\\DatabaseSeeder->run()
#15 C:\\Users\\luism\\OneDrive\\Documents\\Proyectos\\WMS-ARCOSA-NEW\\vendor\\laravel\\framework\\src\\Illuminate\\Container\\Util.php(41): Illuminate\\Container\\BoundMethod::Illuminate\\Container\\{closure}()
#16 C:\\Users\\luism\\OneDrive\\Documents\\Proyectos\\WMS-ARCOSA-NEW\\vendor\\laravel\\framework\\src\\Illuminate\\Container\\BoundMethod.php(93): Illuminate\\Container\\Util::unwrapIfClosure(Object(Closure))
#17 C:\\Users\\luism\\OneDrive\\Documents\\Proyectos\\WMS-ARCOSA-NEW\\vendor\\laravel\\framework\\src\\Illuminate\\Container\\BoundMethod.php(35): Illuminate\\Container\\BoundMethod::callBoundMethod(Object(Illuminate\\Foundation\\Application), Array, Object(Closure))
#18 C:\\Users\\luism\\OneDrive\\Documents\\Proyectos\\WMS-ARCOSA-NEW\\vendor\\laravel\\framework\\src\\Illuminate\\Container\\Container.php(662): Illuminate\\Container\\BoundMethod::call(Object(Illuminate\\Foundation\\Application), Array, Array, NULL)
#19 C:\\Users\\luism\\OneDrive\\Documents\\Proyectos\\WMS-ARCOSA-NEW\\vendor\\laravel\\framework\\src\\Illuminate\\Database\\Seeder.php(184): Illuminate\\Container\\Container->call(Array, Array)
#20 C:\\Users\\luism\\OneDrive\\Documents\\Proyectos\\WMS-ARCOSA-NEW\\vendor\\laravel\\framework\\src\\Illuminate\\Database\\Seeder.php(193): Illuminate\\Database\\Seeder->Illuminate\\Database\\{closure}()
#21 C:\\Users\\luism\\OneDrive\\Documents\\Proyectos\\WMS-ARCOSA-NEW\\vendor\\laravel\\framework\\src\\Illuminate\\Database\\Console\\Seeds\\SeedCommand.php(70): Illuminate\\Database\\Seeder->__invoke()
#22 C:\\Users\\luism\\OneDrive\\Documents\\Proyectos\\WMS-ARCOSA-NEW\\vendor\\laravel\\framework\\src\\Illuminate\\Database\\Eloquent\\Concerns\\GuardsAttributes.php(155): Illuminate\\Database\\Console\\Seeds\\SeedCommand->Illuminate\\Database\\Console\\Seeds\\{closure}()
#23 C:\\Users\\luism\\OneDrive\\Documents\\Proyectos\\WMS-ARCOSA-NEW\\vendor\\laravel\\framework\\src\\Illuminate\\Database\\Console\\Seeds\\SeedCommand.php(69): Illuminate\\Database\\Eloquent\\Model::unguarded(Object(Closure))
#24 C:\\Users\\luism\\OneDrive\\Documents\\Proyectos\\WMS-ARCOSA-NEW\\vendor\\laravel\\framework\\src\\Illuminate\\Container\\BoundMethod.php(36): Illuminate\\Database\\Console\\Seeds\\SeedCommand->handle()
#25 C:\\Users\\luism\\OneDrive\\Documents\\Proyectos\\WMS-ARCOSA-NEW\\vendor\\laravel\\framework\\src\\Illuminate\\Container\\Util.php(41): Illuminate\\Container\\BoundMethod::Illuminate\\Container\\{closure}()
#26 C:\\Users\\luism\\OneDrive\\Documents\\Proyectos\\WMS-ARCOSA-NEW\\vendor\\laravel\\framework\\src\\Illuminate\\Container\\BoundMethod.php(93): Illuminate\\Container\\Util::unwrapIfClosure(Object(Closure))
#27 C:\\Users\\luism\\OneDrive\\Documents\\Proyectos\\WMS-ARCOSA-NEW\\vendor\\laravel\\framework\\src\\Illuminate\\Container\\BoundMethod.php(35): Illuminate\\Container\\BoundMethod::callBoundMethod(Object(Illuminate\\Foundation\\Application), Array, Object(Closure))
#28 C:\\Users\\luism\\OneDrive\\Documents\\Proyectos\\WMS-ARCOSA-NEW\\vendor\\laravel\\framework\\src\\Illuminate\\Container\\Container.php(662): Illuminate\\Container\\BoundMethod::call(Object(Illuminate\\Foundation\\Application), Array, Array, NULL)
#29 C:\\Users\\luism\\OneDrive\\Documents\\Proyectos\\WMS-ARCOSA-NEW\\vendor\\laravel\\framework\\src\\Illuminate\\Console\\Command.php(213): Illuminate\\Container\\Container->call(Array)
#30 C:\\Users\\luism\\OneDrive\\Documents\\Proyectos\\WMS-ARCOSA-NEW\\vendor\\symfony\\console\\Command\\Command.php(279): Illuminate\\Console\\Command->execute(Object(Symfony\\Component\\Console\\Input\\ArgvInput), Object(Illuminate\\Console\\OutputStyle))
#31 C:\\Users\\luism\\OneDrive\\Documents\\Proyectos\\WMS-ARCOSA-NEW\\vendor\\laravel\\framework\\src\\Illuminate\\Console\\Command.php(182): Symfony\\Component\\Console\\Command\\Command->run(Object(Symfony\\Component\\Console\\Input\\ArgvInput), Object(Illuminate\\Console\\OutputStyle))
#32 C:\\Users\\luism\\OneDrive\\Documents\\Proyectos\\WMS-ARCOSA-NEW\\vendor\\symfony\\console\\Application.php(1047): Illuminate\\Console\\Command->run(Object(Symfony\\Component\\Console\\Input\\ArgvInput), Object(Symfony\\Component\\Console\\Output\\ConsoleOutput))
#33 C:\\Users\\luism\\OneDrive\\Documents\\Proyectos\\WMS-ARCOSA-NEW\\vendor\\symfony\\console\\Application.php(316): Symfony\\Component\\Console\\Application->doRunCommand(Object(Illuminate\\Database\\Console\\Seeds\\SeedCommand), Object(Symfony\\Component\\Console\\Input\\ArgvInput), Object(Symfony\\Component\\Console\\Output\\ConsoleOutput))
#34 C:\\Users\\luism\\OneDrive\\Documents\\Proyectos\\WMS-ARCOSA-NEW\\vendor\\symfony\\console\\Application.php(167): Symfony\\Component\\Console\\Application->doRun(Object(Symfony\\Component\\Console\\Input\\ArgvInput), Object(Symfony\\Component\\Console\\Output\\ConsoleOutput))
#35 C:\\Users\\luism\\OneDrive\\Documents\\Proyectos\\WMS-ARCOSA-NEW\\vendor\\laravel\\framework\\src\\Illuminate\\Foundation\\Console\\Kernel.php(196): Symfony\\Component\\Console\\Application->run(Object(Symfony\\Component\\Console\\Input\\ArgvInput), Object(Symfony\\Component\\Console\\Output\\ConsoleOutput))
#36 C:\\Users\\luism\\OneDrive\\Documents\\Proyectos\\WMS-ARCOSA-NEW\\vendor\\laravel\\framework\\src\\Illuminate\\Foundation\\Application.php(1198): Illuminate\\Foundation\\Console\\Kernel->handle(Object(Symfony\\Component\\Console\\Input\\ArgvInput), Object(Symfony\\Component\\Console\\Output\\ConsoleOutput))
#37 C:\\Users\\luism\\OneDrive\\Documents\\Proyectos\\WMS-ARCOSA-NEW\\artisan(13): Illuminate\\Foundation\\Application->handleCommand(Object(Symfony\\Component\\Console\\Input\\ArgvInput))
#38 {main}

[previous exception] [object] (PDOException(code: 21S01): SQLSTATE[21S01]: Insert value list does not match column list: 1136 Column count doesn't match value count at row 5 at C:\\Users\\luism\\OneDrive\\Documents\\Proyectos\\WMS-ARCOSA-NEW\\vendor\\laravel\\framework\\src\\Illuminate\\Database\\Connection.php:565)
[stacktrace]
#0 C:\\Users\\luism\\OneDrive\\Documents\\Proyectos\\WMS-ARCOSA-NEW\\vendor\\laravel\\framework\\src\\Illuminate\\Database\\Connection.php(565): PDO->prepare('insert into `ca...')
#1 C:\\Users\\luism\\OneDrive\\Documents\\Proyectos\\WMS-ARCOSA-NEW\\vendor\\laravel\\framework\\src\\Illuminate\\Database\\Connection.php(800): Illuminate\\Database\\Connection->Illuminate\\Database\\{closure}('insert into `ca...', Array)
#2 C:\\Users\\luism\\OneDrive\\Documents\\Proyectos\\WMS-ARCOSA-NEW\\vendor\\laravel\\framework\\src\\Illuminate\\Database\\Connection.php(767): Illuminate\\Database\\Connection->runQueryCallback('insert into `ca...', Array, Object(Closure))
#3 C:\\Users\\luism\\OneDrive\\Documents\\Proyectos\\WMS-ARCOSA-NEW\\vendor\\laravel\\framework\\src\\Illuminate\\Database\\Connection.php(560): Illuminate\\Database\\Connection->run('insert into `ca...', Array, Object(Closure))
#4 C:\\Users\\luism\\OneDrive\\Documents\\Proyectos\\WMS-ARCOSA-NEW\\vendor\\laravel\\framework\\src\\Illuminate\\Database\\Connection.php(524): Illuminate\\Database\\Connection->statement('insert into `ca...', Array)
#5 C:\\Users\\luism\\OneDrive\\Documents\\Proyectos\\WMS-ARCOSA-NEW\\vendor\\laravel\\framework\\src\\Illuminate\\Database\\Query\\Builder.php(3608): Illuminate\\Database\\Connection->insert('insert into `ca...', Array)
#6 C:\\Users\\luism\\OneDrive\\Documents\\Proyectos\\WMS-ARCOSA-NEW\\database\\seeders\\CatalogoTipoCamarasSeeder.php(17): Illuminate\\Database\\Query\\Builder->insert(Array)
#7 C:\\Users\\luism\\OneDrive\\Documents\\Proyectos\\WMS-ARCOSA-NEW\\vendor\\laravel\\framework\\src\\Illuminate\\Container\\BoundMethod.php(36): Database\\Seeders\\CatalogoTipoCamarasSeeder->run()
#8 C:\\Users\\luism\\OneDrive\\Documents\\Proyectos\\WMS-ARCOSA-NEW\\vendor\\laravel\\framework\\src\\Illuminate\\Container\\Util.php(41): Illuminate\\Container\\BoundMethod::Illuminate\\Container\\{closure}()
#9 C:\\Users\\luism\\OneDrive\\Documents\\Proyectos\\WMS-ARCOSA-NEW\\vendor\\laravel\\framework\\src\\Illuminate\\Container\\BoundMethod.php(93): Illuminate\\Container\\Util::unwrapIfClosure(Object(Closure))
#10 C:\\Users\\luism\\OneDrive\\Documents\\Proyectos\\WMS-ARCOSA-NEW\\vendor\\laravel\\framework\\src\\Illuminate\\Container\\BoundMethod.php(35): Illuminate\\Container\\BoundMethod::callBoundMethod(Object(Illuminate\\Foundation\\Application), Array, Object(Closure))
#11 C:\\Users\\luism\\OneDrive\\Documents\\Proyectos\\WMS-ARCOSA-NEW\\vendor\\laravel\\framework\\src\\Illuminate\\Container\\Container.php(662): Illuminate\\Container\\BoundMethod::call(Object(Illuminate\\Foundation\\Application), Array, Array, NULL)
#12 C:\\Users\\luism\\OneDrive\\Documents\\Proyectos\\WMS-ARCOSA-NEW\\vendor\\laravel\\framework\\src\\Illuminate\\Database\\Seeder.php(184): Illuminate\\Container\\Container->call(Array, Array)
#13 C:\\Users\\luism\\OneDrive\\Documents\\Proyectos\\WMS-ARCOSA-NEW\\vendor\\laravel\\framework\\src\\Illuminate\\Database\\Seeder.php(193): Illuminate\\Database\\Seeder->Illuminate\\Database\\{closure}()
#14 C:\\Users\\luism\\OneDrive\\Documents\\Proyectos\\WMS-ARCOSA-NEW\\vendor\\laravel\\framework\\src\\Illuminate\\Database\\Seeder.php(61): Illuminate\\Database\\Seeder->__invoke(Array)
#15 C:\\Users\\luism\\OneDrive\\Documents\\Proyectos\\WMS-ARCOSA-NEW\\database\\seeders\\DatabaseSeeder.php(31): Illuminate\\Database\\Seeder->call('Database\\\\Seeder...')
#16 C:\\Users\\luism\\OneDrive\\Documents\\Proyectos\\WMS-ARCOSA-NEW\\vendor\\laravel\\framework\\src\\Illuminate\\Container\\BoundMethod.php(36): Database\\Seeders\\DatabaseSeeder->run()
#17 C:\\Users\\luism\\OneDrive\\Documents\\Proyectos\\WMS-ARCOSA-NEW\\vendor\\laravel\\framework\\src\\Illuminate\\Container\\Util.php(41): Illuminate\\Container\\BoundMethod::Illuminate\\Container\\{closure}()
#18 C:\\Users\\luism\\OneDrive\\Documents\\Proyectos\\WMS-ARCOSA-NEW\\vendor\\laravel\\framework\\src\\Illuminate\\Container\\BoundMethod.php(93): Illuminate\\Container\\Util::unwrapIfClosure(Object(Closure))
#19 C:\\Users\\luism\\OneDrive\\Documents\\Proyectos\\WMS-ARCOSA-NEW\\vendor\\laravel\\framework\\src\\Illuminate\\Container\\BoundMethod.php(35): Illuminate\\Container\\BoundMethod::callBoundMethod(Object(Illuminate\\Foundation\\Application), Array, Object(Closure))
#20 C:\\Users\\luism\\OneDrive\\Documents\\Proyectos\\WMS-ARCOSA-NEW\\vendor\\laravel\\framework\\src\\Illuminate\\Container\\Container.php(662): Illuminate\\Container\\BoundMethod::call(Object(Illuminate\\Foundation\\Application), Array, Array, NULL)
#21 C:\\Users\\luism\\OneDrive\\Documents\\Proyectos\\WMS-ARCOSA-NEW\\vendor\\laravel\\framework\\src\\Illuminate\\Database\\Seeder.php(184): Illuminate\\Container\\Container->call(Array, Array)
#22 C:\\Users\\luism\\OneDrive\\Documents\\Proyectos\\WMS-ARCOSA-NEW\\vendor\\laravel\\framework\\src\\Illuminate\\Database\\Seeder.php(193): Illuminate\\Database\\Seeder->Illuminate\\Database\\{closure}()
#23 C:\\Users\\luism\\OneDrive\\Documents\\Proyectos\\WMS-ARCOSA-NEW\\vendor\\laravel\\framework\\src\\Illuminate\\Database\\Console\\Seeds\\SeedCommand.php(70): Illuminate\\Database\\Seeder->__invoke()
#24 C:\\Users\\luism\\OneDrive\\Documents\\Proyectos\\WMS-ARCOSA-NEW\\vendor\\laravel\\framework\\src\\Illuminate\\Database\\Eloquent\\Concerns\\GuardsAttributes.php(155): Illuminate\\Database\\Console\\Seeds\\SeedCommand->Illuminate\\Database\\Console\\Seeds\\{closure}()
#25 C:\\Users\\luism\\OneDrive\\Documents\\Proyectos\\WMS-ARCOSA-NEW\\vendor\\laravel\\framework\\src\\Illuminate\\Database\\Console\\Seeds\\SeedCommand.php(69): Illuminate\\Database\\Eloquent\\Model::unguarded(Object(Closure))
#26 C:\\Users\\luism\\OneDrive\\Documents\\Proyectos\\WMS-ARCOSA-NEW\\vendor\\laravel\\framework\\src\\Illuminate\\Container\\BoundMethod.php(36): Illuminate\\Database\\Console\\Seeds\\SeedCommand->handle()
#27 C:\\Users\\luism\\OneDrive\\Documents\\Proyectos\\WMS-ARCOSA-NEW\\vendor\\laravel\\framework\\src\\Illuminate\\Container\\Util.php(41): Illuminate\\Container\\BoundMethod::Illuminate\\Container\\{closure}()
#28 C:\\Users\\luism\\OneDrive\\Documents\\Proyectos\\WMS-ARCOSA-NEW\\vendor\\laravel\\framework\\src\\Illuminate\\Container\\BoundMethod.php(93): Illuminate\\Container\\Util::unwrapIfClosure(Object(Closure))
#29 C:\\Users\\luism\\OneDrive\\Documents\\Proyectos\\WMS-ARCOSA-NEW\\vendor\\laravel\\framework\\src\\Illuminate\\Container\\BoundMethod.php(35): Illuminate\\Container\\BoundMethod::callBoundMethod(Object(Illuminate\\Foundation\\Application), Array, Object(Closure))
#30 C:\\Users\\luism\\OneDrive\\Documents\\Proyectos\\WMS-ARCOSA-NEW\\vendor\\laravel\\framework\\src\\Illuminate\\Container\\Container.php(662): Illuminate\\Container\\BoundMethod::call(Object(Illuminate\\Foundation\\Application), Array, Array, NULL)
#31 C:\\Users\\luism\\OneDrive\\Documents\\Proyectos\\WMS-ARCOSA-NEW\\vendor\\laravel\\framework\\src\\Illuminate\\Console\\Command.php(213): Illuminate\\Container\\Container->call(Array)
#32 C:\\Users\\luism\\OneDrive\\Documents\\Proyectos\\WMS-ARCOSA-NEW\\vendor\\symfony\\console\\Command\\Command.php(279): Illuminate\\Console\\Command->execute(Object(Symfony\\Component\\Console\\Input\\ArgvInput), Object(Illuminate\\Console\\OutputStyle))
#33 C:\\Users\\luism\\OneDrive\\Documents\\Proyectos\\WMS-ARCOSA-NEW\\vendor\\laravel\\framework\\src\\Illuminate\\Console\\Command.php(182): Symfony\\Component\\Console\\Command\\Command->run(Object(Symfony\\Component\\Console\\Input\\ArgvInput), Object(Illuminate\\Console\\OutputStyle))
#34 C:\\Users\\luism\\OneDrive\\Documents\\Proyectos\\WMS-ARCOSA-NEW\\vendor\\symfony\\console\\Application.php(1047): Illuminate\\Console\\Command->run(Object(Symfony\\Component\\Console\\Input\\ArgvInput), Object(Symfony\\Component\\Console\\Output\\ConsoleOutput))
#35 C:\\Users\\luism\\OneDrive\\Documents\\Proyectos\\WMS-ARCOSA-NEW\\vendor\\symfony\\console\\Application.php(316): Symfony\\Component\\Console\\Application->doRunCommand(Object(Illuminate\\Database\\Console\\Seeds\\SeedCommand), Object(Symfony\\Component\\Console\\Input\\ArgvInput), Object(Symfony\\Component\\Console\\Output\\ConsoleOutput))
#36 C:\\Users\\luism\\OneDrive\\Documents\\Proyectos\\WMS-ARCOSA-NEW\\vendor\\symfony\\console\\Application.php(167): Symfony\\Component\\Console\\Application->doRun(Object(Symfony\\Component\\Console\\Input\\ArgvInput), Object(Symfony\\Component\\Console\\Output\\ConsoleOutput))
#37 C:\\Users\\luism\\OneDrive\\Documents\\Proyectos\\WMS-ARCOSA-NEW\\vendor\\laravel\\framework\\src\\Illuminate\\Foundation\\Console\\Kernel.php(196): Symfony\\Component\\Console\\Application->run(Object(Symfony\\Component\\Console\\Input\\ArgvInput), Object(Symfony\\Component\\Console\\Output\\ConsoleOutput))
#38 C:\\Users\\luism\\OneDrive\\Documents\\Proyectos\\WMS-ARCOSA-NEW\\vendor\\laravel\\framework\\src\\Illuminate\\Foundation\\Application.php(1198): Illuminate\\Foundation\\Console\\Kernel->handle(Object(Symfony\\Component\\Console\\Input\\ArgvInput), Object(Symfony\\Component\\Console\\Output\\ConsoleOutput))
#39 C:\\Users\\luism\\OneDrive\\Documents\\Proyectos\\WMS-ARCOSA-NEW\\artisan(13): Illuminate\\Foundation\\Application->handleCommand(Object(Symfony\\Component\\Console\\Input\\ArgvInput))
#40 {main}
"} 
[2024-07-25 22:53:33] local.ERROR: App\Models\User::plantas must return a relationship instance. {"userId":1,"exception":"[object] (LogicException(code: 0): App\\Models\\User::plantas must return a relationship instance. at C:\\Users\\luism\\OneDrive\\Documents\\Proyectos\\WMS-ARCOSA-NEW\\vendor\\laravel\\framework\\src\\Illuminate\\Database\\Eloquent\\Concerns\\HasAttributes.php:614)
[stacktrace]
#0 C:\\Users\\luism\\OneDrive\\Documents\\Proyectos\\WMS-ARCOSA-NEW\\vendor\\laravel\\framework\\src\\Illuminate\\Database\\Eloquent\\Concerns\\HasAttributes.php(557): Illuminate\\Database\\Eloquent\\Model->getRelationshipFromMethod('plantas')
#1 C:\\Users\\luism\\OneDrive\\Documents\\Proyectos\\WMS-ARCOSA-NEW\\vendor\\laravel\\framework\\src\\Illuminate\\Database\\Eloquent\\Concerns\\HasAttributes.php(482): Illuminate\\Database\\Eloquent\\Model->getRelationValue('plantas')
#2 C:\\Users\\luism\\OneDrive\\Documents\\Proyectos\\WMS-ARCOSA-NEW\\vendor\\laravel\\framework\\src\\Illuminate\\Database\\Eloquent\\Model.php(2232): Illuminate\\Database\\Eloquent\\Model->getAttribute('plantas')
#3 C:\\Users\\luism\\OneDrive\\Documents\\Proyectos\\WMS-ARCOSA-NEW\\app\\Http\\Controllers\\AuthController.php(105): Illuminate\\Database\\Eloquent\\Model->__get('plantas')
#4 C:\\Users\\luism\\OneDrive\\Documents\\Proyectos\\WMS-ARCOSA-NEW\\vendor\\laravel\\framework\\src\\Illuminate\\Routing\\ControllerDispatcher.php(46): App\\Http\\Controllers\\AuthController->login(Object(Illuminate\\Http\\Request))
#5 C:\\Users\\luism\\OneDrive\\Documents\\Proyectos\\WMS-ARCOSA-NEW\\vendor\\laravel\\framework\\src\\Illuminate\\Routing\\Route.php(260): Illuminate\\Routing\\ControllerDispatcher->dispatch(Object(Illuminate\\Routing\\Route), Object(App\\Http\\Controllers\\AuthController), 'login')
#6 C:\\Users\\luism\\OneDrive\\Documents\\Proyectos\\WMS-ARCOSA-NEW\\vendor\\laravel\\framework\\src\\Illuminate\\Routing\\Route.php(206): Illuminate\\Routing\\Route->runController()
#7 C:\\Users\\luism\\OneDrive\\Documents\\Proyectos\\WMS-ARCOSA-NEW\\vendor\\laravel\\framework\\src\\Illuminate\\Routing\\Router.php(806): Illuminate\\Routing\\Route->run()
#8 C:\\Users\\luism\\OneDrive\\Documents\\Proyectos\\WMS-ARCOSA-NEW\\vendor\\laravel\\framework\\src\\Illuminate\\Pipeline\\Pipeline.php(144): Illuminate\\Routing\\Router->Illuminate\\Routing\\{closure}(Object(Illuminate\\Http\\Request))
#9 C:\\Users\\luism\\OneDrive\\Documents\\Proyectos\\WMS-ARCOSA-NEW\\vendor\\laravel\\framework\\src\\Illuminate\\Routing\\Middleware\\SubstituteBindings.php(50): Illuminate\\Pipeline\\Pipeline->Illuminate\\Pipeline\\{closure}(Object(Illuminate\\Http\\Request))
#10 C:\\Users\\luism\\OneDrive\\Documents\\Proyectos\\WMS-ARCOSA-NEW\\vendor\\laravel\\framework\\src\\Illuminate\\Pipeline\\Pipeline.php(183): Illuminate\\Routing\\Middleware\\SubstituteBindings->handle(Object(Illuminate\\Http\\Request), Object(Closure))
#11 C:\\Users\\luism\\OneDrive\\Documents\\Proyectos\\WMS-ARCOSA-NEW\\vendor\\laravel\\framework\\src\\Illuminate\\Pipeline\\Pipeline.php(119): Illuminate\\Pipeline\\Pipeline->Illuminate\\Pipeline\\{closure}(Object(Illuminate\\Http\\Request))
#12 C:\\Users\\luism\\OneDrive\\Documents\\Proyectos\\WMS-ARCOSA-NEW\\vendor\\laravel\\framework\\src\\Illuminate\\Routing\\Router.php(805): Illuminate\\Pipeline\\Pipeline->then(Object(Closure))
#13 C:\\Users\\luism\\OneDrive\\Documents\\Proyectos\\WMS-ARCOSA-NEW\\vendor\\laravel\\framework\\src\\Illuminate\\Routing\\Router.php(784): Illuminate\\Routing\\Router->runRouteWithinStack(Object(Illuminate\\Routing\\Route), Object(Illuminate\\Http\\Request))
#14 C:\\Users\\luism\\OneDrive\\Documents\\Proyectos\\WMS-ARCOSA-NEW\\vendor\\laravel\\framework\\src\\Illuminate\\Routing\\Router.php(748): Illuminate\\Routing\\Router->runRoute(Object(Illuminate\\Http\\Request), Object(Illuminate\\Routing\\Route))
#15 C:\\Users\\luism\\OneDrive\\Documents\\Proyectos\\WMS-ARCOSA-NEW\\vendor\\laravel\\framework\\src\\Illuminate\\Routing\\Router.php(737): Illuminate\\Routing\\Router->dispatchToRoute(Object(Illuminate\\Http\\Request))
#16 C:\\Users\\luism\\OneDrive\\Documents\\Proyectos\\WMS-ARCOSA-NEW\\vendor\\laravel\\framework\\src\\Illuminate\\Foundation\\Http\\Kernel.php(200): Illuminate\\Routing\\Router->dispatch(Object(Illuminate\\Http\\Request))
#17 C:\\Users\\luism\\OneDrive\\Documents\\Proyectos\\WMS-ARCOSA-NEW\\vendor\\laravel\\framework\\src\\Illuminate\\Pipeline\\Pipeline.php(144): Illuminate\\Foundation\\Http\\Kernel->Illuminate\\Foundation\\Http\\{closure}(Object(Illuminate\\Http\\Request))
#18 C:\\Users\\luism\\OneDrive\\Documents\\Proyectos\\WMS-ARCOSA-NEW\\vendor\\laravel\\framework\\src\\Illuminate\\Foundation\\Http\\Middleware\\TransformsRequest.php(21): Illuminate\\Pipeline\\Pipeline->Illuminate\\Pipeline\\{closure}(Object(Illuminate\\Http\\Request))
#19 C:\\Users\\luism\\OneDrive\\Documents\\Proyectos\\WMS-ARCOSA-NEW\\vendor\\laravel\\framework\\src\\Illuminate\\Foundation\\Http\\Middleware\\ConvertEmptyStringsToNull.php(31): Illuminate\\Foundation\\Http\\Middleware\\TransformsRequest->handle(Object(Illuminate\\Http\\Request), Object(Closure))
#20 C:\\Users\\luism\\OneDrive\\Documents\\Proyectos\\WMS-ARCOSA-NEW\\vendor\\laravel\\framework\\src\\Illuminate\\Pipeline\\Pipeline.php(183): Illuminate\\Foundation\\Http\\Middleware\\ConvertEmptyStringsToNull->handle(Object(Illuminate\\Http\\Request), Object(Closure))
#21 C:\\Users\\luism\\OneDrive\\Documents\\Proyectos\\WMS-ARCOSA-NEW\\vendor\\laravel\\framework\\src\\Illuminate\\Foundation\\Http\\Middleware\\TransformsRequest.php(21): Illuminate\\Pipeline\\Pipeline->Illuminate\\Pipeline\\{closure}(Object(Illuminate\\Http\\Request))
#22 C:\\Users\\luism\\OneDrive\\Documents\\Proyectos\\WMS-ARCOSA-NEW\\vendor\\laravel\\framework\\src\\Illuminate\\Foundation\\Http\\Middleware\\TrimStrings.php(51): Illuminate\\Foundation\\Http\\Middleware\\TransformsRequest->handle(Object(Illuminate\\Http\\Request), Object(Closure))
#23 C:\\Users\\luism\\OneDrive\\Documents\\Proyectos\\WMS-ARCOSA-NEW\\vendor\\laravel\\framework\\src\\Illuminate\\Pipeline\\Pipeline.php(183): Illuminate\\Foundation\\Http\\Middleware\\TrimStrings->handle(Object(Illuminate\\Http\\Request), Object(Closure))
#24 C:\\Users\\luism\\OneDrive\\Documents\\Proyectos\\WMS-ARCOSA-NEW\\vendor\\laravel\\framework\\src\\Illuminate\\Http\\Middleware\\ValidatePostSize.php(27): Illuminate\\Pipeline\\Pipeline->Illuminate\\Pipeline\\{closure}(Object(Illuminate\\Http\\Request))
#25 C:\\Users\\luism\\OneDrive\\Documents\\Proyectos\\WMS-ARCOSA-NEW\\vendor\\laravel\\framework\\src\\Illuminate\\Pipeline\\Pipeline.php(183): Illuminate\\Http\\Middleware\\ValidatePostSize->handle(Object(Illuminate\\Http\\Request), Object(Closure))
#26 C:\\Users\\luism\\OneDrive\\Documents\\Proyectos\\WMS-ARCOSA-NEW\\vendor\\laravel\\framework\\src\\Illuminate\\Foundation\\Http\\Middleware\\PreventRequestsDuringMaintenance.php(110): Illuminate\\Pipeline\\Pipeline->Illuminate\\Pipeline\\{closure}(Object(Illuminate\\Http\\Request))
#27 C:\\Users\\luism\\OneDrive\\Documents\\Proyectos\\WMS-ARCOSA-NEW\\vendor\\laravel\\framework\\src\\Illuminate\\Pipeline\\Pipeline.php(183): Illuminate\\Foundation\\Http\\Middleware\\PreventRequestsDuringMaintenance->handle(Object(Illuminate\\Http\\Request), Object(Closure))
#28 C:\\Users\\luism\\OneDrive\\Documents\\Proyectos\\WMS-ARCOSA-NEW\\vendor\\laravel\\framework\\src\\Illuminate\\Http\\Middleware\\HandleCors.php(62): Illuminate\\Pipeline\\Pipeline->Illuminate\\Pipeline\\{closure}(Object(Illuminate\\Http\\Request))
#29 C:\\Users\\luism\\OneDrive\\Documents\\Proyectos\\WMS-ARCOSA-NEW\\vendor\\laravel\\framework\\src\\Illuminate\\Pipeline\\Pipeline.php(183): Illuminate\\Http\\Middleware\\HandleCors->handle(Object(Illuminate\\Http\\Request), Object(Closure))
#30 C:\\Users\\luism\\OneDrive\\Documents\\Proyectos\\WMS-ARCOSA-NEW\\vendor\\laravel\\framework\\src\\Illuminate\\Http\\Middleware\\TrustProxies.php(57): Illuminate\\Pipeline\\Pipeline->Illuminate\\Pipeline\\{closure}(Object(Illuminate\\Http\\Request))
#31 C:\\Users\\luism\\OneDrive\\Documents\\Proyectos\\WMS-ARCOSA-NEW\\vendor\\laravel\\framework\\src\\Illuminate\\Pipeline\\Pipeline.php(183): Illuminate\\Http\\Middleware\\TrustProxies->handle(Object(Illuminate\\Http\\Request), Object(Closure))
#32 C:\\Users\\luism\\OneDrive\\Documents\\Proyectos\\WMS-ARCOSA-NEW\\vendor\\laravel\\framework\\src\\Illuminate\\Pipeline\\Pipeline.php(119): Illuminate\\Pipeline\\Pipeline->Illuminate\\Pipeline\\{closure}(Object(Illuminate\\Http\\Request))
#33 C:\\Users\\luism\\OneDrive\\Documents\\Proyectos\\WMS-ARCOSA-NEW\\vendor\\laravel\\framework\\src\\Illuminate\\Foundation\\Http\\Kernel.php(175): Illuminate\\Pipeline\\Pipeline->then(Object(Closure))
#34 C:\\Users\\luism\\OneDrive\\Documents\\Proyectos\\WMS-ARCOSA-NEW\\vendor\\laravel\\framework\\src\\Illuminate\\Foundation\\Http\\Kernel.php(144): Illuminate\\Foundation\\Http\\Kernel->sendRequestThroughRouter(Object(Illuminate\\Http\\Request))
#35 C:\\Users\\luism\\OneDrive\\Documents\\Proyectos\\WMS-ARCOSA-NEW\\vendor\\laravel\\framework\\src\\Illuminate\\Foundation\\Application.php(1183): Illuminate\\Foundation\\Http\\Kernel->handle(Object(Illuminate\\Http\\Request))
#36 C:\\Users\\luism\\OneDrive\\Documents\\Proyectos\\WMS-ARCOSA-NEW\\public\\index.php(17): Illuminate\\Foundation\\Application->handleRequest(Object(Illuminate\\Http\\Request))
#37 C:\\Users\\luism\\OneDrive\\Documents\\Proyectos\\WMS-ARCOSA-NEW\\vendor\\laravel\\framework\\src\\Illuminate\\Foundation\\resources\\server.php(16): require_once('C:\\\\Users\\\\luism\\\\...')
#38 {main}
"} 
[2024-07-25 22:54:30] local.ERROR: App\Models\User::plantas must return a relationship instance. {"userId":1,"exception":"[object] (LogicException(code: 0): App\\Models\\User::plantas must return a relationship instance. at C:\\Users\\luism\\OneDrive\\Documents\\Proyectos\\WMS-ARCOSA-NEW\\vendor\\laravel\\framework\\src\\Illuminate\\Database\\Eloquent\\Concerns\\HasAttributes.php:614)
[stacktrace]
#0 C:\\Users\\luism\\OneDrive\\Documents\\Proyectos\\WMS-ARCOSA-NEW\\vendor\\laravel\\framework\\src\\Illuminate\\Database\\Eloquent\\Concerns\\HasAttributes.php(557): Illuminate\\Database\\Eloquent\\Model->getRelationshipFromMethod('plantas')
#1 C:\\Users\\luism\\OneDrive\\Documents\\Proyectos\\WMS-ARCOSA-NEW\\vendor\\laravel\\framework\\src\\Illuminate\\Database\\Eloquent\\Concerns\\HasAttributes.php(482): Illuminate\\Database\\Eloquent\\Model->getRelationValue('plantas')
#2 C:\\Users\\luism\\OneDrive\\Documents\\Proyectos\\WMS-ARCOSA-NEW\\vendor\\laravel\\framework\\src\\Illuminate\\Database\\Eloquent\\Model.php(2232): Illuminate\\Database\\Eloquent\\Model->getAttribute('plantas')
#3 C:\\Users\\luism\\OneDrive\\Documents\\Proyectos\\WMS-ARCOSA-NEW\\app\\Http\\Controllers\\AuthController.php(105): Illuminate\\Database\\Eloquent\\Model->__get('plantas')
#4 C:\\Users\\luism\\OneDrive\\Documents\\Proyectos\\WMS-ARCOSA-NEW\\vendor\\laravel\\framework\\src\\Illuminate\\Routing\\ControllerDispatcher.php(46): App\\Http\\Controllers\\AuthController->login(Object(Illuminate\\Http\\Request))
#5 C:\\Users\\luism\\OneDrive\\Documents\\Proyectos\\WMS-ARCOSA-NEW\\vendor\\laravel\\framework\\src\\Illuminate\\Routing\\Route.php(260): Illuminate\\Routing\\ControllerDispatcher->dispatch(Object(Illuminate\\Routing\\Route), Object(App\\Http\\Controllers\\AuthController), 'login')
#6 C:\\Users\\luism\\OneDrive\\Documents\\Proyectos\\WMS-ARCOSA-NEW\\vendor\\laravel\\framework\\src\\Illuminate\\Routing\\Route.php(206): Illuminate\\Routing\\Route->runController()
#7 C:\\Users\\luism\\OneDrive\\Documents\\Proyectos\\WMS-ARCOSA-NEW\\vendor\\laravel\\framework\\src\\Illuminate\\Routing\\Router.php(806): Illuminate\\Routing\\Route->run()
#8 C:\\Users\\luism\\OneDrive\\Documents\\Proyectos\\WMS-ARCOSA-NEW\\vendor\\laravel\\framework\\src\\Illuminate\\Pipeline\\Pipeline.php(144): Illuminate\\Routing\\Router->Illuminate\\Routing\\{closure}(Object(Illuminate\\Http\\Request))
#9 C:\\Users\\luism\\OneDrive\\Documents\\Proyectos\\WMS-ARCOSA-NEW\\vendor\\laravel\\framework\\src\\Illuminate\\Routing\\Middleware\\SubstituteBindings.php(50): Illuminate\\Pipeline\\Pipeline->Illuminate\\Pipeline\\{closure}(Object(Illuminate\\Http\\Request))
#10 C:\\Users\\luism\\OneDrive\\Documents\\Proyectos\\WMS-ARCOSA-NEW\\vendor\\laravel\\framework\\src\\Illuminate\\Pipeline\\Pipeline.php(183): Illuminate\\Routing\\Middleware\\SubstituteBindings->handle(Object(Illuminate\\Http\\Request), Object(Closure))
#11 C:\\Users\\luism\\OneDrive\\Documents\\Proyectos\\WMS-ARCOSA-NEW\\vendor\\laravel\\framework\\src\\Illuminate\\Pipeline\\Pipeline.php(119): Illuminate\\Pipeline\\Pipeline->Illuminate\\Pipeline\\{closure}(Object(Illuminate\\Http\\Request))
#12 C:\\Users\\luism\\OneDrive\\Documents\\Proyectos\\WMS-ARCOSA-NEW\\vendor\\laravel\\framework\\src\\Illuminate\\Routing\\Router.php(805): Illuminate\\Pipeline\\Pipeline->then(Object(Closure))
#13 C:\\Users\\luism\\OneDrive\\Documents\\Proyectos\\WMS-ARCOSA-NEW\\vendor\\laravel\\framework\\src\\Illuminate\\Routing\\Router.php(784): Illuminate\\Routing\\Router->runRouteWithinStack(Object(Illuminate\\Routing\\Route), Object(Illuminate\\Http\\Request))
#14 C:\\Users\\luism\\OneDrive\\Documents\\Proyectos\\WMS-ARCOSA-NEW\\vendor\\laravel\\framework\\src\\Illuminate\\Routing\\Router.php(748): Illuminate\\Routing\\Router->runRoute(Object(Illuminate\\Http\\Request), Object(Illuminate\\Routing\\Route))
#15 C:\\Users\\luism\\OneDrive\\Documents\\Proyectos\\WMS-ARCOSA-NEW\\vendor\\laravel\\framework\\src\\Illuminate\\Routing\\Router.php(737): Illuminate\\Routing\\Router->dispatchToRoute(Object(Illuminate\\Http\\Request))
#16 C:\\Users\\luism\\OneDrive\\Documents\\Proyectos\\WMS-ARCOSA-NEW\\vendor\\laravel\\framework\\src\\Illuminate\\Foundation\\Http\\Kernel.php(200): Illuminate\\Routing\\Router->dispatch(Object(Illuminate\\Http\\Request))
#17 C:\\Users\\luism\\OneDrive\\Documents\\Proyectos\\WMS-ARCOSA-NEW\\vendor\\laravel\\framework\\src\\Illuminate\\Pipeline\\Pipeline.php(144): Illuminate\\Foundation\\Http\\Kernel->Illuminate\\Foundation\\Http\\{closure}(Object(Illuminate\\Http\\Request))
#18 C:\\Users\\luism\\OneDrive\\Documents\\Proyectos\\WMS-ARCOSA-NEW\\vendor\\laravel\\framework\\src\\Illuminate\\Foundation\\Http\\Middleware\\TransformsRequest.php(21): Illuminate\\Pipeline\\Pipeline->Illuminate\\Pipeline\\{closure}(Object(Illuminate\\Http\\Request))
#19 C:\\Users\\luism\\OneDrive\\Documents\\Proyectos\\WMS-ARCOSA-NEW\\vendor\\laravel\\framework\\src\\Illuminate\\Foundation\\Http\\Middleware\\ConvertEmptyStringsToNull.php(31): Illuminate\\Foundation\\Http\\Middleware\\TransformsRequest->handle(Object(Illuminate\\Http\\Request), Object(Closure))
#20 C:\\Users\\luism\\OneDrive\\Documents\\Proyectos\\WMS-ARCOSA-NEW\\vendor\\laravel\\framework\\src\\Illuminate\\Pipeline\\Pipeline.php(183): Illuminate\\Foundation\\Http\\Middleware\\ConvertEmptyStringsToNull->handle(Object(Illuminate\\Http\\Request), Object(Closure))
#21 C:\\Users\\luism\\OneDrive\\Documents\\Proyectos\\WMS-ARCOSA-NEW\\vendor\\laravel\\framework\\src\\Illuminate\\Foundation\\Http\\Middleware\\TransformsRequest.php(21): Illuminate\\Pipeline\\Pipeline->Illuminate\\Pipeline\\{closure}(Object(Illuminate\\Http\\Request))
#22 C:\\Users\\luism\\OneDrive\\Documents\\Proyectos\\WMS-ARCOSA-NEW\\vendor\\laravel\\framework\\src\\Illuminate\\Foundation\\Http\\Middleware\\TrimStrings.php(51): Illuminate\\Foundation\\Http\\Middleware\\TransformsRequest->handle(Object(Illuminate\\Http\\Request), Object(Closure))
#23 C:\\Users\\luism\\OneDrive\\Documents\\Proyectos\\WMS-ARCOSA-NEW\\vendor\\laravel\\framework\\src\\Illuminate\\Pipeline\\Pipeline.php(183): Illuminate\\Foundation\\Http\\Middleware\\TrimStrings->handle(Object(Illuminate\\Http\\Request), Object(Closure))
#24 C:\\Users\\luism\\OneDrive\\Documents\\Proyectos\\WMS-ARCOSA-NEW\\vendor\\laravel\\framework\\src\\Illuminate\\Http\\Middleware\\ValidatePostSize.php(27): Illuminate\\Pipeline\\Pipeline->Illuminate\\Pipeline\\{closure}(Object(Illuminate\\Http\\Request))
#25 C:\\Users\\luism\\OneDrive\\Documents\\Proyectos\\WMS-ARCOSA-NEW\\vendor\\laravel\\framework\\src\\Illuminate\\Pipeline\\Pipeline.php(183): Illuminate\\Http\\Middleware\\ValidatePostSize->handle(Object(Illuminate\\Http\\Request), Object(Closure))
#26 C:\\Users\\luism\\OneDrive\\Documents\\Proyectos\\WMS-ARCOSA-NEW\\vendor\\laravel\\framework\\src\\Illuminate\\Foundation\\Http\\Middleware\\PreventRequestsDuringMaintenance.php(110): Illuminate\\Pipeline\\Pipeline->Illuminate\\Pipeline\\{closure}(Object(Illuminate\\Http\\Request))
#27 C:\\Users\\luism\\OneDrive\\Documents\\Proyectos\\WMS-ARCOSA-NEW\\vendor\\laravel\\framework\\src\\Illuminate\\Pipeline\\Pipeline.php(183): Illuminate\\Foundation\\Http\\Middleware\\PreventRequestsDuringMaintenance->handle(Object(Illuminate\\Http\\Request), Object(Closure))
#28 C:\\Users\\luism\\OneDrive\\Documents\\Proyectos\\WMS-ARCOSA-NEW\\vendor\\laravel\\framework\\src\\Illuminate\\Http\\Middleware\\HandleCors.php(62): Illuminate\\Pipeline\\Pipeline->Illuminate\\Pipeline\\{closure}(Object(Illuminate\\Http\\Request))
#29 C:\\Users\\luism\\OneDrive\\Documents\\Proyectos\\WMS-ARCOSA-NEW\\vendor\\laravel\\framework\\src\\Illuminate\\Pipeline\\Pipeline.php(183): Illuminate\\Http\\Middleware\\HandleCors->handle(Object(Illuminate\\Http\\Request), Object(Closure))
#30 C:\\Users\\luism\\OneDrive\\Documents\\Proyectos\\WMS-ARCOSA-NEW\\vendor\\laravel\\framework\\src\\Illuminate\\Http\\Middleware\\TrustProxies.php(57): Illuminate\\Pipeline\\Pipeline->Illuminate\\Pipeline\\{closure}(Object(Illuminate\\Http\\Request))
#31 C:\\Users\\luism\\OneDrive\\Documents\\Proyectos\\WMS-ARCOSA-NEW\\vendor\\laravel\\framework\\src\\Illuminate\\Pipeline\\Pipeline.php(183): Illuminate\\Http\\Middleware\\TrustProxies->handle(Object(Illuminate\\Http\\Request), Object(Closure))
#32 C:\\Users\\luism\\OneDrive\\Documents\\Proyectos\\WMS-ARCOSA-NEW\\vendor\\laravel\\framework\\src\\Illuminate\\Pipeline\\Pipeline.php(119): Illuminate\\Pipeline\\Pipeline->Illuminate\\Pipeline\\{closure}(Object(Illuminate\\Http\\Request))
#33 C:\\Users\\luism\\OneDrive\\Documents\\Proyectos\\WMS-ARCOSA-NEW\\vendor\\laravel\\framework\\src\\Illuminate\\Foundation\\Http\\Kernel.php(175): Illuminate\\Pipeline\\Pipeline->then(Object(Closure))
#34 C:\\Users\\luism\\OneDrive\\Documents\\Proyectos\\WMS-ARCOSA-NEW\\vendor\\laravel\\framework\\src\\Illuminate\\Foundation\\Http\\Kernel.php(144): Illuminate\\Foundation\\Http\\Kernel->sendRequestThroughRouter(Object(Illuminate\\Http\\Request))
#35 C:\\Users\\luism\\OneDrive\\Documents\\Proyectos\\WMS-ARCOSA-NEW\\vendor\\laravel\\framework\\src\\Illuminate\\Foundation\\Application.php(1183): Illuminate\\Foundation\\Http\\Kernel->handle(Object(Illuminate\\Http\\Request))
#36 C:\\Users\\luism\\OneDrive\\Documents\\Proyectos\\WMS-ARCOSA-NEW\\public\\index.php(17): Illuminate\\Foundation\\Application->handleRequest(Object(Illuminate\\Http\\Request))
#37 C:\\Users\\luism\\OneDrive\\Documents\\Proyectos\\WMS-ARCOSA-NEW\\vendor\\laravel\\framework\\src\\Illuminate\\Foundation\\resources\\server.php(16): require_once('C:\\\\Users\\\\luism\\\\...')
#38 {main}
"} 
[2024-07-25 22:55:10] local.ERROR: App\Models\User::plantas must return a relationship instance. {"userId":1,"exception":"[object] (LogicException(code: 0): App\\Models\\User::plantas must return a relationship instance. at C:\\Users\\luism\\OneDrive\\Documents\\Proyectos\\WMS-ARCOSA-NEW\\vendor\\laravel\\framework\\src\\Illuminate\\Database\\Eloquent\\Concerns\\HasAttributes.php:614)
[stacktrace]
#0 C:\\Users\\luism\\OneDrive\\Documents\\Proyectos\\WMS-ARCOSA-NEW\\vendor\\laravel\\framework\\src\\Illuminate\\Database\\Eloquent\\Concerns\\HasAttributes.php(557): Illuminate\\Database\\Eloquent\\Model->getRelationshipFromMethod('plantas')
#1 C:\\Users\\luism\\OneDrive\\Documents\\Proyectos\\WMS-ARCOSA-NEW\\vendor\\laravel\\framework\\src\\Illuminate\\Database\\Eloquent\\Concerns\\HasAttributes.php(482): Illuminate\\Database\\Eloquent\\Model->getRelationValue('plantas')
#2 C:\\Users\\luism\\OneDrive\\Documents\\Proyectos\\WMS-ARCOSA-NEW\\vendor\\laravel\\framework\\src\\Illuminate\\Database\\Eloquent\\Model.php(2232): Illuminate\\Database\\Eloquent\\Model->getAttribute('plantas')
#3 C:\\Users\\luism\\OneDrive\\Documents\\Proyectos\\WMS-ARCOSA-NEW\\app\\Http\\Controllers\\AuthController.php(105): Illuminate\\Database\\Eloquent\\Model->__get('plantas')
#4 C:\\Users\\luism\\OneDrive\\Documents\\Proyectos\\WMS-ARCOSA-NEW\\vendor\\laravel\\framework\\src\\Illuminate\\Routing\\ControllerDispatcher.php(46): App\\Http\\Controllers\\AuthController->login(Object(Illuminate\\Http\\Request))
#5 C:\\Users\\luism\\OneDrive\\Documents\\Proyectos\\WMS-ARCOSA-NEW\\vendor\\laravel\\framework\\src\\Illuminate\\Routing\\Route.php(260): Illuminate\\Routing\\ControllerDispatcher->dispatch(Object(Illuminate\\Routing\\Route), Object(App\\Http\\Controllers\\AuthController), 'login')
#6 C:\\Users\\luism\\OneDrive\\Documents\\Proyectos\\WMS-ARCOSA-NEW\\vendor\\laravel\\framework\\src\\Illuminate\\Routing\\Route.php(206): Illuminate\\Routing\\Route->runController()
#7 C:\\Users\\luism\\OneDrive\\Documents\\Proyectos\\WMS-ARCOSA-NEW\\vendor\\laravel\\framework\\src\\Illuminate\\Routing\\Router.php(806): Illuminate\\Routing\\Route->run()
#8 C:\\Users\\luism\\OneDrive\\Documents\\Proyectos\\WMS-ARCOSA-NEW\\vendor\\laravel\\framework\\src\\Illuminate\\Pipeline\\Pipeline.php(144): Illuminate\\Routing\\Router->Illuminate\\Routing\\{closure}(Object(Illuminate\\Http\\Request))
#9 C:\\Users\\luism\\OneDrive\\Documents\\Proyectos\\WMS-ARCOSA-NEW\\vendor\\laravel\\framework\\src\\Illuminate\\Routing\\Middleware\\SubstituteBindings.php(50): Illuminate\\Pipeline\\Pipeline->Illuminate\\Pipeline\\{closure}(Object(Illuminate\\Http\\Request))
#10 C:\\Users\\luism\\OneDrive\\Documents\\Proyectos\\WMS-ARCOSA-NEW\\vendor\\laravel\\framework\\src\\Illuminate\\Pipeline\\Pipeline.php(183): Illuminate\\Routing\\Middleware\\SubstituteBindings->handle(Object(Illuminate\\Http\\Request), Object(Closure))
#11 C:\\Users\\luism\\OneDrive\\Documents\\Proyectos\\WMS-ARCOSA-NEW\\vendor\\laravel\\framework\\src\\Illuminate\\Pipeline\\Pipeline.php(119): Illuminate\\Pipeline\\Pipeline->Illuminate\\Pipeline\\{closure}(Object(Illuminate\\Http\\Request))
#12 C:\\Users\\luism\\OneDrive\\Documents\\Proyectos\\WMS-ARCOSA-NEW\\vendor\\laravel\\framework\\src\\Illuminate\\Routing\\Router.php(805): Illuminate\\Pipeline\\Pipeline->then(Object(Closure))
#13 C:\\Users\\luism\\OneDrive\\Documents\\Proyectos\\WMS-ARCOSA-NEW\\vendor\\laravel\\framework\\src\\Illuminate\\Routing\\Router.php(784): Illuminate\\Routing\\Router->runRouteWithinStack(Object(Illuminate\\Routing\\Route), Object(Illuminate\\Http\\Request))
#14 C:\\Users\\luism\\OneDrive\\Documents\\Proyectos\\WMS-ARCOSA-NEW\\vendor\\laravel\\framework\\src\\Illuminate\\Routing\\Router.php(748): Illuminate\\Routing\\Router->runRoute(Object(Illuminate\\Http\\Request), Object(Illuminate\\Routing\\Route))
#15 C:\\Users\\luism\\OneDrive\\Documents\\Proyectos\\WMS-ARCOSA-NEW\\vendor\\laravel\\framework\\src\\Illuminate\\Routing\\Router.php(737): Illuminate\\Routing\\Router->dispatchToRoute(Object(Illuminate\\Http\\Request))
#16 C:\\Users\\luism\\OneDrive\\Documents\\Proyectos\\WMS-ARCOSA-NEW\\vendor\\laravel\\framework\\src\\Illuminate\\Foundation\\Http\\Kernel.php(200): Illuminate\\Routing\\Router->dispatch(Object(Illuminate\\Http\\Request))
#17 C:\\Users\\luism\\OneDrive\\Documents\\Proyectos\\WMS-ARCOSA-NEW\\vendor\\laravel\\framework\\src\\Illuminate\\Pipeline\\Pipeline.php(144): Illuminate\\Foundation\\Http\\Kernel->Illuminate\\Foundation\\Http\\{closure}(Object(Illuminate\\Http\\Request))
#18 C:\\Users\\luism\\OneDrive\\Documents\\Proyectos\\WMS-ARCOSA-NEW\\vendor\\laravel\\framework\\src\\Illuminate\\Foundation\\Http\\Middleware\\TransformsRequest.php(21): Illuminate\\Pipeline\\Pipeline->Illuminate\\Pipeline\\{closure}(Object(Illuminate\\Http\\Request))
#19 C:\\Users\\luism\\OneDrive\\Documents\\Proyectos\\WMS-ARCOSA-NEW\\vendor\\laravel\\framework\\src\\Illuminate\\Foundation\\Http\\Middleware\\ConvertEmptyStringsToNull.php(31): Illuminate\\Foundation\\Http\\Middleware\\TransformsRequest->handle(Object(Illuminate\\Http\\Request), Object(Closure))
#20 C:\\Users\\luism\\OneDrive\\Documents\\Proyectos\\WMS-ARCOSA-NEW\\vendor\\laravel\\framework\\src\\Illuminate\\Pipeline\\Pipeline.php(183): Illuminate\\Foundation\\Http\\Middleware\\ConvertEmptyStringsToNull->handle(Object(Illuminate\\Http\\Request), Object(Closure))
#21 C:\\Users\\luism\\OneDrive\\Documents\\Proyectos\\WMS-ARCOSA-NEW\\vendor\\laravel\\framework\\src\\Illuminate\\Foundation\\Http\\Middleware\\TransformsRequest.php(21): Illuminate\\Pipeline\\Pipeline->Illuminate\\Pipeline\\{closure}(Object(Illuminate\\Http\\Request))
#22 C:\\Users\\luism\\OneDrive\\Documents\\Proyectos\\WMS-ARCOSA-NEW\\vendor\\laravel\\framework\\src\\Illuminate\\Foundation\\Http\\Middleware\\TrimStrings.php(51): Illuminate\\Foundation\\Http\\Middleware\\TransformsRequest->handle(Object(Illuminate\\Http\\Request), Object(Closure))
#23 C:\\Users\\luism\\OneDrive\\Documents\\Proyectos\\WMS-ARCOSA-NEW\\vendor\\laravel\\framework\\src\\Illuminate\\Pipeline\\Pipeline.php(183): Illuminate\\Foundation\\Http\\Middleware\\TrimStrings->handle(Object(Illuminate\\Http\\Request), Object(Closure))
#24 C:\\Users\\luism\\OneDrive\\Documents\\Proyectos\\WMS-ARCOSA-NEW\\vendor\\laravel\\framework\\src\\Illuminate\\Http\\Middleware\\ValidatePostSize.php(27): Illuminate\\Pipeline\\Pipeline->Illuminate\\Pipeline\\{closure}(Object(Illuminate\\Http\\Request))
#25 C:\\Users\\luism\\OneDrive\\Documents\\Proyectos\\WMS-ARCOSA-NEW\\vendor\\laravel\\framework\\src\\Illuminate\\Pipeline\\Pipeline.php(183): Illuminate\\Http\\Middleware\\ValidatePostSize->handle(Object(Illuminate\\Http\\Request), Object(Closure))
#26 C:\\Users\\luism\\OneDrive\\Documents\\Proyectos\\WMS-ARCOSA-NEW\\vendor\\laravel\\framework\\src\\Illuminate\\Foundation\\Http\\Middleware\\PreventRequestsDuringMaintenance.php(110): Illuminate\\Pipeline\\Pipeline->Illuminate\\Pipeline\\{closure}(Object(Illuminate\\Http\\Request))
#27 C:\\Users\\luism\\OneDrive\\Documents\\Proyectos\\WMS-ARCOSA-NEW\\vendor\\laravel\\framework\\src\\Illuminate\\Pipeline\\Pipeline.php(183): Illuminate\\Foundation\\Http\\Middleware\\PreventRequestsDuringMaintenance->handle(Object(Illuminate\\Http\\Request), Object(Closure))
#28 C:\\Users\\luism\\OneDrive\\Documents\\Proyectos\\WMS-ARCOSA-NEW\\vendor\\laravel\\framework\\src\\Illuminate\\Http\\Middleware\\HandleCors.php(62): Illuminate\\Pipeline\\Pipeline->Illuminate\\Pipeline\\{closure}(Object(Illuminate\\Http\\Request))
#29 C:\\Users\\luism\\OneDrive\\Documents\\Proyectos\\WMS-ARCOSA-NEW\\vendor\\laravel\\framework\\src\\Illuminate\\Pipeline\\Pipeline.php(183): Illuminate\\Http\\Middleware\\HandleCors->handle(Object(Illuminate\\Http\\Request), Object(Closure))
#30 C:\\Users\\luism\\OneDrive\\Documents\\Proyectos\\WMS-ARCOSA-NEW\\vendor\\laravel\\framework\\src\\Illuminate\\Http\\Middleware\\TrustProxies.php(57): Illuminate\\Pipeline\\Pipeline->Illuminate\\Pipeline\\{closure}(Object(Illuminate\\Http\\Request))
#31 C:\\Users\\luism\\OneDrive\\Documents\\Proyectos\\WMS-ARCOSA-NEW\\vendor\\laravel\\framework\\src\\Illuminate\\Pipeline\\Pipeline.php(183): Illuminate\\Http\\Middleware\\TrustProxies->handle(Object(Illuminate\\Http\\Request), Object(Closure))
#32 C:\\Users\\luism\\OneDrive\\Documents\\Proyectos\\WMS-ARCOSA-NEW\\vendor\\laravel\\framework\\src\\Illuminate\\Pipeline\\Pipeline.php(119): Illuminate\\Pipeline\\Pipeline->Illuminate\\Pipeline\\{closure}(Object(Illuminate\\Http\\Request))
#33 C:\\Users\\luism\\OneDrive\\Documents\\Proyectos\\WMS-ARCOSA-NEW\\vendor\\laravel\\framework\\src\\Illuminate\\Foundation\\Http\\Kernel.php(175): Illuminate\\Pipeline\\Pipeline->then(Object(Closure))
#34 C:\\Users\\luism\\OneDrive\\Documents\\Proyectos\\WMS-ARCOSA-NEW\\vendor\\laravel\\framework\\src\\Illuminate\\Foundation\\Http\\Kernel.php(144): Illuminate\\Foundation\\Http\\Kernel->sendRequestThroughRouter(Object(Illuminate\\Http\\Request))
#35 C:\\Users\\luism\\OneDrive\\Documents\\Proyectos\\WMS-ARCOSA-NEW\\vendor\\laravel\\framework\\src\\Illuminate\\Foundation\\Application.php(1183): Illuminate\\Foundation\\Http\\Kernel->handle(Object(Illuminate\\Http\\Request))
#36 C:\\Users\\luism\\OneDrive\\Documents\\Proyectos\\WMS-ARCOSA-NEW\\public\\index.php(17): Illuminate\\Foundation\\Application->handleRequest(Object(Illuminate\\Http\\Request))
#37 C:\\Users\\luism\\OneDrive\\Documents\\Proyectos\\WMS-ARCOSA-NEW\\vendor\\laravel\\framework\\src\\Illuminate\\Foundation\\resources\\server.php(16): require_once('C:\\\\Users\\\\luism\\\\...')
#38 {main}
"} 
[2024-07-25 22:55:52] local.ERROR: App\Models\User::plantas must return a relationship instance. {"userId":1,"exception":"[object] (LogicException(code: 0): App\\Models\\User::plantas must return a relationship instance. at C:\\Users\\luism\\OneDrive\\Documents\\Proyectos\\WMS-ARCOSA-NEW\\vendor\\laravel\\framework\\src\\Illuminate\\Database\\Eloquent\\Concerns\\HasAttributes.php:614)
[stacktrace]
#0 C:\\Users\\luism\\OneDrive\\Documents\\Proyectos\\WMS-ARCOSA-NEW\\vendor\\laravel\\framework\\src\\Illuminate\\Database\\Eloquent\\Concerns\\HasAttributes.php(557): Illuminate\\Database\\Eloquent\\Model->getRelationshipFromMethod('plantas')
#1 C:\\Users\\luism\\OneDrive\\Documents\\Proyectos\\WMS-ARCOSA-NEW\\vendor\\laravel\\framework\\src\\Illuminate\\Database\\Eloquent\\Concerns\\HasAttributes.php(482): Illuminate\\Database\\Eloquent\\Model->getRelationValue('plantas')
#2 C:\\Users\\luism\\OneDrive\\Documents\\Proyectos\\WMS-ARCOSA-NEW\\vendor\\laravel\\framework\\src\\Illuminate\\Database\\Eloquent\\Model.php(2232): Illuminate\\Database\\Eloquent\\Model->getAttribute('plantas')
#3 C:\\Users\\luism\\OneDrive\\Documents\\Proyectos\\WMS-ARCOSA-NEW\\app\\Http\\Controllers\\AuthController.php(105): Illuminate\\Database\\Eloquent\\Model->__get('plantas')
#4 C:\\Users\\luism\\OneDrive\\Documents\\Proyectos\\WMS-ARCOSA-NEW\\vendor\\laravel\\framework\\src\\Illuminate\\Routing\\ControllerDispatcher.php(46): App\\Http\\Controllers\\AuthController->login(Object(Illuminate\\Http\\Request))
#5 C:\\Users\\luism\\OneDrive\\Documents\\Proyectos\\WMS-ARCOSA-NEW\\vendor\\laravel\\framework\\src\\Illuminate\\Routing\\Route.php(260): Illuminate\\Routing\\ControllerDispatcher->dispatch(Object(Illuminate\\Routing\\Route), Object(App\\Http\\Controllers\\AuthController), 'login')
#6 C:\\Users\\luism\\OneDrive\\Documents\\Proyectos\\WMS-ARCOSA-NEW\\vendor\\laravel\\framework\\src\\Illuminate\\Routing\\Route.php(206): Illuminate\\Routing\\Route->runController()
#7 C:\\Users\\luism\\OneDrive\\Documents\\Proyectos\\WMS-ARCOSA-NEW\\vendor\\laravel\\framework\\src\\Illuminate\\Routing\\Router.php(806): Illuminate\\Routing\\Route->run()
#8 C:\\Users\\luism\\OneDrive\\Documents\\Proyectos\\WMS-ARCOSA-NEW\\vendor\\laravel\\framework\\src\\Illuminate\\Pipeline\\Pipeline.php(144): Illuminate\\Routing\\Router->Illuminate\\Routing\\{closure}(Object(Illuminate\\Http\\Request))
#9 C:\\Users\\luism\\OneDrive\\Documents\\Proyectos\\WMS-ARCOSA-NEW\\vendor\\laravel\\framework\\src\\Illuminate\\Routing\\Middleware\\SubstituteBindings.php(50): Illuminate\\Pipeline\\Pipeline->Illuminate\\Pipeline\\{closure}(Object(Illuminate\\Http\\Request))
#10 C:\\Users\\luism\\OneDrive\\Documents\\Proyectos\\WMS-ARCOSA-NEW\\vendor\\laravel\\framework\\src\\Illuminate\\Pipeline\\Pipeline.php(183): Illuminate\\Routing\\Middleware\\SubstituteBindings->handle(Object(Illuminate\\Http\\Request), Object(Closure))
#11 C:\\Users\\luism\\OneDrive\\Documents\\Proyectos\\WMS-ARCOSA-NEW\\vendor\\laravel\\framework\\src\\Illuminate\\Pipeline\\Pipeline.php(119): Illuminate\\Pipeline\\Pipeline->Illuminate\\Pipeline\\{closure}(Object(Illuminate\\Http\\Request))
#12 C:\\Users\\luism\\OneDrive\\Documents\\Proyectos\\WMS-ARCOSA-NEW\\vendor\\laravel\\framework\\src\\Illuminate\\Routing\\Router.php(805): Illuminate\\Pipeline\\Pipeline->then(Object(Closure))
#13 C:\\Users\\luism\\OneDrive\\Documents\\Proyectos\\WMS-ARCOSA-NEW\\vendor\\laravel\\framework\\src\\Illuminate\\Routing\\Router.php(784): Illuminate\\Routing\\Router->runRouteWithinStack(Object(Illuminate\\Routing\\Route), Object(Illuminate\\Http\\Request))
#14 C:\\Users\\luism\\OneDrive\\Documents\\Proyectos\\WMS-ARCOSA-NEW\\vendor\\laravel\\framework\\src\\Illuminate\\Routing\\Router.php(748): Illuminate\\Routing\\Router->runRoute(Object(Illuminate\\Http\\Request), Object(Illuminate\\Routing\\Route))
#15 C:\\Users\\luism\\OneDrive\\Documents\\Proyectos\\WMS-ARCOSA-NEW\\vendor\\laravel\\framework\\src\\Illuminate\\Routing\\Router.php(737): Illuminate\\Routing\\Router->dispatchToRoute(Object(Illuminate\\Http\\Request))
#16 C:\\Users\\luism\\OneDrive\\Documents\\Proyectos\\WMS-ARCOSA-NEW\\vendor\\laravel\\framework\\src\\Illuminate\\Foundation\\Http\\Kernel.php(200): Illuminate\\Routing\\Router->dispatch(Object(Illuminate\\Http\\Request))
#17 C:\\Users\\luism\\OneDrive\\Documents\\Proyectos\\WMS-ARCOSA-NEW\\vendor\\laravel\\framework\\src\\Illuminate\\Pipeline\\Pipeline.php(144): Illuminate\\Foundation\\Http\\Kernel->Illuminate\\Foundation\\Http\\{closure}(Object(Illuminate\\Http\\Request))
#18 C:\\Users\\luism\\OneDrive\\Documents\\Proyectos\\WMS-ARCOSA-NEW\\vendor\\laravel\\framework\\src\\Illuminate\\Foundation\\Http\\Middleware\\TransformsRequest.php(21): Illuminate\\Pipeline\\Pipeline->Illuminate\\Pipeline\\{closure}(Object(Illuminate\\Http\\Request))
#19 C:\\Users\\luism\\OneDrive\\Documents\\Proyectos\\WMS-ARCOSA-NEW\\vendor\\laravel\\framework\\src\\Illuminate\\Foundation\\Http\\Middleware\\ConvertEmptyStringsToNull.php(31): Illuminate\\Foundation\\Http\\Middleware\\TransformsRequest->handle(Object(Illuminate\\Http\\Request), Object(Closure))
#20 C:\\Users\\luism\\OneDrive\\Documents\\Proyectos\\WMS-ARCOSA-NEW\\vendor\\laravel\\framework\\src\\Illuminate\\Pipeline\\Pipeline.php(183): Illuminate\\Foundation\\Http\\Middleware\\ConvertEmptyStringsToNull->handle(Object(Illuminate\\Http\\Request), Object(Closure))
#21 C:\\Users\\luism\\OneDrive\\Documents\\Proyectos\\WMS-ARCOSA-NEW\\vendor\\laravel\\framework\\src\\Illuminate\\Foundation\\Http\\Middleware\\TransformsRequest.php(21): Illuminate\\Pipeline\\Pipeline->Illuminate\\Pipeline\\{closure}(Object(Illuminate\\Http\\Request))
#22 C:\\Users\\luism\\OneDrive\\Documents\\Proyectos\\WMS-ARCOSA-NEW\\vendor\\laravel\\framework\\src\\Illuminate\\Foundation\\Http\\Middleware\\TrimStrings.php(51): Illuminate\\Foundation\\Http\\Middleware\\TransformsRequest->handle(Object(Illuminate\\Http\\Request), Object(Closure))
#23 C:\\Users\\luism\\OneDrive\\Documents\\Proyectos\\WMS-ARCOSA-NEW\\vendor\\laravel\\framework\\src\\Illuminate\\Pipeline\\Pipeline.php(183): Illuminate\\Foundation\\Http\\Middleware\\TrimStrings->handle(Object(Illuminate\\Http\\Request), Object(Closure))
#24 C:\\Users\\luism\\OneDrive\\Documents\\Proyectos\\WMS-ARCOSA-NEW\\vendor\\laravel\\framework\\src\\Illuminate\\Http\\Middleware\\ValidatePostSize.php(27): Illuminate\\Pipeline\\Pipeline->Illuminate\\Pipeline\\{closure}(Object(Illuminate\\Http\\Request))
#25 C:\\Users\\luism\\OneDrive\\Documents\\Proyectos\\WMS-ARCOSA-NEW\\vendor\\laravel\\framework\\src\\Illuminate\\Pipeline\\Pipeline.php(183): Illuminate\\Http\\Middleware\\ValidatePostSize->handle(Object(Illuminate\\Http\\Request), Object(Closure))
#26 C:\\Users\\luism\\OneDrive\\Documents\\Proyectos\\WMS-ARCOSA-NEW\\vendor\\laravel\\framework\\src\\Illuminate\\Foundation\\Http\\Middleware\\PreventRequestsDuringMaintenance.php(110): Illuminate\\Pipeline\\Pipeline->Illuminate\\Pipeline\\{closure}(Object(Illuminate\\Http\\Request))
#27 C:\\Users\\luism\\OneDrive\\Documents\\Proyectos\\WMS-ARCOSA-NEW\\vendor\\laravel\\framework\\src\\Illuminate\\Pipeline\\Pipeline.php(183): Illuminate\\Foundation\\Http\\Middleware\\PreventRequestsDuringMaintenance->handle(Object(Illuminate\\Http\\Request), Object(Closure))
#28 C:\\Users\\luism\\OneDrive\\Documents\\Proyectos\\WMS-ARCOSA-NEW\\vendor\\laravel\\framework\\src\\Illuminate\\Http\\Middleware\\HandleCors.php(62): Illuminate\\Pipeline\\Pipeline->Illuminate\\Pipeline\\{closure}(Object(Illuminate\\Http\\Request))
#29 C:\\Users\\luism\\OneDrive\\Documents\\Proyectos\\WMS-ARCOSA-NEW\\vendor\\laravel\\framework\\src\\Illuminate\\Pipeline\\Pipeline.php(183): Illuminate\\Http\\Middleware\\HandleCors->handle(Object(Illuminate\\Http\\Request), Object(Closure))
#30 C:\\Users\\luism\\OneDrive\\Documents\\Proyectos\\WMS-ARCOSA-NEW\\vendor\\laravel\\framework\\src\\Illuminate\\Http\\Middleware\\TrustProxies.php(57): Illuminate\\Pipeline\\Pipeline->Illuminate\\Pipeline\\{closure}(Object(Illuminate\\Http\\Request))
#31 C:\\Users\\luism\\OneDrive\\Documents\\Proyectos\\WMS-ARCOSA-NEW\\vendor\\laravel\\framework\\src\\Illuminate\\Pipeline\\Pipeline.php(183): Illuminate\\Http\\Middleware\\TrustProxies->handle(Object(Illuminate\\Http\\Request), Object(Closure))
#32 C:\\Users\\luism\\OneDrive\\Documents\\Proyectos\\WMS-ARCOSA-NEW\\vendor\\laravel\\framework\\src\\Illuminate\\Pipeline\\Pipeline.php(119): Illuminate\\Pipeline\\Pipeline->Illuminate\\Pipeline\\{closure}(Object(Illuminate\\Http\\Request))
#33 C:\\Users\\luism\\OneDrive\\Documents\\Proyectos\\WMS-ARCOSA-NEW\\vendor\\laravel\\framework\\src\\Illuminate\\Foundation\\Http\\Kernel.php(175): Illuminate\\Pipeline\\Pipeline->then(Object(Closure))
#34 C:\\Users\\luism\\OneDrive\\Documents\\Proyectos\\WMS-ARCOSA-NEW\\vendor\\laravel\\framework\\src\\Illuminate\\Foundation\\Http\\Kernel.php(144): Illuminate\\Foundation\\Http\\Kernel->sendRequestThroughRouter(Object(Illuminate\\Http\\Request))
#35 C:\\Users\\luism\\OneDrive\\Documents\\Proyectos\\WMS-ARCOSA-NEW\\vendor\\laravel\\framework\\src\\Illuminate\\Foundation\\Application.php(1183): Illuminate\\Foundation\\Http\\Kernel->handle(Object(Illuminate\\Http\\Request))
#36 C:\\Users\\luism\\OneDrive\\Documents\\Proyectos\\WMS-ARCOSA-NEW\\public\\index.php(17): Illuminate\\Foundation\\Application->handleRequest(Object(Illuminate\\Http\\Request))
#37 C:\\Users\\luism\\OneDrive\\Documents\\Proyectos\\WMS-ARCOSA-NEW\\vendor\\laravel\\framework\\src\\Illuminate\\Foundation\\resources\\server.php(16): require_once('C:\\\\Users\\\\luism\\\\...')
#38 {main}
"} 
[2024-07-25 22:56:53] local.ERROR: App\Models\User::plantas must return a relationship instance. {"userId":1,"exception":"[object] (LogicException(code: 0): App\\Models\\User::plantas must return a relationship instance. at C:\\Users\\luism\\OneDrive\\Documents\\Proyectos\\WMS-ARCOSA-NEW\\vendor\\laravel\\framework\\src\\Illuminate\\Database\\Eloquent\\Concerns\\HasAttributes.php:614)
[stacktrace]
#0 C:\\Users\\luism\\OneDrive\\Documents\\Proyectos\\WMS-ARCOSA-NEW\\vendor\\laravel\\framework\\src\\Illuminate\\Database\\Eloquent\\Concerns\\HasAttributes.php(557): Illuminate\\Database\\Eloquent\\Model->getRelationshipFromMethod('plantas')
#1 C:\\Users\\luism\\OneDrive\\Documents\\Proyectos\\WMS-ARCOSA-NEW\\vendor\\laravel\\framework\\src\\Illuminate\\Database\\Eloquent\\Concerns\\HasAttributes.php(482): Illuminate\\Database\\Eloquent\\Model->getRelationValue('plantas')
#2 C:\\Users\\luism\\OneDrive\\Documents\\Proyectos\\WMS-ARCOSA-NEW\\vendor\\laravel\\framework\\src\\Illuminate\\Database\\Eloquent\\Model.php(2232): Illuminate\\Database\\Eloquent\\Model->getAttribute('plantas')
#3 C:\\Users\\luism\\OneDrive\\Documents\\Proyectos\\WMS-ARCOSA-NEW\\app\\Http\\Controllers\\AuthController.php(105): Illuminate\\Database\\Eloquent\\Model->__get('plantas')
#4 C:\\Users\\luism\\OneDrive\\Documents\\Proyectos\\WMS-ARCOSA-NEW\\vendor\\laravel\\framework\\src\\Illuminate\\Routing\\ControllerDispatcher.php(46): App\\Http\\Controllers\\AuthController->login(Object(Illuminate\\Http\\Request))
#5 C:\\Users\\luism\\OneDrive\\Documents\\Proyectos\\WMS-ARCOSA-NEW\\vendor\\laravel\\framework\\src\\Illuminate\\Routing\\Route.php(260): Illuminate\\Routing\\ControllerDispatcher->dispatch(Object(Illuminate\\Routing\\Route), Object(App\\Http\\Controllers\\AuthController), 'login')
#6 C:\\Users\\luism\\OneDrive\\Documents\\Proyectos\\WMS-ARCOSA-NEW\\vendor\\laravel\\framework\\src\\Illuminate\\Routing\\Route.php(206): Illuminate\\Routing\\Route->runController()
#7 C:\\Users\\luism\\OneDrive\\Documents\\Proyectos\\WMS-ARCOSA-NEW\\vendor\\laravel\\framework\\src\\Illuminate\\Routing\\Router.php(806): Illuminate\\Routing\\Route->run()
#8 C:\\Users\\luism\\OneDrive\\Documents\\Proyectos\\WMS-ARCOSA-NEW\\vendor\\laravel\\framework\\src\\Illuminate\\Pipeline\\Pipeline.php(144): Illuminate\\Routing\\Router->Illuminate\\Routing\\{closure}(Object(Illuminate\\Http\\Request))
#9 C:\\Users\\luism\\OneDrive\\Documents\\Proyectos\\WMS-ARCOSA-NEW\\vendor\\laravel\\framework\\src\\Illuminate\\Routing\\Middleware\\SubstituteBindings.php(50): Illuminate\\Pipeline\\Pipeline->Illuminate\\Pipeline\\{closure}(Object(Illuminate\\Http\\Request))
#10 C:\\Users\\luism\\OneDrive\\Documents\\Proyectos\\WMS-ARCOSA-NEW\\vendor\\laravel\\framework\\src\\Illuminate\\Pipeline\\Pipeline.php(183): Illuminate\\Routing\\Middleware\\SubstituteBindings->handle(Object(Illuminate\\Http\\Request), Object(Closure))
#11 C:\\Users\\luism\\OneDrive\\Documents\\Proyectos\\WMS-ARCOSA-NEW\\vendor\\laravel\\framework\\src\\Illuminate\\Pipeline\\Pipeline.php(119): Illuminate\\Pipeline\\Pipeline->Illuminate\\Pipeline\\{closure}(Object(Illuminate\\Http\\Request))
#12 C:\\Users\\luism\\OneDrive\\Documents\\Proyectos\\WMS-ARCOSA-NEW\\vendor\\laravel\\framework\\src\\Illuminate\\Routing\\Router.php(805): Illuminate\\Pipeline\\Pipeline->then(Object(Closure))
#13 C:\\Users\\luism\\OneDrive\\Documents\\Proyectos\\WMS-ARCOSA-NEW\\vendor\\laravel\\framework\\src\\Illuminate\\Routing\\Router.php(784): Illuminate\\Routing\\Router->runRouteWithinStack(Object(Illuminate\\Routing\\Route), Object(Illuminate\\Http\\Request))
#14 C:\\Users\\luism\\OneDrive\\Documents\\Proyectos\\WMS-ARCOSA-NEW\\vendor\\laravel\\framework\\src\\Illuminate\\Routing\\Router.php(748): Illuminate\\Routing\\Router->runRoute(Object(Illuminate\\Http\\Request), Object(Illuminate\\Routing\\Route))
#15 C:\\Users\\luism\\OneDrive\\Documents\\Proyectos\\WMS-ARCOSA-NEW\\vendor\\laravel\\framework\\src\\Illuminate\\Routing\\Router.php(737): Illuminate\\Routing\\Router->dispatchToRoute(Object(Illuminate\\Http\\Request))
#16 C:\\Users\\luism\\OneDrive\\Documents\\Proyectos\\WMS-ARCOSA-NEW\\vendor\\laravel\\framework\\src\\Illuminate\\Foundation\\Http\\Kernel.php(200): Illuminate\\Routing\\Router->dispatch(Object(Illuminate\\Http\\Request))
#17 C:\\Users\\luism\\OneDrive\\Documents\\Proyectos\\WMS-ARCOSA-NEW\\vendor\\laravel\\framework\\src\\Illuminate\\Pipeline\\Pipeline.php(144): Illuminate\\Foundation\\Http\\Kernel->Illuminate\\Foundation\\Http\\{closure}(Object(Illuminate\\Http\\Request))
#18 C:\\Users\\luism\\OneDrive\\Documents\\Proyectos\\WMS-ARCOSA-NEW\\vendor\\laravel\\framework\\src\\Illuminate\\Foundation\\Http\\Middleware\\TransformsRequest.php(21): Illuminate\\Pipeline\\Pipeline->Illuminate\\Pipeline\\{closure}(Object(Illuminate\\Http\\Request))
#19 C:\\Users\\luism\\OneDrive\\Documents\\Proyectos\\WMS-ARCOSA-NEW\\vendor\\laravel\\framework\\src\\Illuminate\\Foundation\\Http\\Middleware\\ConvertEmptyStringsToNull.php(31): Illuminate\\Foundation\\Http\\Middleware\\TransformsRequest->handle(Object(Illuminate\\Http\\Request), Object(Closure))
#20 C:\\Users\\luism\\OneDrive\\Documents\\Proyectos\\WMS-ARCOSA-NEW\\vendor\\laravel\\framework\\src\\Illuminate\\Pipeline\\Pipeline.php(183): Illuminate\\Foundation\\Http\\Middleware\\ConvertEmptyStringsToNull->handle(Object(Illuminate\\Http\\Request), Object(Closure))
#21 C:\\Users\\luism\\OneDrive\\Documents\\Proyectos\\WMS-ARCOSA-NEW\\vendor\\laravel\\framework\\src\\Illuminate\\Foundation\\Http\\Middleware\\TransformsRequest.php(21): Illuminate\\Pipeline\\Pipeline->Illuminate\\Pipeline\\{closure}(Object(Illuminate\\Http\\Request))
#22 C:\\Users\\luism\\OneDrive\\Documents\\Proyectos\\WMS-ARCOSA-NEW\\vendor\\laravel\\framework\\src\\Illuminate\\Foundation\\Http\\Middleware\\TrimStrings.php(51): Illuminate\\Foundation\\Http\\Middleware\\TransformsRequest->handle(Object(Illuminate\\Http\\Request), Object(Closure))
#23 C:\\Users\\luism\\OneDrive\\Documents\\Proyectos\\WMS-ARCOSA-NEW\\vendor\\laravel\\framework\\src\\Illuminate\\Pipeline\\Pipeline.php(183): Illuminate\\Foundation\\Http\\Middleware\\TrimStrings->handle(Object(Illuminate\\Http\\Request), Object(Closure))
#24 C:\\Users\\luism\\OneDrive\\Documents\\Proyectos\\WMS-ARCOSA-NEW\\vendor\\laravel\\framework\\src\\Illuminate\\Http\\Middleware\\ValidatePostSize.php(27): Illuminate\\Pipeline\\Pipeline->Illuminate\\Pipeline\\{closure}(Object(Illuminate\\Http\\Request))
#25 C:\\Users\\luism\\OneDrive\\Documents\\Proyectos\\WMS-ARCOSA-NEW\\vendor\\laravel\\framework\\src\\Illuminate\\Pipeline\\Pipeline.php(183): Illuminate\\Http\\Middleware\\ValidatePostSize->handle(Object(Illuminate\\Http\\Request), Object(Closure))
#26 C:\\Users\\luism\\OneDrive\\Documents\\Proyectos\\WMS-ARCOSA-NEW\\vendor\\laravel\\framework\\src\\Illuminate\\Foundation\\Http\\Middleware\\PreventRequestsDuringMaintenance.php(110): Illuminate\\Pipeline\\Pipeline->Illuminate\\Pipeline\\{closure}(Object(Illuminate\\Http\\Request))
#27 C:\\Users\\luism\\OneDrive\\Documents\\Proyectos\\WMS-ARCOSA-NEW\\vendor\\laravel\\framework\\src\\Illuminate\\Pipeline\\Pipeline.php(183): Illuminate\\Foundation\\Http\\Middleware\\PreventRequestsDuringMaintenance->handle(Object(Illuminate\\Http\\Request), Object(Closure))
#28 C:\\Users\\luism\\OneDrive\\Documents\\Proyectos\\WMS-ARCOSA-NEW\\vendor\\laravel\\framework\\src\\Illuminate\\Http\\Middleware\\HandleCors.php(62): Illuminate\\Pipeline\\Pipeline->Illuminate\\Pipeline\\{closure}(Object(Illuminate\\Http\\Request))
#29 C:\\Users\\luism\\OneDrive\\Documents\\Proyectos\\WMS-ARCOSA-NEW\\vendor\\laravel\\framework\\src\\Illuminate\\Pipeline\\Pipeline.php(183): Illuminate\\Http\\Middleware\\HandleCors->handle(Object(Illuminate\\Http\\Request), Object(Closure))
#30 C:\\Users\\luism\\OneDrive\\Documents\\Proyectos\\WMS-ARCOSA-NEW\\vendor\\laravel\\framework\\src\\Illuminate\\Http\\Middleware\\TrustProxies.php(57): Illuminate\\Pipeline\\Pipeline->Illuminate\\Pipeline\\{closure}(Object(Illuminate\\Http\\Request))
#31 C:\\Users\\luism\\OneDrive\\Documents\\Proyectos\\WMS-ARCOSA-NEW\\vendor\\laravel\\framework\\src\\Illuminate\\Pipeline\\Pipeline.php(183): Illuminate\\Http\\Middleware\\TrustProxies->handle(Object(Illuminate\\Http\\Request), Object(Closure))
#32 C:\\Users\\luism\\OneDrive\\Documents\\Proyectos\\WMS-ARCOSA-NEW\\vendor\\laravel\\framework\\src\\Illuminate\\Pipeline\\Pipeline.php(119): Illuminate\\Pipeline\\Pipeline->Illuminate\\Pipeline\\{closure}(Object(Illuminate\\Http\\Request))
#33 C:\\Users\\luism\\OneDrive\\Documents\\Proyectos\\WMS-ARCOSA-NEW\\vendor\\laravel\\framework\\src\\Illuminate\\Foundation\\Http\\Kernel.php(175): Illuminate\\Pipeline\\Pipeline->then(Object(Closure))
#34 C:\\Users\\luism\\OneDrive\\Documents\\Proyectos\\WMS-ARCOSA-NEW\\vendor\\laravel\\framework\\src\\Illuminate\\Foundation\\Http\\Kernel.php(144): Illuminate\\Foundation\\Http\\Kernel->sendRequestThroughRouter(Object(Illuminate\\Http\\Request))
#35 C:\\Users\\luism\\OneDrive\\Documents\\Proyectos\\WMS-ARCOSA-NEW\\vendor\\laravel\\framework\\src\\Illuminate\\Foundation\\Application.php(1183): Illuminate\\Foundation\\Http\\Kernel->handle(Object(Illuminate\\Http\\Request))
#36 C:\\Users\\luism\\OneDrive\\Documents\\Proyectos\\WMS-ARCOSA-NEW\\public\\index.php(17): Illuminate\\Foundation\\Application->handleRequest(Object(Illuminate\\Http\\Request))
#37 C:\\Users\\luism\\OneDrive\\Documents\\Proyectos\\WMS-ARCOSA-NEW\\vendor\\laravel\\framework\\src\\Illuminate\\Foundation\\resources\\server.php(16): require_once('C:\\\\Users\\\\luism\\\\...')
#38 {main}
"} 
[2024-07-25 23:01:35] local.ERROR: App\Models\User::plantas must return a relationship instance. {"userId":1,"exception":"[object] (LogicException(code: 0): App\\Models\\User::plantas must return a relationship instance. at C:\\Users\\luism\\OneDrive\\Documents\\Proyectos\\WMS-ARCOSA-NEW\\vendor\\laravel\\framework\\src\\Illuminate\\Database\\Eloquent\\Concerns\\HasAttributes.php:614)
[stacktrace]
#0 C:\\Users\\luism\\OneDrive\\Documents\\Proyectos\\WMS-ARCOSA-NEW\\vendor\\laravel\\framework\\src\\Illuminate\\Database\\Eloquent\\Concerns\\HasAttributes.php(557): Illuminate\\Database\\Eloquent\\Model->getRelationshipFromMethod('plantas')
#1 C:\\Users\\luism\\OneDrive\\Documents\\Proyectos\\WMS-ARCOSA-NEW\\vendor\\laravel\\framework\\src\\Illuminate\\Database\\Eloquent\\Concerns\\HasAttributes.php(482): Illuminate\\Database\\Eloquent\\Model->getRelationValue('plantas')
#2 C:\\Users\\luism\\OneDrive\\Documents\\Proyectos\\WMS-ARCOSA-NEW\\vendor\\laravel\\framework\\src\\Illuminate\\Database\\Eloquent\\Model.php(2232): Illuminate\\Database\\Eloquent\\Model->getAttribute('plantas')
#3 C:\\Users\\luism\\OneDrive\\Documents\\Proyectos\\WMS-ARCOSA-NEW\\app\\Http\\Controllers\\AuthController.php(105): Illuminate\\Database\\Eloquent\\Model->__get('plantas')
#4 C:\\Users\\luism\\OneDrive\\Documents\\Proyectos\\WMS-ARCOSA-NEW\\vendor\\laravel\\framework\\src\\Illuminate\\Routing\\ControllerDispatcher.php(46): App\\Http\\Controllers\\AuthController->login(Object(Illuminate\\Http\\Request))
#5 C:\\Users\\luism\\OneDrive\\Documents\\Proyectos\\WMS-ARCOSA-NEW\\vendor\\laravel\\framework\\src\\Illuminate\\Routing\\Route.php(260): Illuminate\\Routing\\ControllerDispatcher->dispatch(Object(Illuminate\\Routing\\Route), Object(App\\Http\\Controllers\\AuthController), 'login')
#6 C:\\Users\\luism\\OneDrive\\Documents\\Proyectos\\WMS-ARCOSA-NEW\\vendor\\laravel\\framework\\src\\Illuminate\\Routing\\Route.php(206): Illuminate\\Routing\\Route->runController()
#7 C:\\Users\\luism\\OneDrive\\Documents\\Proyectos\\WMS-ARCOSA-NEW\\vendor\\laravel\\framework\\src\\Illuminate\\Routing\\Router.php(806): Illuminate\\Routing\\Route->run()
#8 C:\\Users\\luism\\OneDrive\\Documents\\Proyectos\\WMS-ARCOSA-NEW\\vendor\\laravel\\framework\\src\\Illuminate\\Pipeline\\Pipeline.php(144): Illuminate\\Routing\\Router->Illuminate\\Routing\\{closure}(Object(Illuminate\\Http\\Request))
#9 C:\\Users\\luism\\OneDrive\\Documents\\Proyectos\\WMS-ARCOSA-NEW\\vendor\\laravel\\framework\\src\\Illuminate\\Routing\\Middleware\\SubstituteBindings.php(50): Illuminate\\Pipeline\\Pipeline->Illuminate\\Pipeline\\{closure}(Object(Illuminate\\Http\\Request))
#10 C:\\Users\\luism\\OneDrive\\Documents\\Proyectos\\WMS-ARCOSA-NEW\\vendor\\laravel\\framework\\src\\Illuminate\\Pipeline\\Pipeline.php(183): Illuminate\\Routing\\Middleware\\SubstituteBindings->handle(Object(Illuminate\\Http\\Request), Object(Closure))
#11 C:\\Users\\luism\\OneDrive\\Documents\\Proyectos\\WMS-ARCOSA-NEW\\vendor\\laravel\\framework\\src\\Illuminate\\Pipeline\\Pipeline.php(119): Illuminate\\Pipeline\\Pipeline->Illuminate\\Pipeline\\{closure}(Object(Illuminate\\Http\\Request))
#12 C:\\Users\\luism\\OneDrive\\Documents\\Proyectos\\WMS-ARCOSA-NEW\\vendor\\laravel\\framework\\src\\Illuminate\\Routing\\Router.php(805): Illuminate\\Pipeline\\Pipeline->then(Object(Closure))
#13 C:\\Users\\luism\\OneDrive\\Documents\\Proyectos\\WMS-ARCOSA-NEW\\vendor\\laravel\\framework\\src\\Illuminate\\Routing\\Router.php(784): Illuminate\\Routing\\Router->runRouteWithinStack(Object(Illuminate\\Routing\\Route), Object(Illuminate\\Http\\Request))
#14 C:\\Users\\luism\\OneDrive\\Documents\\Proyectos\\WMS-ARCOSA-NEW\\vendor\\laravel\\framework\\src\\Illuminate\\Routing\\Router.php(748): Illuminate\\Routing\\Router->runRoute(Object(Illuminate\\Http\\Request), Object(Illuminate\\Routing\\Route))
#15 C:\\Users\\luism\\OneDrive\\Documents\\Proyectos\\WMS-ARCOSA-NEW\\vendor\\laravel\\framework\\src\\Illuminate\\Routing\\Router.php(737): Illuminate\\Routing\\Router->dispatchToRoute(Object(Illuminate\\Http\\Request))
#16 C:\\Users\\luism\\OneDrive\\Documents\\Proyectos\\WMS-ARCOSA-NEW\\vendor\\laravel\\framework\\src\\Illuminate\\Foundation\\Http\\Kernel.php(200): Illuminate\\Routing\\Router->dispatch(Object(Illuminate\\Http\\Request))
#17 C:\\Users\\luism\\OneDrive\\Documents\\Proyectos\\WMS-ARCOSA-NEW\\vendor\\laravel\\framework\\src\\Illuminate\\Pipeline\\Pipeline.php(144): Illuminate\\Foundation\\Http\\Kernel->Illuminate\\Foundation\\Http\\{closure}(Object(Illuminate\\Http\\Request))
#18 C:\\Users\\luism\\OneDrive\\Documents\\Proyectos\\WMS-ARCOSA-NEW\\vendor\\laravel\\framework\\src\\Illuminate\\Foundation\\Http\\Middleware\\TransformsRequest.php(21): Illuminate\\Pipeline\\Pipeline->Illuminate\\Pipeline\\{closure}(Object(Illuminate\\Http\\Request))
#19 C:\\Users\\luism\\OneDrive\\Documents\\Proyectos\\WMS-ARCOSA-NEW\\vendor\\laravel\\framework\\src\\Illuminate\\Foundation\\Http\\Middleware\\ConvertEmptyStringsToNull.php(31): Illuminate\\Foundation\\Http\\Middleware\\TransformsRequest->handle(Object(Illuminate\\Http\\Request), Object(Closure))
#20 C:\\Users\\luism\\OneDrive\\Documents\\Proyectos\\WMS-ARCOSA-NEW\\vendor\\laravel\\framework\\src\\Illuminate\\Pipeline\\Pipeline.php(183): Illuminate\\Foundation\\Http\\Middleware\\ConvertEmptyStringsToNull->handle(Object(Illuminate\\Http\\Request), Object(Closure))
#21 C:\\Users\\luism\\OneDrive\\Documents\\Proyectos\\WMS-ARCOSA-NEW\\vendor\\laravel\\framework\\src\\Illuminate\\Foundation\\Http\\Middleware\\TransformsRequest.php(21): Illuminate\\Pipeline\\Pipeline->Illuminate\\Pipeline\\{closure}(Object(Illuminate\\Http\\Request))
#22 C:\\Users\\luism\\OneDrive\\Documents\\Proyectos\\WMS-ARCOSA-NEW\\vendor\\laravel\\framework\\src\\Illuminate\\Foundation\\Http\\Middleware\\TrimStrings.php(51): Illuminate\\Foundation\\Http\\Middleware\\TransformsRequest->handle(Object(Illuminate\\Http\\Request), Object(Closure))
#23 C:\\Users\\luism\\OneDrive\\Documents\\Proyectos\\WMS-ARCOSA-NEW\\vendor\\laravel\\framework\\src\\Illuminate\\Pipeline\\Pipeline.php(183): Illuminate\\Foundation\\Http\\Middleware\\TrimStrings->handle(Object(Illuminate\\Http\\Request), Object(Closure))
#24 C:\\Users\\luism\\OneDrive\\Documents\\Proyectos\\WMS-ARCOSA-NEW\\vendor\\laravel\\framework\\src\\Illuminate\\Http\\Middleware\\ValidatePostSize.php(27): Illuminate\\Pipeline\\Pipeline->Illuminate\\Pipeline\\{closure}(Object(Illuminate\\Http\\Request))
#25 C:\\Users\\luism\\OneDrive\\Documents\\Proyectos\\WMS-ARCOSA-NEW\\vendor\\laravel\\framework\\src\\Illuminate\\Pipeline\\Pipeline.php(183): Illuminate\\Http\\Middleware\\ValidatePostSize->handle(Object(Illuminate\\Http\\Request), Object(Closure))
#26 C:\\Users\\luism\\OneDrive\\Documents\\Proyectos\\WMS-ARCOSA-NEW\\vendor\\laravel\\framework\\src\\Illuminate\\Foundation\\Http\\Middleware\\PreventRequestsDuringMaintenance.php(110): Illuminate\\Pipeline\\Pipeline->Illuminate\\Pipeline\\{closure}(Object(Illuminate\\Http\\Request))
#27 C:\\Users\\luism\\OneDrive\\Documents\\Proyectos\\WMS-ARCOSA-NEW\\vendor\\laravel\\framework\\src\\Illuminate\\Pipeline\\Pipeline.php(183): Illuminate\\Foundation\\Http\\Middleware\\PreventRequestsDuringMaintenance->handle(Object(Illuminate\\Http\\Request), Object(Closure))
#28 C:\\Users\\luism\\OneDrive\\Documents\\Proyectos\\WMS-ARCOSA-NEW\\vendor\\laravel\\framework\\src\\Illuminate\\Http\\Middleware\\HandleCors.php(62): Illuminate\\Pipeline\\Pipeline->Illuminate\\Pipeline\\{closure}(Object(Illuminate\\Http\\Request))
#29 C:\\Users\\luism\\OneDrive\\Documents\\Proyectos\\WMS-ARCOSA-NEW\\vendor\\laravel\\framework\\src\\Illuminate\\Pipeline\\Pipeline.php(183): Illuminate\\Http\\Middleware\\HandleCors->handle(Object(Illuminate\\Http\\Request), Object(Closure))
#30 C:\\Users\\luism\\OneDrive\\Documents\\Proyectos\\WMS-ARCOSA-NEW\\vendor\\laravel\\framework\\src\\Illuminate\\Http\\Middleware\\TrustProxies.php(57): Illuminate\\Pipeline\\Pipeline->Illuminate\\Pipeline\\{closure}(Object(Illuminate\\Http\\Request))
#31 C:\\Users\\luism\\OneDrive\\Documents\\Proyectos\\WMS-ARCOSA-NEW\\vendor\\laravel\\framework\\src\\Illuminate\\Pipeline\\Pipeline.php(183): Illuminate\\Http\\Middleware\\TrustProxies->handle(Object(Illuminate\\Http\\Request), Object(Closure))
#32 C:\\Users\\luism\\OneDrive\\Documents\\Proyectos\\WMS-ARCOSA-NEW\\vendor\\laravel\\framework\\src\\Illuminate\\Pipeline\\Pipeline.php(119): Illuminate\\Pipeline\\Pipeline->Illuminate\\Pipeline\\{closure}(Object(Illuminate\\Http\\Request))
#33 C:\\Users\\luism\\OneDrive\\Documents\\Proyectos\\WMS-ARCOSA-NEW\\vendor\\laravel\\framework\\src\\Illuminate\\Foundation\\Http\\Kernel.php(175): Illuminate\\Pipeline\\Pipeline->then(Object(Closure))
#34 C:\\Users\\luism\\OneDrive\\Documents\\Proyectos\\WMS-ARCOSA-NEW\\vendor\\laravel\\framework\\src\\Illuminate\\Foundation\\Http\\Kernel.php(144): Illuminate\\Foundation\\Http\\Kernel->sendRequestThroughRouter(Object(Illuminate\\Http\\Request))
#35 C:\\Users\\luism\\OneDrive\\Documents\\Proyectos\\WMS-ARCOSA-NEW\\vendor\\laravel\\framework\\src\\Illuminate\\Foundation\\Application.php(1183): Illuminate\\Foundation\\Http\\Kernel->handle(Object(Illuminate\\Http\\Request))
#36 C:\\Users\\luism\\OneDrive\\Documents\\Proyectos\\WMS-ARCOSA-NEW\\public\\index.php(17): Illuminate\\Foundation\\Application->handleRequest(Object(Illuminate\\Http\\Request))
#37 C:\\Users\\luism\\OneDrive\\Documents\\Proyectos\\WMS-ARCOSA-NEW\\vendor\\laravel\\framework\\src\\Illuminate\\Foundation\\resources\\server.php(16): require_once('C:\\\\Users\\\\luism\\\\...')
#38 {main}
"} 
[2024-07-25 23:02:08] local.ERROR: App\Models\User::plantas must return a relationship instance. {"userId":1,"exception":"[object] (LogicException(code: 0): App\\Models\\User::plantas must return a relationship instance. at C:\\Users\\luism\\OneDrive\\Documents\\Proyectos\\WMS-ARCOSA-NEW\\vendor\\laravel\\framework\\src\\Illuminate\\Database\\Eloquent\\Concerns\\HasAttributes.php:614)
[stacktrace]
#0 C:\\Users\\luism\\OneDrive\\Documents\\Proyectos\\WMS-ARCOSA-NEW\\vendor\\laravel\\framework\\src\\Illuminate\\Database\\Eloquent\\Concerns\\HasAttributes.php(557): Illuminate\\Database\\Eloquent\\Model->getRelationshipFromMethod('plantas')
#1 C:\\Users\\luism\\OneDrive\\Documents\\Proyectos\\WMS-ARCOSA-NEW\\vendor\\laravel\\framework\\src\\Illuminate\\Database\\Eloquent\\Concerns\\HasAttributes.php(482): Illuminate\\Database\\Eloquent\\Model->getRelationValue('plantas')
#2 C:\\Users\\luism\\OneDrive\\Documents\\Proyectos\\WMS-ARCOSA-NEW\\vendor\\laravel\\framework\\src\\Illuminate\\Database\\Eloquent\\Model.php(2232): Illuminate\\Database\\Eloquent\\Model->getAttribute('plantas')
#3 C:\\Users\\luism\\OneDrive\\Documents\\Proyectos\\WMS-ARCOSA-NEW\\app\\Http\\Controllers\\AuthController.php(105): Illuminate\\Database\\Eloquent\\Model->__get('plantas')
#4 C:\\Users\\luism\\OneDrive\\Documents\\Proyectos\\WMS-ARCOSA-NEW\\vendor\\laravel\\framework\\src\\Illuminate\\Routing\\ControllerDispatcher.php(46): App\\Http\\Controllers\\AuthController->login(Object(Illuminate\\Http\\Request))
#5 C:\\Users\\luism\\OneDrive\\Documents\\Proyectos\\WMS-ARCOSA-NEW\\vendor\\laravel\\framework\\src\\Illuminate\\Routing\\Route.php(260): Illuminate\\Routing\\ControllerDispatcher->dispatch(Object(Illuminate\\Routing\\Route), Object(App\\Http\\Controllers\\AuthController), 'login')
#6 C:\\Users\\luism\\OneDrive\\Documents\\Proyectos\\WMS-ARCOSA-NEW\\vendor\\laravel\\framework\\src\\Illuminate\\Routing\\Route.php(206): Illuminate\\Routing\\Route->runController()
#7 C:\\Users\\luism\\OneDrive\\Documents\\Proyectos\\WMS-ARCOSA-NEW\\vendor\\laravel\\framework\\src\\Illuminate\\Routing\\Router.php(806): Illuminate\\Routing\\Route->run()
#8 C:\\Users\\luism\\OneDrive\\Documents\\Proyectos\\WMS-ARCOSA-NEW\\vendor\\laravel\\framework\\src\\Illuminate\\Pipeline\\Pipeline.php(144): Illuminate\\Routing\\Router->Illuminate\\Routing\\{closure}(Object(Illuminate\\Http\\Request))
#9 C:\\Users\\luism\\OneDrive\\Documents\\Proyectos\\WMS-ARCOSA-NEW\\vendor\\laravel\\framework\\src\\Illuminate\\Routing\\Middleware\\SubstituteBindings.php(50): Illuminate\\Pipeline\\Pipeline->Illuminate\\Pipeline\\{closure}(Object(Illuminate\\Http\\Request))
#10 C:\\Users\\luism\\OneDrive\\Documents\\Proyectos\\WMS-ARCOSA-NEW\\vendor\\laravel\\framework\\src\\Illuminate\\Pipeline\\Pipeline.php(183): Illuminate\\Routing\\Middleware\\SubstituteBindings->handle(Object(Illuminate\\Http\\Request), Object(Closure))
#11 C:\\Users\\luism\\OneDrive\\Documents\\Proyectos\\WMS-ARCOSA-NEW\\vendor\\laravel\\framework\\src\\Illuminate\\Pipeline\\Pipeline.php(119): Illuminate\\Pipeline\\Pipeline->Illuminate\\Pipeline\\{closure}(Object(Illuminate\\Http\\Request))
#12 C:\\Users\\luism\\OneDrive\\Documents\\Proyectos\\WMS-ARCOSA-NEW\\vendor\\laravel\\framework\\src\\Illuminate\\Routing\\Router.php(805): Illuminate\\Pipeline\\Pipeline->then(Object(Closure))
#13 C:\\Users\\luism\\OneDrive\\Documents\\Proyectos\\WMS-ARCOSA-NEW\\vendor\\laravel\\framework\\src\\Illuminate\\Routing\\Router.php(784): Illuminate\\Routing\\Router->runRouteWithinStack(Object(Illuminate\\Routing\\Route), Object(Illuminate\\Http\\Request))
#14 C:\\Users\\luism\\OneDrive\\Documents\\Proyectos\\WMS-ARCOSA-NEW\\vendor\\laravel\\framework\\src\\Illuminate\\Routing\\Router.php(748): Illuminate\\Routing\\Router->runRoute(Object(Illuminate\\Http\\Request), Object(Illuminate\\Routing\\Route))
#15 C:\\Users\\luism\\OneDrive\\Documents\\Proyectos\\WMS-ARCOSA-NEW\\vendor\\laravel\\framework\\src\\Illuminate\\Routing\\Router.php(737): Illuminate\\Routing\\Router->dispatchToRoute(Object(Illuminate\\Http\\Request))
#16 C:\\Users\\luism\\OneDrive\\Documents\\Proyectos\\WMS-ARCOSA-NEW\\vendor\\laravel\\framework\\src\\Illuminate\\Foundation\\Http\\Kernel.php(200): Illuminate\\Routing\\Router->dispatch(Object(Illuminate\\Http\\Request))
#17 C:\\Users\\luism\\OneDrive\\Documents\\Proyectos\\WMS-ARCOSA-NEW\\vendor\\laravel\\framework\\src\\Illuminate\\Pipeline\\Pipeline.php(144): Illuminate\\Foundation\\Http\\Kernel->Illuminate\\Foundation\\Http\\{closure}(Object(Illuminate\\Http\\Request))
#18 C:\\Users\\luism\\OneDrive\\Documents\\Proyectos\\WMS-ARCOSA-NEW\\vendor\\laravel\\framework\\src\\Illuminate\\Foundation\\Http\\Middleware\\TransformsRequest.php(21): Illuminate\\Pipeline\\Pipeline->Illuminate\\Pipeline\\{closure}(Object(Illuminate\\Http\\Request))
#19 C:\\Users\\luism\\OneDrive\\Documents\\Proyectos\\WMS-ARCOSA-NEW\\vendor\\laravel\\framework\\src\\Illuminate\\Foundation\\Http\\Middleware\\ConvertEmptyStringsToNull.php(31): Illuminate\\Foundation\\Http\\Middleware\\TransformsRequest->handle(Object(Illuminate\\Http\\Request), Object(Closure))
#20 C:\\Users\\luism\\OneDrive\\Documents\\Proyectos\\WMS-ARCOSA-NEW\\vendor\\laravel\\framework\\src\\Illuminate\\Pipeline\\Pipeline.php(183): Illuminate\\Foundation\\Http\\Middleware\\ConvertEmptyStringsToNull->handle(Object(Illuminate\\Http\\Request), Object(Closure))
#21 C:\\Users\\luism\\OneDrive\\Documents\\Proyectos\\WMS-ARCOSA-NEW\\vendor\\laravel\\framework\\src\\Illuminate\\Foundation\\Http\\Middleware\\TransformsRequest.php(21): Illuminate\\Pipeline\\Pipeline->Illuminate\\Pipeline\\{closure}(Object(Illuminate\\Http\\Request))
#22 C:\\Users\\luism\\OneDrive\\Documents\\Proyectos\\WMS-ARCOSA-NEW\\vendor\\laravel\\framework\\src\\Illuminate\\Foundation\\Http\\Middleware\\TrimStrings.php(51): Illuminate\\Foundation\\Http\\Middleware\\TransformsRequest->handle(Object(Illuminate\\Http\\Request), Object(Closure))
#23 C:\\Users\\luism\\OneDrive\\Documents\\Proyectos\\WMS-ARCOSA-NEW\\vendor\\laravel\\framework\\src\\Illuminate\\Pipeline\\Pipeline.php(183): Illuminate\\Foundation\\Http\\Middleware\\TrimStrings->handle(Object(Illuminate\\Http\\Request), Object(Closure))
#24 C:\\Users\\luism\\OneDrive\\Documents\\Proyectos\\WMS-ARCOSA-NEW\\vendor\\laravel\\framework\\src\\Illuminate\\Http\\Middleware\\ValidatePostSize.php(27): Illuminate\\Pipeline\\Pipeline->Illuminate\\Pipeline\\{closure}(Object(Illuminate\\Http\\Request))
#25 C:\\Users\\luism\\OneDrive\\Documents\\Proyectos\\WMS-ARCOSA-NEW\\vendor\\laravel\\framework\\src\\Illuminate\\Pipeline\\Pipeline.php(183): Illuminate\\Http\\Middleware\\ValidatePostSize->handle(Object(Illuminate\\Http\\Request), Object(Closure))
#26 C:\\Users\\luism\\OneDrive\\Documents\\Proyectos\\WMS-ARCOSA-NEW\\vendor\\laravel\\framework\\src\\Illuminate\\Foundation\\Http\\Middleware\\PreventRequestsDuringMaintenance.php(110): Illuminate\\Pipeline\\Pipeline->Illuminate\\Pipeline\\{closure}(Object(Illuminate\\Http\\Request))
#27 C:\\Users\\luism\\OneDrive\\Documents\\Proyectos\\WMS-ARCOSA-NEW\\vendor\\laravel\\framework\\src\\Illuminate\\Pipeline\\Pipeline.php(183): Illuminate\\Foundation\\Http\\Middleware\\PreventRequestsDuringMaintenance->handle(Object(Illuminate\\Http\\Request), Object(Closure))
#28 C:\\Users\\luism\\OneDrive\\Documents\\Proyectos\\WMS-ARCOSA-NEW\\vendor\\laravel\\framework\\src\\Illuminate\\Http\\Middleware\\HandleCors.php(62): Illuminate\\Pipeline\\Pipeline->Illuminate\\Pipeline\\{closure}(Object(Illuminate\\Http\\Request))
#29 C:\\Users\\luism\\OneDrive\\Documents\\Proyectos\\WMS-ARCOSA-NEW\\vendor\\laravel\\framework\\src\\Illuminate\\Pipeline\\Pipeline.php(183): Illuminate\\Http\\Middleware\\HandleCors->handle(Object(Illuminate\\Http\\Request), Object(Closure))
#30 C:\\Users\\luism\\OneDrive\\Documents\\Proyectos\\WMS-ARCOSA-NEW\\vendor\\laravel\\framework\\src\\Illuminate\\Http\\Middleware\\TrustProxies.php(57): Illuminate\\Pipeline\\Pipeline->Illuminate\\Pipeline\\{closure}(Object(Illuminate\\Http\\Request))
#31 C:\\Users\\luism\\OneDrive\\Documents\\Proyectos\\WMS-ARCOSA-NEW\\vendor\\laravel\\framework\\src\\Illuminate\\Pipeline\\Pipeline.php(183): Illuminate\\Http\\Middleware\\TrustProxies->handle(Object(Illuminate\\Http\\Request), Object(Closure))
#32 C:\\Users\\luism\\OneDrive\\Documents\\Proyectos\\WMS-ARCOSA-NEW\\vendor\\laravel\\framework\\src\\Illuminate\\Pipeline\\Pipeline.php(119): Illuminate\\Pipeline\\Pipeline->Illuminate\\Pipeline\\{closure}(Object(Illuminate\\Http\\Request))
#33 C:\\Users\\luism\\OneDrive\\Documents\\Proyectos\\WMS-ARCOSA-NEW\\vendor\\laravel\\framework\\src\\Illuminate\\Foundation\\Http\\Kernel.php(175): Illuminate\\Pipeline\\Pipeline->then(Object(Closure))
#34 C:\\Users\\luism\\OneDrive\\Documents\\Proyectos\\WMS-ARCOSA-NEW\\vendor\\laravel\\framework\\src\\Illuminate\\Foundation\\Http\\Kernel.php(144): Illuminate\\Foundation\\Http\\Kernel->sendRequestThroughRouter(Object(Illuminate\\Http\\Request))
#35 C:\\Users\\luism\\OneDrive\\Documents\\Proyectos\\WMS-ARCOSA-NEW\\vendor\\laravel\\framework\\src\\Illuminate\\Foundation\\Application.php(1183): Illuminate\\Foundation\\Http\\Kernel->handle(Object(Illuminate\\Http\\Request))
#36 C:\\Users\\luism\\OneDrive\\Documents\\Proyectos\\WMS-ARCOSA-NEW\\public\\index.php(17): Illuminate\\Foundation\\Application->handleRequest(Object(Illuminate\\Http\\Request))
#37 C:\\Users\\luism\\OneDrive\\Documents\\Proyectos\\WMS-ARCOSA-NEW\\vendor\\laravel\\framework\\src\\Illuminate\\Foundation\\resources\\server.php(16): require_once('C:\\\\Users\\\\luism\\\\...')
#38 {main}
"} 
[2024-07-25 23:02:42] local.ERROR: App\Models\User::plantas must return a relationship instance. {"userId":1,"exception":"[object] (LogicException(code: 0): App\\Models\\User::plantas must return a relationship instance. at C:\\Users\\luism\\OneDrive\\Documents\\Proyectos\\WMS-ARCOSA-NEW\\vendor\\laravel\\framework\\src\\Illuminate\\Database\\Eloquent\\Concerns\\HasAttributes.php:614)
[stacktrace]
#0 C:\\Users\\luism\\OneDrive\\Documents\\Proyectos\\WMS-ARCOSA-NEW\\vendor\\laravel\\framework\\src\\Illuminate\\Database\\Eloquent\\Concerns\\HasAttributes.php(557): Illuminate\\Database\\Eloquent\\Model->getRelationshipFromMethod('plantas')
#1 C:\\Users\\luism\\OneDrive\\Documents\\Proyectos\\WMS-ARCOSA-NEW\\vendor\\laravel\\framework\\src\\Illuminate\\Database\\Eloquent\\Concerns\\HasAttributes.php(482): Illuminate\\Database\\Eloquent\\Model->getRelationValue('plantas')
#2 C:\\Users\\luism\\OneDrive\\Documents\\Proyectos\\WMS-ARCOSA-NEW\\vendor\\laravel\\framework\\src\\Illuminate\\Database\\Eloquent\\Model.php(2232): Illuminate\\Database\\Eloquent\\Model->getAttribute('plantas')
#3 C:\\Users\\luism\\OneDrive\\Documents\\Proyectos\\WMS-ARCOSA-NEW\\app\\Http\\Controllers\\AuthController.php(105): Illuminate\\Database\\Eloquent\\Model->__get('plantas')
#4 C:\\Users\\luism\\OneDrive\\Documents\\Proyectos\\WMS-ARCOSA-NEW\\vendor\\laravel\\framework\\src\\Illuminate\\Routing\\ControllerDispatcher.php(46): App\\Http\\Controllers\\AuthController->login(Object(Illuminate\\Http\\Request))
#5 C:\\Users\\luism\\OneDrive\\Documents\\Proyectos\\WMS-ARCOSA-NEW\\vendor\\laravel\\framework\\src\\Illuminate\\Routing\\Route.php(260): Illuminate\\Routing\\ControllerDispatcher->dispatch(Object(Illuminate\\Routing\\Route), Object(App\\Http\\Controllers\\AuthController), 'login')
#6 C:\\Users\\luism\\OneDrive\\Documents\\Proyectos\\WMS-ARCOSA-NEW\\vendor\\laravel\\framework\\src\\Illuminate\\Routing\\Route.php(206): Illuminate\\Routing\\Route->runController()
#7 C:\\Users\\luism\\OneDrive\\Documents\\Proyectos\\WMS-ARCOSA-NEW\\vendor\\laravel\\framework\\src\\Illuminate\\Routing\\Router.php(806): Illuminate\\Routing\\Route->run()
#8 C:\\Users\\luism\\OneDrive\\Documents\\Proyectos\\WMS-ARCOSA-NEW\\vendor\\laravel\\framework\\src\\Illuminate\\Pipeline\\Pipeline.php(144): Illuminate\\Routing\\Router->Illuminate\\Routing\\{closure}(Object(Illuminate\\Http\\Request))
#9 C:\\Users\\luism\\OneDrive\\Documents\\Proyectos\\WMS-ARCOSA-NEW\\vendor\\laravel\\framework\\src\\Illuminate\\Routing\\Middleware\\SubstituteBindings.php(50): Illuminate\\Pipeline\\Pipeline->Illuminate\\Pipeline\\{closure}(Object(Illuminate\\Http\\Request))
#10 C:\\Users\\luism\\OneDrive\\Documents\\Proyectos\\WMS-ARCOSA-NEW\\vendor\\laravel\\framework\\src\\Illuminate\\Pipeline\\Pipeline.php(183): Illuminate\\Routing\\Middleware\\SubstituteBindings->handle(Object(Illuminate\\Http\\Request), Object(Closure))
#11 C:\\Users\\luism\\OneDrive\\Documents\\Proyectos\\WMS-ARCOSA-NEW\\vendor\\laravel\\framework\\src\\Illuminate\\Pipeline\\Pipeline.php(119): Illuminate\\Pipeline\\Pipeline->Illuminate\\Pipeline\\{closure}(Object(Illuminate\\Http\\Request))
#12 C:\\Users\\luism\\OneDrive\\Documents\\Proyectos\\WMS-ARCOSA-NEW\\vendor\\laravel\\framework\\src\\Illuminate\\Routing\\Router.php(805): Illuminate\\Pipeline\\Pipeline->then(Object(Closure))
#13 C:\\Users\\luism\\OneDrive\\Documents\\Proyectos\\WMS-ARCOSA-NEW\\vendor\\laravel\\framework\\src\\Illuminate\\Routing\\Router.php(784): Illuminate\\Routing\\Router->runRouteWithinStack(Object(Illuminate\\Routing\\Route), Object(Illuminate\\Http\\Request))
#14 C:\\Users\\luism\\OneDrive\\Documents\\Proyectos\\WMS-ARCOSA-NEW\\vendor\\laravel\\framework\\src\\Illuminate\\Routing\\Router.php(748): Illuminate\\Routing\\Router->runRoute(Object(Illuminate\\Http\\Request), Object(Illuminate\\Routing\\Route))
#15 C:\\Users\\luism\\OneDrive\\Documents\\Proyectos\\WMS-ARCOSA-NEW\\vendor\\laravel\\framework\\src\\Illuminate\\Routing\\Router.php(737): Illuminate\\Routing\\Router->dispatchToRoute(Object(Illuminate\\Http\\Request))
#16 C:\\Users\\luism\\OneDrive\\Documents\\Proyectos\\WMS-ARCOSA-NEW\\vendor\\laravel\\framework\\src\\Illuminate\\Foundation\\Http\\Kernel.php(200): Illuminate\\Routing\\Router->dispatch(Object(Illuminate\\Http\\Request))
#17 C:\\Users\\luism\\OneDrive\\Documents\\Proyectos\\WMS-ARCOSA-NEW\\vendor\\laravel\\framework\\src\\Illuminate\\Pipeline\\Pipeline.php(144): Illuminate\\Foundation\\Http\\Kernel->Illuminate\\Foundation\\Http\\{closure}(Object(Illuminate\\Http\\Request))
#18 C:\\Users\\luism\\OneDrive\\Documents\\Proyectos\\WMS-ARCOSA-NEW\\vendor\\laravel\\framework\\src\\Illuminate\\Foundation\\Http\\Middleware\\TransformsRequest.php(21): Illuminate\\Pipeline\\Pipeline->Illuminate\\Pipeline\\{closure}(Object(Illuminate\\Http\\Request))
#19 C:\\Users\\luism\\OneDrive\\Documents\\Proyectos\\WMS-ARCOSA-NEW\\vendor\\laravel\\framework\\src\\Illuminate\\Foundation\\Http\\Middleware\\ConvertEmptyStringsToNull.php(31): Illuminate\\Foundation\\Http\\Middleware\\TransformsRequest->handle(Object(Illuminate\\Http\\Request), Object(Closure))
#20 C:\\Users\\luism\\OneDrive\\Documents\\Proyectos\\WMS-ARCOSA-NEW\\vendor\\laravel\\framework\\src\\Illuminate\\Pipeline\\Pipeline.php(183): Illuminate\\Foundation\\Http\\Middleware\\ConvertEmptyStringsToNull->handle(Object(Illuminate\\Http\\Request), Object(Closure))
#21 C:\\Users\\luism\\OneDrive\\Documents\\Proyectos\\WMS-ARCOSA-NEW\\vendor\\laravel\\framework\\src\\Illuminate\\Foundation\\Http\\Middleware\\TransformsRequest.php(21): Illuminate\\Pipeline\\Pipeline->Illuminate\\Pipeline\\{closure}(Object(Illuminate\\Http\\Request))
#22 C:\\Users\\luism\\OneDrive\\Documents\\Proyectos\\WMS-ARCOSA-NEW\\vendor\\laravel\\framework\\src\\Illuminate\\Foundation\\Http\\Middleware\\TrimStrings.php(51): Illuminate\\Foundation\\Http\\Middleware\\TransformsRequest->handle(Object(Illuminate\\Http\\Request), Object(Closure))
#23 C:\\Users\\luism\\OneDrive\\Documents\\Proyectos\\WMS-ARCOSA-NEW\\vendor\\laravel\\framework\\src\\Illuminate\\Pipeline\\Pipeline.php(183): Illuminate\\Foundation\\Http\\Middleware\\TrimStrings->handle(Object(Illuminate\\Http\\Request), Object(Closure))
#24 C:\\Users\\luism\\OneDrive\\Documents\\Proyectos\\WMS-ARCOSA-NEW\\vendor\\laravel\\framework\\src\\Illuminate\\Http\\Middleware\\ValidatePostSize.php(27): Illuminate\\Pipeline\\Pipeline->Illuminate\\Pipeline\\{closure}(Object(Illuminate\\Http\\Request))
#25 C:\\Users\\luism\\OneDrive\\Documents\\Proyectos\\WMS-ARCOSA-NEW\\vendor\\laravel\\framework\\src\\Illuminate\\Pipeline\\Pipeline.php(183): Illuminate\\Http\\Middleware\\ValidatePostSize->handle(Object(Illuminate\\Http\\Request), Object(Closure))
#26 C:\\Users\\luism\\OneDrive\\Documents\\Proyectos\\WMS-ARCOSA-NEW\\vendor\\laravel\\framework\\src\\Illuminate\\Foundation\\Http\\Middleware\\PreventRequestsDuringMaintenance.php(110): Illuminate\\Pipeline\\Pipeline->Illuminate\\Pipeline\\{closure}(Object(Illuminate\\Http\\Request))
#27 C:\\Users\\luism\\OneDrive\\Documents\\Proyectos\\WMS-ARCOSA-NEW\\vendor\\laravel\\framework\\src\\Illuminate\\Pipeline\\Pipeline.php(183): Illuminate\\Foundation\\Http\\Middleware\\PreventRequestsDuringMaintenance->handle(Object(Illuminate\\Http\\Request), Object(Closure))
#28 C:\\Users\\luism\\OneDrive\\Documents\\Proyectos\\WMS-ARCOSA-NEW\\vendor\\laravel\\framework\\src\\Illuminate\\Http\\Middleware\\HandleCors.php(62): Illuminate\\Pipeline\\Pipeline->Illuminate\\Pipeline\\{closure}(Object(Illuminate\\Http\\Request))
#29 C:\\Users\\luism\\OneDrive\\Documents\\Proyectos\\WMS-ARCOSA-NEW\\vendor\\laravel\\framework\\src\\Illuminate\\Pipeline\\Pipeline.php(183): Illuminate\\Http\\Middleware\\HandleCors->handle(Object(Illuminate\\Http\\Request), Object(Closure))
#30 C:\\Users\\luism\\OneDrive\\Documents\\Proyectos\\WMS-ARCOSA-NEW\\vendor\\laravel\\framework\\src\\Illuminate\\Http\\Middleware\\TrustProxies.php(57): Illuminate\\Pipeline\\Pipeline->Illuminate\\Pipeline\\{closure}(Object(Illuminate\\Http\\Request))
#31 C:\\Users\\luism\\OneDrive\\Documents\\Proyectos\\WMS-ARCOSA-NEW\\vendor\\laravel\\framework\\src\\Illuminate\\Pipeline\\Pipeline.php(183): Illuminate\\Http\\Middleware\\TrustProxies->handle(Object(Illuminate\\Http\\Request), Object(Closure))
#32 C:\\Users\\luism\\OneDrive\\Documents\\Proyectos\\WMS-ARCOSA-NEW\\vendor\\laravel\\framework\\src\\Illuminate\\Pipeline\\Pipeline.php(119): Illuminate\\Pipeline\\Pipeline->Illuminate\\Pipeline\\{closure}(Object(Illuminate\\Http\\Request))
#33 C:\\Users\\luism\\OneDrive\\Documents\\Proyectos\\WMS-ARCOSA-NEW\\vendor\\laravel\\framework\\src\\Illuminate\\Foundation\\Http\\Kernel.php(175): Illuminate\\Pipeline\\Pipeline->then(Object(Closure))
#34 C:\\Users\\luism\\OneDrive\\Documents\\Proyectos\\WMS-ARCOSA-NEW\\vendor\\laravel\\framework\\src\\Illuminate\\Foundation\\Http\\Kernel.php(144): Illuminate\\Foundation\\Http\\Kernel->sendRequestThroughRouter(Object(Illuminate\\Http\\Request))
#35 C:\\Users\\luism\\OneDrive\\Documents\\Proyectos\\WMS-ARCOSA-NEW\\vendor\\laravel\\framework\\src\\Illuminate\\Foundation\\Application.php(1183): Illuminate\\Foundation\\Http\\Kernel->handle(Object(Illuminate\\Http\\Request))
#36 C:\\Users\\luism\\OneDrive\\Documents\\Proyectos\\WMS-ARCOSA-NEW\\public\\index.php(17): Illuminate\\Foundation\\Application->handleRequest(Object(Illuminate\\Http\\Request))
#37 C:\\Users\\luism\\OneDrive\\Documents\\Proyectos\\WMS-ARCOSA-NEW\\vendor\\laravel\\framework\\src\\Illuminate\\Foundation\\resources\\server.php(16): require_once('C:\\\\Users\\\\luism\\\\...')
#38 {main}
"} 
[2024-07-25 23:02:50] local.ERROR: App\Models\User::plantas must return a relationship instance. {"userId":1,"exception":"[object] (LogicException(code: 0): App\\Models\\User::plantas must return a relationship instance. at C:\\Users\\luism\\OneDrive\\Documents\\Proyectos\\WMS-ARCOSA-NEW\\vendor\\laravel\\framework\\src\\Illuminate\\Database\\Eloquent\\Concerns\\HasAttributes.php:614)
[stacktrace]
#0 C:\\Users\\luism\\OneDrive\\Documents\\Proyectos\\WMS-ARCOSA-NEW\\vendor\\laravel\\framework\\src\\Illuminate\\Database\\Eloquent\\Concerns\\HasAttributes.php(557): Illuminate\\Database\\Eloquent\\Model->getRelationshipFromMethod('plantas')
#1 C:\\Users\\luism\\OneDrive\\Documents\\Proyectos\\WMS-ARCOSA-NEW\\vendor\\laravel\\framework\\src\\Illuminate\\Database\\Eloquent\\Concerns\\HasAttributes.php(482): Illuminate\\Database\\Eloquent\\Model->getRelationValue('plantas')
#2 C:\\Users\\luism\\OneDrive\\Documents\\Proyectos\\WMS-ARCOSA-NEW\\vendor\\laravel\\framework\\src\\Illuminate\\Database\\Eloquent\\Model.php(2232): Illuminate\\Database\\Eloquent\\Model->getAttribute('plantas')
#3 C:\\Users\\luism\\OneDrive\\Documents\\Proyectos\\WMS-ARCOSA-NEW\\app\\Http\\Controllers\\AuthController.php(105): Illuminate\\Database\\Eloquent\\Model->__get('plantas')
#4 C:\\Users\\luism\\OneDrive\\Documents\\Proyectos\\WMS-ARCOSA-NEW\\vendor\\laravel\\framework\\src\\Illuminate\\Routing\\ControllerDispatcher.php(46): App\\Http\\Controllers\\AuthController->login(Object(Illuminate\\Http\\Request))
#5 C:\\Users\\luism\\OneDrive\\Documents\\Proyectos\\WMS-ARCOSA-NEW\\vendor\\laravel\\framework\\src\\Illuminate\\Routing\\Route.php(260): Illuminate\\Routing\\ControllerDispatcher->dispatch(Object(Illuminate\\Routing\\Route), Object(App\\Http\\Controllers\\AuthController), 'login')
#6 C:\\Users\\luism\\OneDrive\\Documents\\Proyectos\\WMS-ARCOSA-NEW\\vendor\\laravel\\framework\\src\\Illuminate\\Routing\\Route.php(206): Illuminate\\Routing\\Route->runController()
#7 C:\\Users\\luism\\OneDrive\\Documents\\Proyectos\\WMS-ARCOSA-NEW\\vendor\\laravel\\framework\\src\\Illuminate\\Routing\\Router.php(806): Illuminate\\Routing\\Route->run()
#8 C:\\Users\\luism\\OneDrive\\Documents\\Proyectos\\WMS-ARCOSA-NEW\\vendor\\laravel\\framework\\src\\Illuminate\\Pipeline\\Pipeline.php(144): Illuminate\\Routing\\Router->Illuminate\\Routing\\{closure}(Object(Illuminate\\Http\\Request))
#9 C:\\Users\\luism\\OneDrive\\Documents\\Proyectos\\WMS-ARCOSA-NEW\\vendor\\laravel\\framework\\src\\Illuminate\\Routing\\Middleware\\SubstituteBindings.php(50): Illuminate\\Pipeline\\Pipeline->Illuminate\\Pipeline\\{closure}(Object(Illuminate\\Http\\Request))
#10 C:\\Users\\luism\\OneDrive\\Documents\\Proyectos\\WMS-ARCOSA-NEW\\vendor\\laravel\\framework\\src\\Illuminate\\Pipeline\\Pipeline.php(183): Illuminate\\Routing\\Middleware\\SubstituteBindings->handle(Object(Illuminate\\Http\\Request), Object(Closure))
#11 C:\\Users\\luism\\OneDrive\\Documents\\Proyectos\\WMS-ARCOSA-NEW\\vendor\\laravel\\framework\\src\\Illuminate\\Pipeline\\Pipeline.php(119): Illuminate\\Pipeline\\Pipeline->Illuminate\\Pipeline\\{closure}(Object(Illuminate\\Http\\Request))
#12 C:\\Users\\luism\\OneDrive\\Documents\\Proyectos\\WMS-ARCOSA-NEW\\vendor\\laravel\\framework\\src\\Illuminate\\Routing\\Router.php(805): Illuminate\\Pipeline\\Pipeline->then(Object(Closure))
#13 C:\\Users\\luism\\OneDrive\\Documents\\Proyectos\\WMS-ARCOSA-NEW\\vendor\\laravel\\framework\\src\\Illuminate\\Routing\\Router.php(784): Illuminate\\Routing\\Router->runRouteWithinStack(Object(Illuminate\\Routing\\Route), Object(Illuminate\\Http\\Request))
#14 C:\\Users\\luism\\OneDrive\\Documents\\Proyectos\\WMS-ARCOSA-NEW\\vendor\\laravel\\framework\\src\\Illuminate\\Routing\\Router.php(748): Illuminate\\Routing\\Router->runRoute(Object(Illuminate\\Http\\Request), Object(Illuminate\\Routing\\Route))
#15 C:\\Users\\luism\\OneDrive\\Documents\\Proyectos\\WMS-ARCOSA-NEW\\vendor\\laravel\\framework\\src\\Illuminate\\Routing\\Router.php(737): Illuminate\\Routing\\Router->dispatchToRoute(Object(Illuminate\\Http\\Request))
#16 C:\\Users\\luism\\OneDrive\\Documents\\Proyectos\\WMS-ARCOSA-NEW\\vendor\\laravel\\framework\\src\\Illuminate\\Foundation\\Http\\Kernel.php(200): Illuminate\\Routing\\Router->dispatch(Object(Illuminate\\Http\\Request))
#17 C:\\Users\\luism\\OneDrive\\Documents\\Proyectos\\WMS-ARCOSA-NEW\\vendor\\laravel\\framework\\src\\Illuminate\\Pipeline\\Pipeline.php(144): Illuminate\\Foundation\\Http\\Kernel->Illuminate\\Foundation\\Http\\{closure}(Object(Illuminate\\Http\\Request))
#18 C:\\Users\\luism\\OneDrive\\Documents\\Proyectos\\WMS-ARCOSA-NEW\\vendor\\laravel\\framework\\src\\Illuminate\\Foundation\\Http\\Middleware\\TransformsRequest.php(21): Illuminate\\Pipeline\\Pipeline->Illuminate\\Pipeline\\{closure}(Object(Illuminate\\Http\\Request))
#19 C:\\Users\\luism\\OneDrive\\Documents\\Proyectos\\WMS-ARCOSA-NEW\\vendor\\laravel\\framework\\src\\Illuminate\\Foundation\\Http\\Middleware\\ConvertEmptyStringsToNull.php(31): Illuminate\\Foundation\\Http\\Middleware\\TransformsRequest->handle(Object(Illuminate\\Http\\Request), Object(Closure))
#20 C:\\Users\\luism\\OneDrive\\Documents\\Proyectos\\WMS-ARCOSA-NEW\\vendor\\laravel\\framework\\src\\Illuminate\\Pipeline\\Pipeline.php(183): Illuminate\\Foundation\\Http\\Middleware\\ConvertEmptyStringsToNull->handle(Object(Illuminate\\Http\\Request), Object(Closure))
#21 C:\\Users\\luism\\OneDrive\\Documents\\Proyectos\\WMS-ARCOSA-NEW\\vendor\\laravel\\framework\\src\\Illuminate\\Foundation\\Http\\Middleware\\TransformsRequest.php(21): Illuminate\\Pipeline\\Pipeline->Illuminate\\Pipeline\\{closure}(Object(Illuminate\\Http\\Request))
#22 C:\\Users\\luism\\OneDrive\\Documents\\Proyectos\\WMS-ARCOSA-NEW\\vendor\\laravel\\framework\\src\\Illuminate\\Foundation\\Http\\Middleware\\TrimStrings.php(51): Illuminate\\Foundation\\Http\\Middleware\\TransformsRequest->handle(Object(Illuminate\\Http\\Request), Object(Closure))
#23 C:\\Users\\luism\\OneDrive\\Documents\\Proyectos\\WMS-ARCOSA-NEW\\vendor\\laravel\\framework\\src\\Illuminate\\Pipeline\\Pipeline.php(183): Illuminate\\Foundation\\Http\\Middleware\\TrimStrings->handle(Object(Illuminate\\Http\\Request), Object(Closure))
#24 C:\\Users\\luism\\OneDrive\\Documents\\Proyectos\\WMS-ARCOSA-NEW\\vendor\\laravel\\framework\\src\\Illuminate\\Http\\Middleware\\ValidatePostSize.php(27): Illuminate\\Pipeline\\Pipeline->Illuminate\\Pipeline\\{closure}(Object(Illuminate\\Http\\Request))
#25 C:\\Users\\luism\\OneDrive\\Documents\\Proyectos\\WMS-ARCOSA-NEW\\vendor\\laravel\\framework\\src\\Illuminate\\Pipeline\\Pipeline.php(183): Illuminate\\Http\\Middleware\\ValidatePostSize->handle(Object(Illuminate\\Http\\Request), Object(Closure))
#26 C:\\Users\\luism\\OneDrive\\Documents\\Proyectos\\WMS-ARCOSA-NEW\\vendor\\laravel\\framework\\src\\Illuminate\\Foundation\\Http\\Middleware\\PreventRequestsDuringMaintenance.php(110): Illuminate\\Pipeline\\Pipeline->Illuminate\\Pipeline\\{closure}(Object(Illuminate\\Http\\Request))
#27 C:\\Users\\luism\\OneDrive\\Documents\\Proyectos\\WMS-ARCOSA-NEW\\vendor\\laravel\\framework\\src\\Illuminate\\Pipeline\\Pipeline.php(183): Illuminate\\Foundation\\Http\\Middleware\\PreventRequestsDuringMaintenance->handle(Object(Illuminate\\Http\\Request), Object(Closure))
#28 C:\\Users\\luism\\OneDrive\\Documents\\Proyectos\\WMS-ARCOSA-NEW\\vendor\\laravel\\framework\\src\\Illuminate\\Http\\Middleware\\HandleCors.php(62): Illuminate\\Pipeline\\Pipeline->Illuminate\\Pipeline\\{closure}(Object(Illuminate\\Http\\Request))
#29 C:\\Users\\luism\\OneDrive\\Documents\\Proyectos\\WMS-ARCOSA-NEW\\vendor\\laravel\\framework\\src\\Illuminate\\Pipeline\\Pipeline.php(183): Illuminate\\Http\\Middleware\\HandleCors->handle(Object(Illuminate\\Http\\Request), Object(Closure))
#30 C:\\Users\\luism\\OneDrive\\Documents\\Proyectos\\WMS-ARCOSA-NEW\\vendor\\laravel\\framework\\src\\Illuminate\\Http\\Middleware\\TrustProxies.php(57): Illuminate\\Pipeline\\Pipeline->Illuminate\\Pipeline\\{closure}(Object(Illuminate\\Http\\Request))
#31 C:\\Users\\luism\\OneDrive\\Documents\\Proyectos\\WMS-ARCOSA-NEW\\vendor\\laravel\\framework\\src\\Illuminate\\Pipeline\\Pipeline.php(183): Illuminate\\Http\\Middleware\\TrustProxies->handle(Object(Illuminate\\Http\\Request), Object(Closure))
#32 C:\\Users\\luism\\OneDrive\\Documents\\Proyectos\\WMS-ARCOSA-NEW\\vendor\\laravel\\framework\\src\\Illuminate\\Pipeline\\Pipeline.php(119): Illuminate\\Pipeline\\Pipeline->Illuminate\\Pipeline\\{closure}(Object(Illuminate\\Http\\Request))
#33 C:\\Users\\luism\\OneDrive\\Documents\\Proyectos\\WMS-ARCOSA-NEW\\vendor\\laravel\\framework\\src\\Illuminate\\Foundation\\Http\\Kernel.php(175): Illuminate\\Pipeline\\Pipeline->then(Object(Closure))
#34 C:\\Users\\luism\\OneDrive\\Documents\\Proyectos\\WMS-ARCOSA-NEW\\vendor\\laravel\\framework\\src\\Illuminate\\Foundation\\Http\\Kernel.php(144): Illuminate\\Foundation\\Http\\Kernel->sendRequestThroughRouter(Object(Illuminate\\Http\\Request))
#35 C:\\Users\\luism\\OneDrive\\Documents\\Proyectos\\WMS-ARCOSA-NEW\\vendor\\laravel\\framework\\src\\Illuminate\\Foundation\\Application.php(1183): Illuminate\\Foundation\\Http\\Kernel->handle(Object(Illuminate\\Http\\Request))
#36 C:\\Users\\luism\\OneDrive\\Documents\\Proyectos\\WMS-ARCOSA-NEW\\public\\index.php(17): Illuminate\\Foundation\\Application->handleRequest(Object(Illuminate\\Http\\Request))
#37 C:\\Users\\luism\\OneDrive\\Documents\\Proyectos\\WMS-ARCOSA-NEW\\vendor\\laravel\\framework\\src\\Illuminate\\Foundation\\resources\\server.php(16): require_once('C:\\\\Users\\\\luism\\\\...')
#38 {main}
"} 
[2024-07-25 23:03:15] local.ERROR: App\Models\User::plantas must return a relationship instance. {"userId":1,"exception":"[object] (LogicException(code: 0): App\\Models\\User::plantas must return a relationship instance. at C:\\Users\\luism\\OneDrive\\Documents\\Proyectos\\WMS-ARCOSA-NEW\\vendor\\laravel\\framework\\src\\Illuminate\\Database\\Eloquent\\Concerns\\HasAttributes.php:614)
[stacktrace]
#0 C:\\Users\\luism\\OneDrive\\Documents\\Proyectos\\WMS-ARCOSA-NEW\\vendor\\laravel\\framework\\src\\Illuminate\\Database\\Eloquent\\Concerns\\HasAttributes.php(557): Illuminate\\Database\\Eloquent\\Model->getRelationshipFromMethod('plantas')
#1 C:\\Users\\luism\\OneDrive\\Documents\\Proyectos\\WMS-ARCOSA-NEW\\vendor\\laravel\\framework\\src\\Illuminate\\Database\\Eloquent\\Concerns\\HasAttributes.php(482): Illuminate\\Database\\Eloquent\\Model->getRelationValue('plantas')
#2 C:\\Users\\luism\\OneDrive\\Documents\\Proyectos\\WMS-ARCOSA-NEW\\vendor\\laravel\\framework\\src\\Illuminate\\Database\\Eloquent\\Model.php(2232): Illuminate\\Database\\Eloquent\\Model->getAttribute('plantas')
#3 C:\\Users\\luism\\OneDrive\\Documents\\Proyectos\\WMS-ARCOSA-NEW\\app\\Http\\Controllers\\AuthController.php(105): Illuminate\\Database\\Eloquent\\Model->__get('plantas')
#4 C:\\Users\\luism\\OneDrive\\Documents\\Proyectos\\WMS-ARCOSA-NEW\\vendor\\laravel\\framework\\src\\Illuminate\\Routing\\ControllerDispatcher.php(46): App\\Http\\Controllers\\AuthController->login(Object(Illuminate\\Http\\Request))
#5 C:\\Users\\luism\\OneDrive\\Documents\\Proyectos\\WMS-ARCOSA-NEW\\vendor\\laravel\\framework\\src\\Illuminate\\Routing\\Route.php(260): Illuminate\\Routing\\ControllerDispatcher->dispatch(Object(Illuminate\\Routing\\Route), Object(App\\Http\\Controllers\\AuthController), 'login')
#6 C:\\Users\\luism\\OneDrive\\Documents\\Proyectos\\WMS-ARCOSA-NEW\\vendor\\laravel\\framework\\src\\Illuminate\\Routing\\Route.php(206): Illuminate\\Routing\\Route->runController()
#7 C:\\Users\\luism\\OneDrive\\Documents\\Proyectos\\WMS-ARCOSA-NEW\\vendor\\laravel\\framework\\src\\Illuminate\\Routing\\Router.php(806): Illuminate\\Routing\\Route->run()
#8 C:\\Users\\luism\\OneDrive\\Documents\\Proyectos\\WMS-ARCOSA-NEW\\vendor\\laravel\\framework\\src\\Illuminate\\Pipeline\\Pipeline.php(144): Illuminate\\Routing\\Router->Illuminate\\Routing\\{closure}(Object(Illuminate\\Http\\Request))
#9 C:\\Users\\luism\\OneDrive\\Documents\\Proyectos\\WMS-ARCOSA-NEW\\vendor\\laravel\\framework\\src\\Illuminate\\Routing\\Middleware\\SubstituteBindings.php(50): Illuminate\\Pipeline\\Pipeline->Illuminate\\Pipeline\\{closure}(Object(Illuminate\\Http\\Request))
#10 C:\\Users\\luism\\OneDrive\\Documents\\Proyectos\\WMS-ARCOSA-NEW\\vendor\\laravel\\framework\\src\\Illuminate\\Pipeline\\Pipeline.php(183): Illuminate\\Routing\\Middleware\\SubstituteBindings->handle(Object(Illuminate\\Http\\Request), Object(Closure))
#11 C:\\Users\\luism\\OneDrive\\Documents\\Proyectos\\WMS-ARCOSA-NEW\\vendor\\laravel\\framework\\src\\Illuminate\\Pipeline\\Pipeline.php(119): Illuminate\\Pipeline\\Pipeline->Illuminate\\Pipeline\\{closure}(Object(Illuminate\\Http\\Request))
#12 C:\\Users\\luism\\OneDrive\\Documents\\Proyectos\\WMS-ARCOSA-NEW\\vendor\\laravel\\framework\\src\\Illuminate\\Routing\\Router.php(805): Illuminate\\Pipeline\\Pipeline->then(Object(Closure))
#13 C:\\Users\\luism\\OneDrive\\Documents\\Proyectos\\WMS-ARCOSA-NEW\\vendor\\laravel\\framework\\src\\Illuminate\\Routing\\Router.php(784): Illuminate\\Routing\\Router->runRouteWithinStack(Object(Illuminate\\Routing\\Route), Object(Illuminate\\Http\\Request))
#14 C:\\Users\\luism\\OneDrive\\Documents\\Proyectos\\WMS-ARCOSA-NEW\\vendor\\laravel\\framework\\src\\Illuminate\\Routing\\Router.php(748): Illuminate\\Routing\\Router->runRoute(Object(Illuminate\\Http\\Request), Object(Illuminate\\Routing\\Route))
#15 C:\\Users\\luism\\OneDrive\\Documents\\Proyectos\\WMS-ARCOSA-NEW\\vendor\\laravel\\framework\\src\\Illuminate\\Routing\\Router.php(737): Illuminate\\Routing\\Router->dispatchToRoute(Object(Illuminate\\Http\\Request))
#16 C:\\Users\\luism\\OneDrive\\Documents\\Proyectos\\WMS-ARCOSA-NEW\\vendor\\laravel\\framework\\src\\Illuminate\\Foundation\\Http\\Kernel.php(200): Illuminate\\Routing\\Router->dispatch(Object(Illuminate\\Http\\Request))
#17 C:\\Users\\luism\\OneDrive\\Documents\\Proyectos\\WMS-ARCOSA-NEW\\vendor\\laravel\\framework\\src\\Illuminate\\Pipeline\\Pipeline.php(144): Illuminate\\Foundation\\Http\\Kernel->Illuminate\\Foundation\\Http\\{closure}(Object(Illuminate\\Http\\Request))
#18 C:\\Users\\luism\\OneDrive\\Documents\\Proyectos\\WMS-ARCOSA-NEW\\vendor\\laravel\\framework\\src\\Illuminate\\Foundation\\Http\\Middleware\\TransformsRequest.php(21): Illuminate\\Pipeline\\Pipeline->Illuminate\\Pipeline\\{closure}(Object(Illuminate\\Http\\Request))
#19 C:\\Users\\luism\\OneDrive\\Documents\\Proyectos\\WMS-ARCOSA-NEW\\vendor\\laravel\\framework\\src\\Illuminate\\Foundation\\Http\\Middleware\\ConvertEmptyStringsToNull.php(31): Illuminate\\Foundation\\Http\\Middleware\\TransformsRequest->handle(Object(Illuminate\\Http\\Request), Object(Closure))
#20 C:\\Users\\luism\\OneDrive\\Documents\\Proyectos\\WMS-ARCOSA-NEW\\vendor\\laravel\\framework\\src\\Illuminate\\Pipeline\\Pipeline.php(183): Illuminate\\Foundation\\Http\\Middleware\\ConvertEmptyStringsToNull->handle(Object(Illuminate\\Http\\Request), Object(Closure))
#21 C:\\Users\\luism\\OneDrive\\Documents\\Proyectos\\WMS-ARCOSA-NEW\\vendor\\laravel\\framework\\src\\Illuminate\\Foundation\\Http\\Middleware\\TransformsRequest.php(21): Illuminate\\Pipeline\\Pipeline->Illuminate\\Pipeline\\{closure}(Object(Illuminate\\Http\\Request))
#22 C:\\Users\\luism\\OneDrive\\Documents\\Proyectos\\WMS-ARCOSA-NEW\\vendor\\laravel\\framework\\src\\Illuminate\\Foundation\\Http\\Middleware\\TrimStrings.php(51): Illuminate\\Foundation\\Http\\Middleware\\TransformsRequest->handle(Object(Illuminate\\Http\\Request), Object(Closure))
#23 C:\\Users\\luism\\OneDrive\\Documents\\Proyectos\\WMS-ARCOSA-NEW\\vendor\\laravel\\framework\\src\\Illuminate\\Pipeline\\Pipeline.php(183): Illuminate\\Foundation\\Http\\Middleware\\TrimStrings->handle(Object(Illuminate\\Http\\Request), Object(Closure))
#24 C:\\Users\\luism\\OneDrive\\Documents\\Proyectos\\WMS-ARCOSA-NEW\\vendor\\laravel\\framework\\src\\Illuminate\\Http\\Middleware\\ValidatePostSize.php(27): Illuminate\\Pipeline\\Pipeline->Illuminate\\Pipeline\\{closure}(Object(Illuminate\\Http\\Request))
#25 C:\\Users\\luism\\OneDrive\\Documents\\Proyectos\\WMS-ARCOSA-NEW\\vendor\\laravel\\framework\\src\\Illuminate\\Pipeline\\Pipeline.php(183): Illuminate\\Http\\Middleware\\ValidatePostSize->handle(Object(Illuminate\\Http\\Request), Object(Closure))
#26 C:\\Users\\luism\\OneDrive\\Documents\\Proyectos\\WMS-ARCOSA-NEW\\vendor\\laravel\\framework\\src\\Illuminate\\Foundation\\Http\\Middleware\\PreventRequestsDuringMaintenance.php(110): Illuminate\\Pipeline\\Pipeline->Illuminate\\Pipeline\\{closure}(Object(Illuminate\\Http\\Request))
#27 C:\\Users\\luism\\OneDrive\\Documents\\Proyectos\\WMS-ARCOSA-NEW\\vendor\\laravel\\framework\\src\\Illuminate\\Pipeline\\Pipeline.php(183): Illuminate\\Foundation\\Http\\Middleware\\PreventRequestsDuringMaintenance->handle(Object(Illuminate\\Http\\Request), Object(Closure))
#28 C:\\Users\\luism\\OneDrive\\Documents\\Proyectos\\WMS-ARCOSA-NEW\\vendor\\laravel\\framework\\src\\Illuminate\\Http\\Middleware\\HandleCors.php(62): Illuminate\\Pipeline\\Pipeline->Illuminate\\Pipeline\\{closure}(Object(Illuminate\\Http\\Request))
#29 C:\\Users\\luism\\OneDrive\\Documents\\Proyectos\\WMS-ARCOSA-NEW\\vendor\\laravel\\framework\\src\\Illuminate\\Pipeline\\Pipeline.php(183): Illuminate\\Http\\Middleware\\HandleCors->handle(Object(Illuminate\\Http\\Request), Object(Closure))
#30 C:\\Users\\luism\\OneDrive\\Documents\\Proyectos\\WMS-ARCOSA-NEW\\vendor\\laravel\\framework\\src\\Illuminate\\Http\\Middleware\\TrustProxies.php(57): Illuminate\\Pipeline\\Pipeline->Illuminate\\Pipeline\\{closure}(Object(Illuminate\\Http\\Request))
#31 C:\\Users\\luism\\OneDrive\\Documents\\Proyectos\\WMS-ARCOSA-NEW\\vendor\\laravel\\framework\\src\\Illuminate\\Pipeline\\Pipeline.php(183): Illuminate\\Http\\Middleware\\TrustProxies->handle(Object(Illuminate\\Http\\Request), Object(Closure))
#32 C:\\Users\\luism\\OneDrive\\Documents\\Proyectos\\WMS-ARCOSA-NEW\\vendor\\laravel\\framework\\src\\Illuminate\\Pipeline\\Pipeline.php(119): Illuminate\\Pipeline\\Pipeline->Illuminate\\Pipeline\\{closure}(Object(Illuminate\\Http\\Request))
#33 C:\\Users\\luism\\OneDrive\\Documents\\Proyectos\\WMS-ARCOSA-NEW\\vendor\\laravel\\framework\\src\\Illuminate\\Foundation\\Http\\Kernel.php(175): Illuminate\\Pipeline\\Pipeline->then(Object(Closure))
#34 C:\\Users\\luism\\OneDrive\\Documents\\Proyectos\\WMS-ARCOSA-NEW\\vendor\\laravel\\framework\\src\\Illuminate\\Foundation\\Http\\Kernel.php(144): Illuminate\\Foundation\\Http\\Kernel->sendRequestThroughRouter(Object(Illuminate\\Http\\Request))
#35 C:\\Users\\luism\\OneDrive\\Documents\\Proyectos\\WMS-ARCOSA-NEW\\vendor\\laravel\\framework\\src\\Illuminate\\Foundation\\Application.php(1183): Illuminate\\Foundation\\Http\\Kernel->handle(Object(Illuminate\\Http\\Request))
#36 C:\\Users\\luism\\OneDrive\\Documents\\Proyectos\\WMS-ARCOSA-NEW\\public\\index.php(17): Illuminate\\Foundation\\Application->handleRequest(Object(Illuminate\\Http\\Request))
#37 C:\\Users\\luism\\OneDrive\\Documents\\Proyectos\\WMS-ARCOSA-NEW\\vendor\\laravel\\framework\\src\\Illuminate\\Foundation\\resources\\server.php(16): require_once('C:\\\\Users\\\\luism\\\\...')
#38 {main}
"} 
[2024-07-25 23:03:17] local.ERROR: App\Models\User::plantas must return a relationship instance. {"userId":1,"exception":"[object] (LogicException(code: 0): App\\Models\\User::plantas must return a relationship instance. at C:\\Users\\luism\\OneDrive\\Documents\\Proyectos\\WMS-ARCOSA-NEW\\vendor\\laravel\\framework\\src\\Illuminate\\Database\\Eloquent\\Concerns\\HasAttributes.php:614)
[stacktrace]
#0 C:\\Users\\luism\\OneDrive\\Documents\\Proyectos\\WMS-ARCOSA-NEW\\vendor\\laravel\\framework\\src\\Illuminate\\Database\\Eloquent\\Concerns\\HasAttributes.php(557): Illuminate\\Database\\Eloquent\\Model->getRelationshipFromMethod('plantas')
#1 C:\\Users\\luism\\OneDrive\\Documents\\Proyectos\\WMS-ARCOSA-NEW\\vendor\\laravel\\framework\\src\\Illuminate\\Database\\Eloquent\\Concerns\\HasAttributes.php(482): Illuminate\\Database\\Eloquent\\Model->getRelationValue('plantas')
#2 C:\\Users\\luism\\OneDrive\\Documents\\Proyectos\\WMS-ARCOSA-NEW\\vendor\\laravel\\framework\\src\\Illuminate\\Database\\Eloquent\\Model.php(2232): Illuminate\\Database\\Eloquent\\Model->getAttribute('plantas')
#3 C:\\Users\\luism\\OneDrive\\Documents\\Proyectos\\WMS-ARCOSA-NEW\\app\\Http\\Controllers\\AuthController.php(105): Illuminate\\Database\\Eloquent\\Model->__get('plantas')
#4 C:\\Users\\luism\\OneDrive\\Documents\\Proyectos\\WMS-ARCOSA-NEW\\vendor\\laravel\\framework\\src\\Illuminate\\Routing\\ControllerDispatcher.php(46): App\\Http\\Controllers\\AuthController->login(Object(Illuminate\\Http\\Request))
#5 C:\\Users\\luism\\OneDrive\\Documents\\Proyectos\\WMS-ARCOSA-NEW\\vendor\\laravel\\framework\\src\\Illuminate\\Routing\\Route.php(260): Illuminate\\Routing\\ControllerDispatcher->dispatch(Object(Illuminate\\Routing\\Route), Object(App\\Http\\Controllers\\AuthController), 'login')
#6 C:\\Users\\luism\\OneDrive\\Documents\\Proyectos\\WMS-ARCOSA-NEW\\vendor\\laravel\\framework\\src\\Illuminate\\Routing\\Route.php(206): Illuminate\\Routing\\Route->runController()
#7 C:\\Users\\luism\\OneDrive\\Documents\\Proyectos\\WMS-ARCOSA-NEW\\vendor\\laravel\\framework\\src\\Illuminate\\Routing\\Router.php(806): Illuminate\\Routing\\Route->run()
#8 C:\\Users\\luism\\OneDrive\\Documents\\Proyectos\\WMS-ARCOSA-NEW\\vendor\\laravel\\framework\\src\\Illuminate\\Pipeline\\Pipeline.php(144): Illuminate\\Routing\\Router->Illuminate\\Routing\\{closure}(Object(Illuminate\\Http\\Request))
#9 C:\\Users\\luism\\OneDrive\\Documents\\Proyectos\\WMS-ARCOSA-NEW\\vendor\\laravel\\framework\\src\\Illuminate\\Routing\\Middleware\\SubstituteBindings.php(50): Illuminate\\Pipeline\\Pipeline->Illuminate\\Pipeline\\{closure}(Object(Illuminate\\Http\\Request))
#10 C:\\Users\\luism\\OneDrive\\Documents\\Proyectos\\WMS-ARCOSA-NEW\\vendor\\laravel\\framework\\src\\Illuminate\\Pipeline\\Pipeline.php(183): Illuminate\\Routing\\Middleware\\SubstituteBindings->handle(Object(Illuminate\\Http\\Request), Object(Closure))
#11 C:\\Users\\luism\\OneDrive\\Documents\\Proyectos\\WMS-ARCOSA-NEW\\vendor\\laravel\\framework\\src\\Illuminate\\Pipeline\\Pipeline.php(119): Illuminate\\Pipeline\\Pipeline->Illuminate\\Pipeline\\{closure}(Object(Illuminate\\Http\\Request))
#12 C:\\Users\\luism\\OneDrive\\Documents\\Proyectos\\WMS-ARCOSA-NEW\\vendor\\laravel\\framework\\src\\Illuminate\\Routing\\Router.php(805): Illuminate\\Pipeline\\Pipeline->then(Object(Closure))
#13 C:\\Users\\luism\\OneDrive\\Documents\\Proyectos\\WMS-ARCOSA-NEW\\vendor\\laravel\\framework\\src\\Illuminate\\Routing\\Router.php(784): Illuminate\\Routing\\Router->runRouteWithinStack(Object(Illuminate\\Routing\\Route), Object(Illuminate\\Http\\Request))
#14 C:\\Users\\luism\\OneDrive\\Documents\\Proyectos\\WMS-ARCOSA-NEW\\vendor\\laravel\\framework\\src\\Illuminate\\Routing\\Router.php(748): Illuminate\\Routing\\Router->runRoute(Object(Illuminate\\Http\\Request), Object(Illuminate\\Routing\\Route))
#15 C:\\Users\\luism\\OneDrive\\Documents\\Proyectos\\WMS-ARCOSA-NEW\\vendor\\laravel\\framework\\src\\Illuminate\\Routing\\Router.php(737): Illuminate\\Routing\\Router->dispatchToRoute(Object(Illuminate\\Http\\Request))
#16 C:\\Users\\luism\\OneDrive\\Documents\\Proyectos\\WMS-ARCOSA-NEW\\vendor\\laravel\\framework\\src\\Illuminate\\Foundation\\Http\\Kernel.php(200): Illuminate\\Routing\\Router->dispatch(Object(Illuminate\\Http\\Request))
#17 C:\\Users\\luism\\OneDrive\\Documents\\Proyectos\\WMS-ARCOSA-NEW\\vendor\\laravel\\framework\\src\\Illuminate\\Pipeline\\Pipeline.php(144): Illuminate\\Foundation\\Http\\Kernel->Illuminate\\Foundation\\Http\\{closure}(Object(Illuminate\\Http\\Request))
#18 C:\\Users\\luism\\OneDrive\\Documents\\Proyectos\\WMS-ARCOSA-NEW\\vendor\\laravel\\framework\\src\\Illuminate\\Foundation\\Http\\Middleware\\TransformsRequest.php(21): Illuminate\\Pipeline\\Pipeline->Illuminate\\Pipeline\\{closure}(Object(Illuminate\\Http\\Request))
#19 C:\\Users\\luism\\OneDrive\\Documents\\Proyectos\\WMS-ARCOSA-NEW\\vendor\\laravel\\framework\\src\\Illuminate\\Foundation\\Http\\Middleware\\ConvertEmptyStringsToNull.php(31): Illuminate\\Foundation\\Http\\Middleware\\TransformsRequest->handle(Object(Illuminate\\Http\\Request), Object(Closure))
#20 C:\\Users\\luism\\OneDrive\\Documents\\Proyectos\\WMS-ARCOSA-NEW\\vendor\\laravel\\framework\\src\\Illuminate\\Pipeline\\Pipeline.php(183): Illuminate\\Foundation\\Http\\Middleware\\ConvertEmptyStringsToNull->handle(Object(Illuminate\\Http\\Request), Object(Closure))
#21 C:\\Users\\luism\\OneDrive\\Documents\\Proyectos\\WMS-ARCOSA-NEW\\vendor\\laravel\\framework\\src\\Illuminate\\Foundation\\Http\\Middleware\\TransformsRequest.php(21): Illuminate\\Pipeline\\Pipeline->Illuminate\\Pipeline\\{closure}(Object(Illuminate\\Http\\Request))
#22 C:\\Users\\luism\\OneDrive\\Documents\\Proyectos\\WMS-ARCOSA-NEW\\vendor\\laravel\\framework\\src\\Illuminate\\Foundation\\Http\\Middleware\\TrimStrings.php(51): Illuminate\\Foundation\\Http\\Middleware\\TransformsRequest->handle(Object(Illuminate\\Http\\Request), Object(Closure))
#23 C:\\Users\\luism\\OneDrive\\Documents\\Proyectos\\WMS-ARCOSA-NEW\\vendor\\laravel\\framework\\src\\Illuminate\\Pipeline\\Pipeline.php(183): Illuminate\\Foundation\\Http\\Middleware\\TrimStrings->handle(Object(Illuminate\\Http\\Request), Object(Closure))
#24 C:\\Users\\luism\\OneDrive\\Documents\\Proyectos\\WMS-ARCOSA-NEW\\vendor\\laravel\\framework\\src\\Illuminate\\Http\\Middleware\\ValidatePostSize.php(27): Illuminate\\Pipeline\\Pipeline->Illuminate\\Pipeline\\{closure}(Object(Illuminate\\Http\\Request))
#25 C:\\Users\\luism\\OneDrive\\Documents\\Proyectos\\WMS-ARCOSA-NEW\\vendor\\laravel\\framework\\src\\Illuminate\\Pipeline\\Pipeline.php(183): Illuminate\\Http\\Middleware\\ValidatePostSize->handle(Object(Illuminate\\Http\\Request), Object(Closure))
#26 C:\\Users\\luism\\OneDrive\\Documents\\Proyectos\\WMS-ARCOSA-NEW\\vendor\\laravel\\framework\\src\\Illuminate\\Foundation\\Http\\Middleware\\PreventRequestsDuringMaintenance.php(110): Illuminate\\Pipeline\\Pipeline->Illuminate\\Pipeline\\{closure}(Object(Illuminate\\Http\\Request))
#27 C:\\Users\\luism\\OneDrive\\Documents\\Proyectos\\WMS-ARCOSA-NEW\\vendor\\laravel\\framework\\src\\Illuminate\\Pipeline\\Pipeline.php(183): Illuminate\\Foundation\\Http\\Middleware\\PreventRequestsDuringMaintenance->handle(Object(Illuminate\\Http\\Request), Object(Closure))
#28 C:\\Users\\luism\\OneDrive\\Documents\\Proyectos\\WMS-ARCOSA-NEW\\vendor\\laravel\\framework\\src\\Illuminate\\Http\\Middleware\\HandleCors.php(62): Illuminate\\Pipeline\\Pipeline->Illuminate\\Pipeline\\{closure}(Object(Illuminate\\Http\\Request))
#29 C:\\Users\\luism\\OneDrive\\Documents\\Proyectos\\WMS-ARCOSA-NEW\\vendor\\laravel\\framework\\src\\Illuminate\\Pipeline\\Pipeline.php(183): Illuminate\\Http\\Middleware\\HandleCors->handle(Object(Illuminate\\Http\\Request), Object(Closure))
#30 C:\\Users\\luism\\OneDrive\\Documents\\Proyectos\\WMS-ARCOSA-NEW\\vendor\\laravel\\framework\\src\\Illuminate\\Http\\Middleware\\TrustProxies.php(57): Illuminate\\Pipeline\\Pipeline->Illuminate\\Pipeline\\{closure}(Object(Illuminate\\Http\\Request))
#31 C:\\Users\\luism\\OneDrive\\Documents\\Proyectos\\WMS-ARCOSA-NEW\\vendor\\laravel\\framework\\src\\Illuminate\\Pipeline\\Pipeline.php(183): Illuminate\\Http\\Middleware\\TrustProxies->handle(Object(Illuminate\\Http\\Request), Object(Closure))
#32 C:\\Users\\luism\\OneDrive\\Documents\\Proyectos\\WMS-ARCOSA-NEW\\vendor\\laravel\\framework\\src\\Illuminate\\Pipeline\\Pipeline.php(119): Illuminate\\Pipeline\\Pipeline->Illuminate\\Pipeline\\{closure}(Object(Illuminate\\Http\\Request))
#33 C:\\Users\\luism\\OneDrive\\Documents\\Proyectos\\WMS-ARCOSA-NEW\\vendor\\laravel\\framework\\src\\Illuminate\\Foundation\\Http\\Kernel.php(175): Illuminate\\Pipeline\\Pipeline->then(Object(Closure))
#34 C:\\Users\\luism\\OneDrive\\Documents\\Proyectos\\WMS-ARCOSA-NEW\\vendor\\laravel\\framework\\src\\Illuminate\\Foundation\\Http\\Kernel.php(144): Illuminate\\Foundation\\Http\\Kernel->sendRequestThroughRouter(Object(Illuminate\\Http\\Request))
#35 C:\\Users\\luism\\OneDrive\\Documents\\Proyectos\\WMS-ARCOSA-NEW\\vendor\\laravel\\framework\\src\\Illuminate\\Foundation\\Application.php(1183): Illuminate\\Foundation\\Http\\Kernel->handle(Object(Illuminate\\Http\\Request))
#36 C:\\Users\\luism\\OneDrive\\Documents\\Proyectos\\WMS-ARCOSA-NEW\\public\\index.php(17): Illuminate\\Foundation\\Application->handleRequest(Object(Illuminate\\Http\\Request))
#37 C:\\Users\\luism\\OneDrive\\Documents\\Proyectos\\WMS-ARCOSA-NEW\\vendor\\laravel\\framework\\src\\Illuminate\\Foundation\\resources\\server.php(16): require_once('C:\\\\Users\\\\luism\\\\...')
#38 {main}
"} 
[2024-07-25 23:04:46] local.ERROR: App\Models\User::ids_plantas must return a relationship instance. {"userId":1,"exception":"[object] (LogicException(code: 0): App\\Models\\User::ids_plantas must return a relationship instance. at C:\\Users\\luism\\OneDrive\\Documents\\Proyectos\\WMS-ARCOSA-NEW\\vendor\\laravel\\framework\\src\\Illuminate\\Database\\Eloquent\\Concerns\\HasAttributes.php:614)
[stacktrace]
#0 C:\\Users\\luism\\OneDrive\\Documents\\Proyectos\\WMS-ARCOSA-NEW\\vendor\\laravel\\framework\\src\\Illuminate\\Database\\Eloquent\\Concerns\\HasAttributes.php(557): Illuminate\\Database\\Eloquent\\Model->getRelationshipFromMethod('ids_plantas')
#1 C:\\Users\\luism\\OneDrive\\Documents\\Proyectos\\WMS-ARCOSA-NEW\\vendor\\laravel\\framework\\src\\Illuminate\\Database\\Eloquent\\Concerns\\HasAttributes.php(482): Illuminate\\Database\\Eloquent\\Model->getRelationValue('ids_plantas')
#2 C:\\Users\\luism\\OneDrive\\Documents\\Proyectos\\WMS-ARCOSA-NEW\\vendor\\laravel\\framework\\src\\Illuminate\\Database\\Eloquent\\Model.php(2232): Illuminate\\Database\\Eloquent\\Model->getAttribute('ids_plantas')
#3 C:\\Users\\luism\\OneDrive\\Documents\\Proyectos\\WMS-ARCOSA-NEW\\app\\Http\\Controllers\\AuthController.php(106): Illuminate\\Database\\Eloquent\\Model->__get('ids_plantas')
#4 C:\\Users\\luism\\OneDrive\\Documents\\Proyectos\\WMS-ARCOSA-NEW\\vendor\\laravel\\framework\\src\\Illuminate\\Routing\\ControllerDispatcher.php(46): App\\Http\\Controllers\\AuthController->login(Object(Illuminate\\Http\\Request))
#5 C:\\Users\\luism\\OneDrive\\Documents\\Proyectos\\WMS-ARCOSA-NEW\\vendor\\laravel\\framework\\src\\Illuminate\\Routing\\Route.php(260): Illuminate\\Routing\\ControllerDispatcher->dispatch(Object(Illuminate\\Routing\\Route), Object(App\\Http\\Controllers\\AuthController), 'login')
#6 C:\\Users\\luism\\OneDrive\\Documents\\Proyectos\\WMS-ARCOSA-NEW\\vendor\\laravel\\framework\\src\\Illuminate\\Routing\\Route.php(206): Illuminate\\Routing\\Route->runController()
#7 C:\\Users\\luism\\OneDrive\\Documents\\Proyectos\\WMS-ARCOSA-NEW\\vendor\\laravel\\framework\\src\\Illuminate\\Routing\\Router.php(806): Illuminate\\Routing\\Route->run()
#8 C:\\Users\\luism\\OneDrive\\Documents\\Proyectos\\WMS-ARCOSA-NEW\\vendor\\laravel\\framework\\src\\Illuminate\\Pipeline\\Pipeline.php(144): Illuminate\\Routing\\Router->Illuminate\\Routing\\{closure}(Object(Illuminate\\Http\\Request))
#9 C:\\Users\\luism\\OneDrive\\Documents\\Proyectos\\WMS-ARCOSA-NEW\\vendor\\laravel\\framework\\src\\Illuminate\\Routing\\Middleware\\SubstituteBindings.php(50): Illuminate\\Pipeline\\Pipeline->Illuminate\\Pipeline\\{closure}(Object(Illuminate\\Http\\Request))
#10 C:\\Users\\luism\\OneDrive\\Documents\\Proyectos\\WMS-ARCOSA-NEW\\vendor\\laravel\\framework\\src\\Illuminate\\Pipeline\\Pipeline.php(183): Illuminate\\Routing\\Middleware\\SubstituteBindings->handle(Object(Illuminate\\Http\\Request), Object(Closure))
#11 C:\\Users\\luism\\OneDrive\\Documents\\Proyectos\\WMS-ARCOSA-NEW\\vendor\\laravel\\framework\\src\\Illuminate\\Pipeline\\Pipeline.php(119): Illuminate\\Pipeline\\Pipeline->Illuminate\\Pipeline\\{closure}(Object(Illuminate\\Http\\Request))
#12 C:\\Users\\luism\\OneDrive\\Documents\\Proyectos\\WMS-ARCOSA-NEW\\vendor\\laravel\\framework\\src\\Illuminate\\Routing\\Router.php(805): Illuminate\\Pipeline\\Pipeline->then(Object(Closure))
#13 C:\\Users\\luism\\OneDrive\\Documents\\Proyectos\\WMS-ARCOSA-NEW\\vendor\\laravel\\framework\\src\\Illuminate\\Routing\\Router.php(784): Illuminate\\Routing\\Router->runRouteWithinStack(Object(Illuminate\\Routing\\Route), Object(Illuminate\\Http\\Request))
#14 C:\\Users\\luism\\OneDrive\\Documents\\Proyectos\\WMS-ARCOSA-NEW\\vendor\\laravel\\framework\\src\\Illuminate\\Routing\\Router.php(748): Illuminate\\Routing\\Router->runRoute(Object(Illuminate\\Http\\Request), Object(Illuminate\\Routing\\Route))
#15 C:\\Users\\luism\\OneDrive\\Documents\\Proyectos\\WMS-ARCOSA-NEW\\vendor\\laravel\\framework\\src\\Illuminate\\Routing\\Router.php(737): Illuminate\\Routing\\Router->dispatchToRoute(Object(Illuminate\\Http\\Request))
#16 C:\\Users\\luism\\OneDrive\\Documents\\Proyectos\\WMS-ARCOSA-NEW\\vendor\\laravel\\framework\\src\\Illuminate\\Foundation\\Http\\Kernel.php(200): Illuminate\\Routing\\Router->dispatch(Object(Illuminate\\Http\\Request))
#17 C:\\Users\\luism\\OneDrive\\Documents\\Proyectos\\WMS-ARCOSA-NEW\\vendor\\laravel\\framework\\src\\Illuminate\\Pipeline\\Pipeline.php(144): Illuminate\\Foundation\\Http\\Kernel->Illuminate\\Foundation\\Http\\{closure}(Object(Illuminate\\Http\\Request))
#18 C:\\Users\\luism\\OneDrive\\Documents\\Proyectos\\WMS-ARCOSA-NEW\\vendor\\laravel\\framework\\src\\Illuminate\\Foundation\\Http\\Middleware\\TransformsRequest.php(21): Illuminate\\Pipeline\\Pipeline->Illuminate\\Pipeline\\{closure}(Object(Illuminate\\Http\\Request))
#19 C:\\Users\\luism\\OneDrive\\Documents\\Proyectos\\WMS-ARCOSA-NEW\\vendor\\laravel\\framework\\src\\Illuminate\\Foundation\\Http\\Middleware\\ConvertEmptyStringsToNull.php(31): Illuminate\\Foundation\\Http\\Middleware\\TransformsRequest->handle(Object(Illuminate\\Http\\Request), Object(Closure))
#20 C:\\Users\\luism\\OneDrive\\Documents\\Proyectos\\WMS-ARCOSA-NEW\\vendor\\laravel\\framework\\src\\Illuminate\\Pipeline\\Pipeline.php(183): Illuminate\\Foundation\\Http\\Middleware\\ConvertEmptyStringsToNull->handle(Object(Illuminate\\Http\\Request), Object(Closure))
#21 C:\\Users\\luism\\OneDrive\\Documents\\Proyectos\\WMS-ARCOSA-NEW\\vendor\\laravel\\framework\\src\\Illuminate\\Foundation\\Http\\Middleware\\TransformsRequest.php(21): Illuminate\\Pipeline\\Pipeline->Illuminate\\Pipeline\\{closure}(Object(Illuminate\\Http\\Request))
#22 C:\\Users\\luism\\OneDrive\\Documents\\Proyectos\\WMS-ARCOSA-NEW\\vendor\\laravel\\framework\\src\\Illuminate\\Foundation\\Http\\Middleware\\TrimStrings.php(51): Illuminate\\Foundation\\Http\\Middleware\\TransformsRequest->handle(Object(Illuminate\\Http\\Request), Object(Closure))
#23 C:\\Users\\luism\\OneDrive\\Documents\\Proyectos\\WMS-ARCOSA-NEW\\vendor\\laravel\\framework\\src\\Illuminate\\Pipeline\\Pipeline.php(183): Illuminate\\Foundation\\Http\\Middleware\\TrimStrings->handle(Object(Illuminate\\Http\\Request), Object(Closure))
#24 C:\\Users\\luism\\OneDrive\\Documents\\Proyectos\\WMS-ARCOSA-NEW\\vendor\\laravel\\framework\\src\\Illuminate\\Http\\Middleware\\ValidatePostSize.php(27): Illuminate\\Pipeline\\Pipeline->Illuminate\\Pipeline\\{closure}(Object(Illuminate\\Http\\Request))
#25 C:\\Users\\luism\\OneDrive\\Documents\\Proyectos\\WMS-ARCOSA-NEW\\vendor\\laravel\\framework\\src\\Illuminate\\Pipeline\\Pipeline.php(183): Illuminate\\Http\\Middleware\\ValidatePostSize->handle(Object(Illuminate\\Http\\Request), Object(Closure))
#26 C:\\Users\\luism\\OneDrive\\Documents\\Proyectos\\WMS-ARCOSA-NEW\\vendor\\laravel\\framework\\src\\Illuminate\\Foundation\\Http\\Middleware\\PreventRequestsDuringMaintenance.php(110): Illuminate\\Pipeline\\Pipeline->Illuminate\\Pipeline\\{closure}(Object(Illuminate\\Http\\Request))
#27 C:\\Users\\luism\\OneDrive\\Documents\\Proyectos\\WMS-ARCOSA-NEW\\vendor\\laravel\\framework\\src\\Illuminate\\Pipeline\\Pipeline.php(183): Illuminate\\Foundation\\Http\\Middleware\\PreventRequestsDuringMaintenance->handle(Object(Illuminate\\Http\\Request), Object(Closure))
#28 C:\\Users\\luism\\OneDrive\\Documents\\Proyectos\\WMS-ARCOSA-NEW\\vendor\\laravel\\framework\\src\\Illuminate\\Http\\Middleware\\HandleCors.php(62): Illuminate\\Pipeline\\Pipeline->Illuminate\\Pipeline\\{closure}(Object(Illuminate\\Http\\Request))
#29 C:\\Users\\luism\\OneDrive\\Documents\\Proyectos\\WMS-ARCOSA-NEW\\vendor\\laravel\\framework\\src\\Illuminate\\Pipeline\\Pipeline.php(183): Illuminate\\Http\\Middleware\\HandleCors->handle(Object(Illuminate\\Http\\Request), Object(Closure))
#30 C:\\Users\\luism\\OneDrive\\Documents\\Proyectos\\WMS-ARCOSA-NEW\\vendor\\laravel\\framework\\src\\Illuminate\\Http\\Middleware\\TrustProxies.php(57): Illuminate\\Pipeline\\Pipeline->Illuminate\\Pipeline\\{closure}(Object(Illuminate\\Http\\Request))
#31 C:\\Users\\luism\\OneDrive\\Documents\\Proyectos\\WMS-ARCOSA-NEW\\vendor\\laravel\\framework\\src\\Illuminate\\Pipeline\\Pipeline.php(183): Illuminate\\Http\\Middleware\\TrustProxies->handle(Object(Illuminate\\Http\\Request), Object(Closure))
#32 C:\\Users\\luism\\OneDrive\\Documents\\Proyectos\\WMS-ARCOSA-NEW\\vendor\\laravel\\framework\\src\\Illuminate\\Pipeline\\Pipeline.php(119): Illuminate\\Pipeline\\Pipeline->Illuminate\\Pipeline\\{closure}(Object(Illuminate\\Http\\Request))
#33 C:\\Users\\luism\\OneDrive\\Documents\\Proyectos\\WMS-ARCOSA-NEW\\vendor\\laravel\\framework\\src\\Illuminate\\Foundation\\Http\\Kernel.php(175): Illuminate\\Pipeline\\Pipeline->then(Object(Closure))
#34 C:\\Users\\luism\\OneDrive\\Documents\\Proyectos\\WMS-ARCOSA-NEW\\vendor\\laravel\\framework\\src\\Illuminate\\Foundation\\Http\\Kernel.php(144): Illuminate\\Foundation\\Http\\Kernel->sendRequestThroughRouter(Object(Illuminate\\Http\\Request))
#35 C:\\Users\\luism\\OneDrive\\Documents\\Proyectos\\WMS-ARCOSA-NEW\\vendor\\laravel\\framework\\src\\Illuminate\\Foundation\\Application.php(1183): Illuminate\\Foundation\\Http\\Kernel->handle(Object(Illuminate\\Http\\Request))
#36 C:\\Users\\luism\\OneDrive\\Documents\\Proyectos\\WMS-ARCOSA-NEW\\public\\index.php(17): Illuminate\\Foundation\\Application->handleRequest(Object(Illuminate\\Http\\Request))
#37 C:\\Users\\luism\\OneDrive\\Documents\\Proyectos\\WMS-ARCOSA-NEW\\vendor\\laravel\\framework\\src\\Illuminate\\Foundation\\resources\\server.php(16): require_once('C:\\\\Users\\\\luism\\\\...')
#38 {main}
"} 
[2024-07-25 23:05:07] local.ERROR: App\Models\User::ids_plantas must return a relationship instance. {"userId":1,"exception":"[object] (LogicException(code: 0): App\\Models\\User::ids_plantas must return a relationship instance. at C:\\Users\\luism\\OneDrive\\Documents\\Proyectos\\WMS-ARCOSA-NEW\\vendor\\laravel\\framework\\src\\Illuminate\\Database\\Eloquent\\Concerns\\HasAttributes.php:614)
[stacktrace]
#0 C:\\Users\\luism\\OneDrive\\Documents\\Proyectos\\WMS-ARCOSA-NEW\\vendor\\laravel\\framework\\src\\Illuminate\\Database\\Eloquent\\Concerns\\HasAttributes.php(557): Illuminate\\Database\\Eloquent\\Model->getRelationshipFromMethod('ids_plantas')
#1 C:\\Users\\luism\\OneDrive\\Documents\\Proyectos\\WMS-ARCOSA-NEW\\vendor\\laravel\\framework\\src\\Illuminate\\Database\\Eloquent\\Concerns\\HasAttributes.php(482): Illuminate\\Database\\Eloquent\\Model->getRelationValue('ids_plantas')
#2 C:\\Users\\luism\\OneDrive\\Documents\\Proyectos\\WMS-ARCOSA-NEW\\vendor\\laravel\\framework\\src\\Illuminate\\Database\\Eloquent\\Model.php(2232): Illuminate\\Database\\Eloquent\\Model->getAttribute('ids_plantas')
#3 C:\\Users\\luism\\OneDrive\\Documents\\Proyectos\\WMS-ARCOSA-NEW\\app\\Http\\Controllers\\AuthController.php(101): Illuminate\\Database\\Eloquent\\Model->__get('ids_plantas')
#4 C:\\Users\\luism\\OneDrive\\Documents\\Proyectos\\WMS-ARCOSA-NEW\\vendor\\laravel\\framework\\src\\Illuminate\\Routing\\ControllerDispatcher.php(46): App\\Http\\Controllers\\AuthController->login(Object(Illuminate\\Http\\Request))
#5 C:\\Users\\luism\\OneDrive\\Documents\\Proyectos\\WMS-ARCOSA-NEW\\vendor\\laravel\\framework\\src\\Illuminate\\Routing\\Route.php(260): Illuminate\\Routing\\ControllerDispatcher->dispatch(Object(Illuminate\\Routing\\Route), Object(App\\Http\\Controllers\\AuthController), 'login')
#6 C:\\Users\\luism\\OneDrive\\Documents\\Proyectos\\WMS-ARCOSA-NEW\\vendor\\laravel\\framework\\src\\Illuminate\\Routing\\Route.php(206): Illuminate\\Routing\\Route->runController()
#7 C:\\Users\\luism\\OneDrive\\Documents\\Proyectos\\WMS-ARCOSA-NEW\\vendor\\laravel\\framework\\src\\Illuminate\\Routing\\Router.php(806): Illuminate\\Routing\\Route->run()
#8 C:\\Users\\luism\\OneDrive\\Documents\\Proyectos\\WMS-ARCOSA-NEW\\vendor\\laravel\\framework\\src\\Illuminate\\Pipeline\\Pipeline.php(144): Illuminate\\Routing\\Router->Illuminate\\Routing\\{closure}(Object(Illuminate\\Http\\Request))
#9 C:\\Users\\luism\\OneDrive\\Documents\\Proyectos\\WMS-ARCOSA-NEW\\vendor\\laravel\\framework\\src\\Illuminate\\Routing\\Middleware\\SubstituteBindings.php(50): Illuminate\\Pipeline\\Pipeline->Illuminate\\Pipeline\\{closure}(Object(Illuminate\\Http\\Request))
#10 C:\\Users\\luism\\OneDrive\\Documents\\Proyectos\\WMS-ARCOSA-NEW\\vendor\\laravel\\framework\\src\\Illuminate\\Pipeline\\Pipeline.php(183): Illuminate\\Routing\\Middleware\\SubstituteBindings->handle(Object(Illuminate\\Http\\Request), Object(Closure))
#11 C:\\Users\\luism\\OneDrive\\Documents\\Proyectos\\WMS-ARCOSA-NEW\\vendor\\laravel\\framework\\src\\Illuminate\\Pipeline\\Pipeline.php(119): Illuminate\\Pipeline\\Pipeline->Illuminate\\Pipeline\\{closure}(Object(Illuminate\\Http\\Request))
#12 C:\\Users\\luism\\OneDrive\\Documents\\Proyectos\\WMS-ARCOSA-NEW\\vendor\\laravel\\framework\\src\\Illuminate\\Routing\\Router.php(805): Illuminate\\Pipeline\\Pipeline->then(Object(Closure))
#13 C:\\Users\\luism\\OneDrive\\Documents\\Proyectos\\WMS-ARCOSA-NEW\\vendor\\laravel\\framework\\src\\Illuminate\\Routing\\Router.php(784): Illuminate\\Routing\\Router->runRouteWithinStack(Object(Illuminate\\Routing\\Route), Object(Illuminate\\Http\\Request))
#14 C:\\Users\\luism\\OneDrive\\Documents\\Proyectos\\WMS-ARCOSA-NEW\\vendor\\laravel\\framework\\src\\Illuminate\\Routing\\Router.php(748): Illuminate\\Routing\\Router->runRoute(Object(Illuminate\\Http\\Request), Object(Illuminate\\Routing\\Route))
#15 C:\\Users\\luism\\OneDrive\\Documents\\Proyectos\\WMS-ARCOSA-NEW\\vendor\\laravel\\framework\\src\\Illuminate\\Routing\\Router.php(737): Illuminate\\Routing\\Router->dispatchToRoute(Object(Illuminate\\Http\\Request))
#16 C:\\Users\\luism\\OneDrive\\Documents\\Proyectos\\WMS-ARCOSA-NEW\\vendor\\laravel\\framework\\src\\Illuminate\\Foundation\\Http\\Kernel.php(200): Illuminate\\Routing\\Router->dispatch(Object(Illuminate\\Http\\Request))
#17 C:\\Users\\luism\\OneDrive\\Documents\\Proyectos\\WMS-ARCOSA-NEW\\vendor\\laravel\\framework\\src\\Illuminate\\Pipeline\\Pipeline.php(144): Illuminate\\Foundation\\Http\\Kernel->Illuminate\\Foundation\\Http\\{closure}(Object(Illuminate\\Http\\Request))
#18 C:\\Users\\luism\\OneDrive\\Documents\\Proyectos\\WMS-ARCOSA-NEW\\vendor\\laravel\\framework\\src\\Illuminate\\Foundation\\Http\\Middleware\\TransformsRequest.php(21): Illuminate\\Pipeline\\Pipeline->Illuminate\\Pipeline\\{closure}(Object(Illuminate\\Http\\Request))
#19 C:\\Users\\luism\\OneDrive\\Documents\\Proyectos\\WMS-ARCOSA-NEW\\vendor\\laravel\\framework\\src\\Illuminate\\Foundation\\Http\\Middleware\\ConvertEmptyStringsToNull.php(31): Illuminate\\Foundation\\Http\\Middleware\\TransformsRequest->handle(Object(Illuminate\\Http\\Request), Object(Closure))
#20 C:\\Users\\luism\\OneDrive\\Documents\\Proyectos\\WMS-ARCOSA-NEW\\vendor\\laravel\\framework\\src\\Illuminate\\Pipeline\\Pipeline.php(183): Illuminate\\Foundation\\Http\\Middleware\\ConvertEmptyStringsToNull->handle(Object(Illuminate\\Http\\Request), Object(Closure))
#21 C:\\Users\\luism\\OneDrive\\Documents\\Proyectos\\WMS-ARCOSA-NEW\\vendor\\laravel\\framework\\src\\Illuminate\\Foundation\\Http\\Middleware\\TransformsRequest.php(21): Illuminate\\Pipeline\\Pipeline->Illuminate\\Pipeline\\{closure}(Object(Illuminate\\Http\\Request))
#22 C:\\Users\\luism\\OneDrive\\Documents\\Proyectos\\WMS-ARCOSA-NEW\\vendor\\laravel\\framework\\src\\Illuminate\\Foundation\\Http\\Middleware\\TrimStrings.php(51): Illuminate\\Foundation\\Http\\Middleware\\TransformsRequest->handle(Object(Illuminate\\Http\\Request), Object(Closure))
#23 C:\\Users\\luism\\OneDrive\\Documents\\Proyectos\\WMS-ARCOSA-NEW\\vendor\\laravel\\framework\\src\\Illuminate\\Pipeline\\Pipeline.php(183): Illuminate\\Foundation\\Http\\Middleware\\TrimStrings->handle(Object(Illuminate\\Http\\Request), Object(Closure))
#24 C:\\Users\\luism\\OneDrive\\Documents\\Proyectos\\WMS-ARCOSA-NEW\\vendor\\laravel\\framework\\src\\Illuminate\\Http\\Middleware\\ValidatePostSize.php(27): Illuminate\\Pipeline\\Pipeline->Illuminate\\Pipeline\\{closure}(Object(Illuminate\\Http\\Request))
#25 C:\\Users\\luism\\OneDrive\\Documents\\Proyectos\\WMS-ARCOSA-NEW\\vendor\\laravel\\framework\\src\\Illuminate\\Pipeline\\Pipeline.php(183): Illuminate\\Http\\Middleware\\ValidatePostSize->handle(Object(Illuminate\\Http\\Request), Object(Closure))
#26 C:\\Users\\luism\\OneDrive\\Documents\\Proyectos\\WMS-ARCOSA-NEW\\vendor\\laravel\\framework\\src\\Illuminate\\Foundation\\Http\\Middleware\\PreventRequestsDuringMaintenance.php(110): Illuminate\\Pipeline\\Pipeline->Illuminate\\Pipeline\\{closure}(Object(Illuminate\\Http\\Request))
#27 C:\\Users\\luism\\OneDrive\\Documents\\Proyectos\\WMS-ARCOSA-NEW\\vendor\\laravel\\framework\\src\\Illuminate\\Pipeline\\Pipeline.php(183): Illuminate\\Foundation\\Http\\Middleware\\PreventRequestsDuringMaintenance->handle(Object(Illuminate\\Http\\Request), Object(Closure))
#28 C:\\Users\\luism\\OneDrive\\Documents\\Proyectos\\WMS-ARCOSA-NEW\\vendor\\laravel\\framework\\src\\Illuminate\\Http\\Middleware\\HandleCors.php(62): Illuminate\\Pipeline\\Pipeline->Illuminate\\Pipeline\\{closure}(Object(Illuminate\\Http\\Request))
#29 C:\\Users\\luism\\OneDrive\\Documents\\Proyectos\\WMS-ARCOSA-NEW\\vendor\\laravel\\framework\\src\\Illuminate\\Pipeline\\Pipeline.php(183): Illuminate\\Http\\Middleware\\HandleCors->handle(Object(Illuminate\\Http\\Request), Object(Closure))
#30 C:\\Users\\luism\\OneDrive\\Documents\\Proyectos\\WMS-ARCOSA-NEW\\vendor\\laravel\\framework\\src\\Illuminate\\Http\\Middleware\\TrustProxies.php(57): Illuminate\\Pipeline\\Pipeline->Illuminate\\Pipeline\\{closure}(Object(Illuminate\\Http\\Request))
#31 C:\\Users\\luism\\OneDrive\\Documents\\Proyectos\\WMS-ARCOSA-NEW\\vendor\\laravel\\framework\\src\\Illuminate\\Pipeline\\Pipeline.php(183): Illuminate\\Http\\Middleware\\TrustProxies->handle(Object(Illuminate\\Http\\Request), Object(Closure))
#32 C:\\Users\\luism\\OneDrive\\Documents\\Proyectos\\WMS-ARCOSA-NEW\\vendor\\laravel\\framework\\src\\Illuminate\\Pipeline\\Pipeline.php(119): Illuminate\\Pipeline\\Pipeline->Illuminate\\Pipeline\\{closure}(Object(Illuminate\\Http\\Request))
#33 C:\\Users\\luism\\OneDrive\\Documents\\Proyectos\\WMS-ARCOSA-NEW\\vendor\\laravel\\framework\\src\\Illuminate\\Foundation\\Http\\Kernel.php(175): Illuminate\\Pipeline\\Pipeline->then(Object(Closure))
#34 C:\\Users\\luism\\OneDrive\\Documents\\Proyectos\\WMS-ARCOSA-NEW\\vendor\\laravel\\framework\\src\\Illuminate\\Foundation\\Http\\Kernel.php(144): Illuminate\\Foundation\\Http\\Kernel->sendRequestThroughRouter(Object(Illuminate\\Http\\Request))
#35 C:\\Users\\luism\\OneDrive\\Documents\\Proyectos\\WMS-ARCOSA-NEW\\vendor\\laravel\\framework\\src\\Illuminate\\Foundation\\Application.php(1183): Illuminate\\Foundation\\Http\\Kernel->handle(Object(Illuminate\\Http\\Request))
#36 C:\\Users\\luism\\OneDrive\\Documents\\Proyectos\\WMS-ARCOSA-NEW\\public\\index.php(17): Illuminate\\Foundation\\Application->handleRequest(Object(Illuminate\\Http\\Request))
#37 C:\\Users\\luism\\OneDrive\\Documents\\Proyectos\\WMS-ARCOSA-NEW\\vendor\\laravel\\framework\\src\\Illuminate\\Foundation\\resources\\server.php(16): require_once('C:\\\\Users\\\\luism\\\\...')
#38 {main}
"} 
[2024-07-25 23:06:07] local.ERROR: App\Models\User::ids_plantas must return a relationship instance. {"userId":1,"exception":"[object] (LogicException(code: 0): App\\Models\\User::ids_plantas must return a relationship instance. at C:\\Users\\luism\\OneDrive\\Documents\\Proyectos\\WMS-ARCOSA-NEW\\vendor\\laravel\\framework\\src\\Illuminate\\Database\\Eloquent\\Concerns\\HasAttributes.php:614)
[stacktrace]
#0 C:\\Users\\luism\\OneDrive\\Documents\\Proyectos\\WMS-ARCOSA-NEW\\vendor\\laravel\\framework\\src\\Illuminate\\Database\\Eloquent\\Concerns\\HasAttributes.php(557): Illuminate\\Database\\Eloquent\\Model->getRelationshipFromMethod('ids_plantas')
#1 C:\\Users\\luism\\OneDrive\\Documents\\Proyectos\\WMS-ARCOSA-NEW\\vendor\\laravel\\framework\\src\\Illuminate\\Database\\Eloquent\\Concerns\\HasAttributes.php(482): Illuminate\\Database\\Eloquent\\Model->getRelationValue('ids_plantas')
#2 C:\\Users\\luism\\OneDrive\\Documents\\Proyectos\\WMS-ARCOSA-NEW\\vendor\\laravel\\framework\\src\\Illuminate\\Database\\Eloquent\\Model.php(2232): Illuminate\\Database\\Eloquent\\Model->getAttribute('ids_plantas')
#3 C:\\Users\\luism\\OneDrive\\Documents\\Proyectos\\WMS-ARCOSA-NEW\\app\\Http\\Controllers\\AuthController.php(101): Illuminate\\Database\\Eloquent\\Model->__get('ids_plantas')
#4 C:\\Users\\luism\\OneDrive\\Documents\\Proyectos\\WMS-ARCOSA-NEW\\vendor\\laravel\\framework\\src\\Illuminate\\Routing\\ControllerDispatcher.php(46): App\\Http\\Controllers\\AuthController->login(Object(Illuminate\\Http\\Request))
#5 C:\\Users\\luism\\OneDrive\\Documents\\Proyectos\\WMS-ARCOSA-NEW\\vendor\\laravel\\framework\\src\\Illuminate\\Routing\\Route.php(260): Illuminate\\Routing\\ControllerDispatcher->dispatch(Object(Illuminate\\Routing\\Route), Object(App\\Http\\Controllers\\AuthController), 'login')
#6 C:\\Users\\luism\\OneDrive\\Documents\\Proyectos\\WMS-ARCOSA-NEW\\vendor\\laravel\\framework\\src\\Illuminate\\Routing\\Route.php(206): Illuminate\\Routing\\Route->runController()
#7 C:\\Users\\luism\\OneDrive\\Documents\\Proyectos\\WMS-ARCOSA-NEW\\vendor\\laravel\\framework\\src\\Illuminate\\Routing\\Router.php(806): Illuminate\\Routing\\Route->run()
#8 C:\\Users\\luism\\OneDrive\\Documents\\Proyectos\\WMS-ARCOSA-NEW\\vendor\\laravel\\framework\\src\\Illuminate\\Pipeline\\Pipeline.php(144): Illuminate\\Routing\\Router->Illuminate\\Routing\\{closure}(Object(Illuminate\\Http\\Request))
#9 C:\\Users\\luism\\OneDrive\\Documents\\Proyectos\\WMS-ARCOSA-NEW\\vendor\\laravel\\framework\\src\\Illuminate\\Routing\\Middleware\\SubstituteBindings.php(50): Illuminate\\Pipeline\\Pipeline->Illuminate\\Pipeline\\{closure}(Object(Illuminate\\Http\\Request))
#10 C:\\Users\\luism\\OneDrive\\Documents\\Proyectos\\WMS-ARCOSA-NEW\\vendor\\laravel\\framework\\src\\Illuminate\\Pipeline\\Pipeline.php(183): Illuminate\\Routing\\Middleware\\SubstituteBindings->handle(Object(Illuminate\\Http\\Request), Object(Closure))
#11 C:\\Users\\luism\\OneDrive\\Documents\\Proyectos\\WMS-ARCOSA-NEW\\vendor\\laravel\\framework\\src\\Illuminate\\Pipeline\\Pipeline.php(119): Illuminate\\Pipeline\\Pipeline->Illuminate\\Pipeline\\{closure}(Object(Illuminate\\Http\\Request))
#12 C:\\Users\\luism\\OneDrive\\Documents\\Proyectos\\WMS-ARCOSA-NEW\\vendor\\laravel\\framework\\src\\Illuminate\\Routing\\Router.php(805): Illuminate\\Pipeline\\Pipeline->then(Object(Closure))
#13 C:\\Users\\luism\\OneDrive\\Documents\\Proyectos\\WMS-ARCOSA-NEW\\vendor\\laravel\\framework\\src\\Illuminate\\Routing\\Router.php(784): Illuminate\\Routing\\Router->runRouteWithinStack(Object(Illuminate\\Routing\\Route), Object(Illuminate\\Http\\Request))
#14 C:\\Users\\luism\\OneDrive\\Documents\\Proyectos\\WMS-ARCOSA-NEW\\vendor\\laravel\\framework\\src\\Illuminate\\Routing\\Router.php(748): Illuminate\\Routing\\Router->runRoute(Object(Illuminate\\Http\\Request), Object(Illuminate\\Routing\\Route))
#15 C:\\Users\\luism\\OneDrive\\Documents\\Proyectos\\WMS-ARCOSA-NEW\\vendor\\laravel\\framework\\src\\Illuminate\\Routing\\Router.php(737): Illuminate\\Routing\\Router->dispatchToRoute(Object(Illuminate\\Http\\Request))
#16 C:\\Users\\luism\\OneDrive\\Documents\\Proyectos\\WMS-ARCOSA-NEW\\vendor\\laravel\\framework\\src\\Illuminate\\Foundation\\Http\\Kernel.php(200): Illuminate\\Routing\\Router->dispatch(Object(Illuminate\\Http\\Request))
#17 C:\\Users\\luism\\OneDrive\\Documents\\Proyectos\\WMS-ARCOSA-NEW\\vendor\\laravel\\framework\\src\\Illuminate\\Pipeline\\Pipeline.php(144): Illuminate\\Foundation\\Http\\Kernel->Illuminate\\Foundation\\Http\\{closure}(Object(Illuminate\\Http\\Request))
#18 C:\\Users\\luism\\OneDrive\\Documents\\Proyectos\\WMS-ARCOSA-NEW\\vendor\\laravel\\framework\\src\\Illuminate\\Foundation\\Http\\Middleware\\TransformsRequest.php(21): Illuminate\\Pipeline\\Pipeline->Illuminate\\Pipeline\\{closure}(Object(Illuminate\\Http\\Request))
#19 C:\\Users\\luism\\OneDrive\\Documents\\Proyectos\\WMS-ARCOSA-NEW\\vendor\\laravel\\framework\\src\\Illuminate\\Foundation\\Http\\Middleware\\ConvertEmptyStringsToNull.php(31): Illuminate\\Foundation\\Http\\Middleware\\TransformsRequest->handle(Object(Illuminate\\Http\\Request), Object(Closure))
#20 C:\\Users\\luism\\OneDrive\\Documents\\Proyectos\\WMS-ARCOSA-NEW\\vendor\\laravel\\framework\\src\\Illuminate\\Pipeline\\Pipeline.php(183): Illuminate\\Foundation\\Http\\Middleware\\ConvertEmptyStringsToNull->handle(Object(Illuminate\\Http\\Request), Object(Closure))
#21 C:\\Users\\luism\\OneDrive\\Documents\\Proyectos\\WMS-ARCOSA-NEW\\vendor\\laravel\\framework\\src\\Illuminate\\Foundation\\Http\\Middleware\\TransformsRequest.php(21): Illuminate\\Pipeline\\Pipeline->Illuminate\\Pipeline\\{closure}(Object(Illuminate\\Http\\Request))
#22 C:\\Users\\luism\\OneDrive\\Documents\\Proyectos\\WMS-ARCOSA-NEW\\vendor\\laravel\\framework\\src\\Illuminate\\Foundation\\Http\\Middleware\\TrimStrings.php(51): Illuminate\\Foundation\\Http\\Middleware\\TransformsRequest->handle(Object(Illuminate\\Http\\Request), Object(Closure))
#23 C:\\Users\\luism\\OneDrive\\Documents\\Proyectos\\WMS-ARCOSA-NEW\\vendor\\laravel\\framework\\src\\Illuminate\\Pipeline\\Pipeline.php(183): Illuminate\\Foundation\\Http\\Middleware\\TrimStrings->handle(Object(Illuminate\\Http\\Request), Object(Closure))
#24 C:\\Users\\luism\\OneDrive\\Documents\\Proyectos\\WMS-ARCOSA-NEW\\vendor\\laravel\\framework\\src\\Illuminate\\Http\\Middleware\\ValidatePostSize.php(27): Illuminate\\Pipeline\\Pipeline->Illuminate\\Pipeline\\{closure}(Object(Illuminate\\Http\\Request))
#25 C:\\Users\\luism\\OneDrive\\Documents\\Proyectos\\WMS-ARCOSA-NEW\\vendor\\laravel\\framework\\src\\Illuminate\\Pipeline\\Pipeline.php(183): Illuminate\\Http\\Middleware\\ValidatePostSize->handle(Object(Illuminate\\Http\\Request), Object(Closure))
#26 C:\\Users\\luism\\OneDrive\\Documents\\Proyectos\\WMS-ARCOSA-NEW\\vendor\\laravel\\framework\\src\\Illuminate\\Foundation\\Http\\Middleware\\PreventRequestsDuringMaintenance.php(110): Illuminate\\Pipeline\\Pipeline->Illuminate\\Pipeline\\{closure}(Object(Illuminate\\Http\\Request))
#27 C:\\Users\\luism\\OneDrive\\Documents\\Proyectos\\WMS-ARCOSA-NEW\\vendor\\laravel\\framework\\src\\Illuminate\\Pipeline\\Pipeline.php(183): Illuminate\\Foundation\\Http\\Middleware\\PreventRequestsDuringMaintenance->handle(Object(Illuminate\\Http\\Request), Object(Closure))
#28 C:\\Users\\luism\\OneDrive\\Documents\\Proyectos\\WMS-ARCOSA-NEW\\vendor\\laravel\\framework\\src\\Illuminate\\Http\\Middleware\\HandleCors.php(62): Illuminate\\Pipeline\\Pipeline->Illuminate\\Pipeline\\{closure}(Object(Illuminate\\Http\\Request))
#29 C:\\Users\\luism\\OneDrive\\Documents\\Proyectos\\WMS-ARCOSA-NEW\\vendor\\laravel\\framework\\src\\Illuminate\\Pipeline\\Pipeline.php(183): Illuminate\\Http\\Middleware\\HandleCors->handle(Object(Illuminate\\Http\\Request), Object(Closure))
#30 C:\\Users\\luism\\OneDrive\\Documents\\Proyectos\\WMS-ARCOSA-NEW\\vendor\\laravel\\framework\\src\\Illuminate\\Http\\Middleware\\TrustProxies.php(57): Illuminate\\Pipeline\\Pipeline->Illuminate\\Pipeline\\{closure}(Object(Illuminate\\Http\\Request))
#31 C:\\Users\\luism\\OneDrive\\Documents\\Proyectos\\WMS-ARCOSA-NEW\\vendor\\laravel\\framework\\src\\Illuminate\\Pipeline\\Pipeline.php(183): Illuminate\\Http\\Middleware\\TrustProxies->handle(Object(Illuminate\\Http\\Request), Object(Closure))
#32 C:\\Users\\luism\\OneDrive\\Documents\\Proyectos\\WMS-ARCOSA-NEW\\vendor\\laravel\\framework\\src\\Illuminate\\Pipeline\\Pipeline.php(119): Illuminate\\Pipeline\\Pipeline->Illuminate\\Pipeline\\{closure}(Object(Illuminate\\Http\\Request))
#33 C:\\Users\\luism\\OneDrive\\Documents\\Proyectos\\WMS-ARCOSA-NEW\\vendor\\laravel\\framework\\src\\Illuminate\\Foundation\\Http\\Kernel.php(175): Illuminate\\Pipeline\\Pipeline->then(Object(Closure))
#34 C:\\Users\\luism\\OneDrive\\Documents\\Proyectos\\WMS-ARCOSA-NEW\\vendor\\laravel\\framework\\src\\Illuminate\\Foundation\\Http\\Kernel.php(144): Illuminate\\Foundation\\Http\\Kernel->sendRequestThroughRouter(Object(Illuminate\\Http\\Request))
#35 C:\\Users\\luism\\OneDrive\\Documents\\Proyectos\\WMS-ARCOSA-NEW\\vendor\\laravel\\framework\\src\\Illuminate\\Foundation\\Application.php(1183): Illuminate\\Foundation\\Http\\Kernel->handle(Object(Illuminate\\Http\\Request))
#36 C:\\Users\\luism\\OneDrive\\Documents\\Proyectos\\WMS-ARCOSA-NEW\\public\\index.php(17): Illuminate\\Foundation\\Application->handleRequest(Object(Illuminate\\Http\\Request))
#37 C:\\Users\\luism\\OneDrive\\Documents\\Proyectos\\WMS-ARCOSA-NEW\\vendor\\laravel\\framework\\src\\Illuminate\\Foundation\\resources\\server.php(16): require_once('C:\\\\Users\\\\luism\\\\...')
#38 {main}
"} 
[2024-07-25 23:07:14] local.ERROR: App\Models\User::ids_plantas must return a relationship instance. {"userId":1,"exception":"[object] (LogicException(code: 0): App\\Models\\User::ids_plantas must return a relationship instance. at C:\\Users\\luism\\OneDrive\\Documents\\Proyectos\\WMS-ARCOSA-NEW\\vendor\\laravel\\framework\\src\\Illuminate\\Database\\Eloquent\\Concerns\\HasAttributes.php:614)
[stacktrace]
#0 C:\\Users\\luism\\OneDrive\\Documents\\Proyectos\\WMS-ARCOSA-NEW\\vendor\\laravel\\framework\\src\\Illuminate\\Database\\Eloquent\\Concerns\\HasAttributes.php(557): Illuminate\\Database\\Eloquent\\Model->getRelationshipFromMethod('ids_plantas')
#1 C:\\Users\\luism\\OneDrive\\Documents\\Proyectos\\WMS-ARCOSA-NEW\\vendor\\laravel\\framework\\src\\Illuminate\\Database\\Eloquent\\Concerns\\HasAttributes.php(482): Illuminate\\Database\\Eloquent\\Model->getRelationValue('ids_plantas')
#2 C:\\Users\\luism\\OneDrive\\Documents\\Proyectos\\WMS-ARCOSA-NEW\\vendor\\laravel\\framework\\src\\Illuminate\\Database\\Eloquent\\Model.php(2232): Illuminate\\Database\\Eloquent\\Model->getAttribute('ids_plantas')
#3 C:\\Users\\luism\\OneDrive\\Documents\\Proyectos\\WMS-ARCOSA-NEW\\app\\Http\\Controllers\\AuthController.php(101): Illuminate\\Database\\Eloquent\\Model->__get('ids_plantas')
#4 C:\\Users\\luism\\OneDrive\\Documents\\Proyectos\\WMS-ARCOSA-NEW\\vendor\\laravel\\framework\\src\\Illuminate\\Routing\\ControllerDispatcher.php(46): App\\Http\\Controllers\\AuthController->login(Object(Illuminate\\Http\\Request))
#5 C:\\Users\\luism\\OneDrive\\Documents\\Proyectos\\WMS-ARCOSA-NEW\\vendor\\laravel\\framework\\src\\Illuminate\\Routing\\Route.php(260): Illuminate\\Routing\\ControllerDispatcher->dispatch(Object(Illuminate\\Routing\\Route), Object(App\\Http\\Controllers\\AuthController), 'login')
#6 C:\\Users\\luism\\OneDrive\\Documents\\Proyectos\\WMS-ARCOSA-NEW\\vendor\\laravel\\framework\\src\\Illuminate\\Routing\\Route.php(206): Illuminate\\Routing\\Route->runController()
#7 C:\\Users\\luism\\OneDrive\\Documents\\Proyectos\\WMS-ARCOSA-NEW\\vendor\\laravel\\framework\\src\\Illuminate\\Routing\\Router.php(806): Illuminate\\Routing\\Route->run()
#8 C:\\Users\\luism\\OneDrive\\Documents\\Proyectos\\WMS-ARCOSA-NEW\\vendor\\laravel\\framework\\src\\Illuminate\\Pipeline\\Pipeline.php(144): Illuminate\\Routing\\Router->Illuminate\\Routing\\{closure}(Object(Illuminate\\Http\\Request))
#9 C:\\Users\\luism\\OneDrive\\Documents\\Proyectos\\WMS-ARCOSA-NEW\\vendor\\laravel\\framework\\src\\Illuminate\\Routing\\Middleware\\SubstituteBindings.php(50): Illuminate\\Pipeline\\Pipeline->Illuminate\\Pipeline\\{closure}(Object(Illuminate\\Http\\Request))
#10 C:\\Users\\luism\\OneDrive\\Documents\\Proyectos\\WMS-ARCOSA-NEW\\vendor\\laravel\\framework\\src\\Illuminate\\Pipeline\\Pipeline.php(183): Illuminate\\Routing\\Middleware\\SubstituteBindings->handle(Object(Illuminate\\Http\\Request), Object(Closure))
#11 C:\\Users\\luism\\OneDrive\\Documents\\Proyectos\\WMS-ARCOSA-NEW\\vendor\\laravel\\framework\\src\\Illuminate\\Pipeline\\Pipeline.php(119): Illuminate\\Pipeline\\Pipeline->Illuminate\\Pipeline\\{closure}(Object(Illuminate\\Http\\Request))
#12 C:\\Users\\luism\\OneDrive\\Documents\\Proyectos\\WMS-ARCOSA-NEW\\vendor\\laravel\\framework\\src\\Illuminate\\Routing\\Router.php(805): Illuminate\\Pipeline\\Pipeline->then(Object(Closure))
#13 C:\\Users\\luism\\OneDrive\\Documents\\Proyectos\\WMS-ARCOSA-NEW\\vendor\\laravel\\framework\\src\\Illuminate\\Routing\\Router.php(784): Illuminate\\Routing\\Router->runRouteWithinStack(Object(Illuminate\\Routing\\Route), Object(Illuminate\\Http\\Request))
#14 C:\\Users\\luism\\OneDrive\\Documents\\Proyectos\\WMS-ARCOSA-NEW\\vendor\\laravel\\framework\\src\\Illuminate\\Routing\\Router.php(748): Illuminate\\Routing\\Router->runRoute(Object(Illuminate\\Http\\Request), Object(Illuminate\\Routing\\Route))
#15 C:\\Users\\luism\\OneDrive\\Documents\\Proyectos\\WMS-ARCOSA-NEW\\vendor\\laravel\\framework\\src\\Illuminate\\Routing\\Router.php(737): Illuminate\\Routing\\Router->dispatchToRoute(Object(Illuminate\\Http\\Request))
#16 C:\\Users\\luism\\OneDrive\\Documents\\Proyectos\\WMS-ARCOSA-NEW\\vendor\\laravel\\framework\\src\\Illuminate\\Foundation\\Http\\Kernel.php(200): Illuminate\\Routing\\Router->dispatch(Object(Illuminate\\Http\\Request))
#17 C:\\Users\\luism\\OneDrive\\Documents\\Proyectos\\WMS-ARCOSA-NEW\\vendor\\laravel\\framework\\src\\Illuminate\\Pipeline\\Pipeline.php(144): Illuminate\\Foundation\\Http\\Kernel->Illuminate\\Foundation\\Http\\{closure}(Object(Illuminate\\Http\\Request))
#18 C:\\Users\\luism\\OneDrive\\Documents\\Proyectos\\WMS-ARCOSA-NEW\\vendor\\laravel\\framework\\src\\Illuminate\\Foundation\\Http\\Middleware\\TransformsRequest.php(21): Illuminate\\Pipeline\\Pipeline->Illuminate\\Pipeline\\{closure}(Object(Illuminate\\Http\\Request))
#19 C:\\Users\\luism\\OneDrive\\Documents\\Proyectos\\WMS-ARCOSA-NEW\\vendor\\laravel\\framework\\src\\Illuminate\\Foundation\\Http\\Middleware\\ConvertEmptyStringsToNull.php(31): Illuminate\\Foundation\\Http\\Middleware\\TransformsRequest->handle(Object(Illuminate\\Http\\Request), Object(Closure))
#20 C:\\Users\\luism\\OneDrive\\Documents\\Proyectos\\WMS-ARCOSA-NEW\\vendor\\laravel\\framework\\src\\Illuminate\\Pipeline\\Pipeline.php(183): Illuminate\\Foundation\\Http\\Middleware\\ConvertEmptyStringsToNull->handle(Object(Illuminate\\Http\\Request), Object(Closure))
#21 C:\\Users\\luism\\OneDrive\\Documents\\Proyectos\\WMS-ARCOSA-NEW\\vendor\\laravel\\framework\\src\\Illuminate\\Foundation\\Http\\Middleware\\TransformsRequest.php(21): Illuminate\\Pipeline\\Pipeline->Illuminate\\Pipeline\\{closure}(Object(Illuminate\\Http\\Request))
#22 C:\\Users\\luism\\OneDrive\\Documents\\Proyectos\\WMS-ARCOSA-NEW\\vendor\\laravel\\framework\\src\\Illuminate\\Foundation\\Http\\Middleware\\TrimStrings.php(51): Illuminate\\Foundation\\Http\\Middleware\\TransformsRequest->handle(Object(Illuminate\\Http\\Request), Object(Closure))
#23 C:\\Users\\luism\\OneDrive\\Documents\\Proyectos\\WMS-ARCOSA-NEW\\vendor\\laravel\\framework\\src\\Illuminate\\Pipeline\\Pipeline.php(183): Illuminate\\Foundation\\Http\\Middleware\\TrimStrings->handle(Object(Illuminate\\Http\\Request), Object(Closure))
#24 C:\\Users\\luism\\OneDrive\\Documents\\Proyectos\\WMS-ARCOSA-NEW\\vendor\\laravel\\framework\\src\\Illuminate\\Http\\Middleware\\ValidatePostSize.php(27): Illuminate\\Pipeline\\Pipeline->Illuminate\\Pipeline\\{closure}(Object(Illuminate\\Http\\Request))
#25 C:\\Users\\luism\\OneDrive\\Documents\\Proyectos\\WMS-ARCOSA-NEW\\vendor\\laravel\\framework\\src\\Illuminate\\Pipeline\\Pipeline.php(183): Illuminate\\Http\\Middleware\\ValidatePostSize->handle(Object(Illuminate\\Http\\Request), Object(Closure))
#26 C:\\Users\\luism\\OneDrive\\Documents\\Proyectos\\WMS-ARCOSA-NEW\\vendor\\laravel\\framework\\src\\Illuminate\\Foundation\\Http\\Middleware\\PreventRequestsDuringMaintenance.php(110): Illuminate\\Pipeline\\Pipeline->Illuminate\\Pipeline\\{closure}(Object(Illuminate\\Http\\Request))
#27 C:\\Users\\luism\\OneDrive\\Documents\\Proyectos\\WMS-ARCOSA-NEW\\vendor\\laravel\\framework\\src\\Illuminate\\Pipeline\\Pipeline.php(183): Illuminate\\Foundation\\Http\\Middleware\\PreventRequestsDuringMaintenance->handle(Object(Illuminate\\Http\\Request), Object(Closure))
#28 C:\\Users\\luism\\OneDrive\\Documents\\Proyectos\\WMS-ARCOSA-NEW\\vendor\\laravel\\framework\\src\\Illuminate\\Http\\Middleware\\HandleCors.php(62): Illuminate\\Pipeline\\Pipeline->Illuminate\\Pipeline\\{closure}(Object(Illuminate\\Http\\Request))
#29 C:\\Users\\luism\\OneDrive\\Documents\\Proyectos\\WMS-ARCOSA-NEW\\vendor\\laravel\\framework\\src\\Illuminate\\Pipeline\\Pipeline.php(183): Illuminate\\Http\\Middleware\\HandleCors->handle(Object(Illuminate\\Http\\Request), Object(Closure))
#30 C:\\Users\\luism\\OneDrive\\Documents\\Proyectos\\WMS-ARCOSA-NEW\\vendor\\laravel\\framework\\src\\Illuminate\\Http\\Middleware\\TrustProxies.php(57): Illuminate\\Pipeline\\Pipeline->Illuminate\\Pipeline\\{closure}(Object(Illuminate\\Http\\Request))
#31 C:\\Users\\luism\\OneDrive\\Documents\\Proyectos\\WMS-ARCOSA-NEW\\vendor\\laravel\\framework\\src\\Illuminate\\Pipeline\\Pipeline.php(183): Illuminate\\Http\\Middleware\\TrustProxies->handle(Object(Illuminate\\Http\\Request), Object(Closure))
#32 C:\\Users\\luism\\OneDrive\\Documents\\Proyectos\\WMS-ARCOSA-NEW\\vendor\\laravel\\framework\\src\\Illuminate\\Pipeline\\Pipeline.php(119): Illuminate\\Pipeline\\Pipeline->Illuminate\\Pipeline\\{closure}(Object(Illuminate\\Http\\Request))
#33 C:\\Users\\luism\\OneDrive\\Documents\\Proyectos\\WMS-ARCOSA-NEW\\vendor\\laravel\\framework\\src\\Illuminate\\Foundation\\Http\\Kernel.php(175): Illuminate\\Pipeline\\Pipeline->then(Object(Closure))
#34 C:\\Users\\luism\\OneDrive\\Documents\\Proyectos\\WMS-ARCOSA-NEW\\vendor\\laravel\\framework\\src\\Illuminate\\Foundation\\Http\\Kernel.php(144): Illuminate\\Foundation\\Http\\Kernel->sendRequestThroughRouter(Object(Illuminate\\Http\\Request))
#35 C:\\Users\\luism\\OneDrive\\Documents\\Proyectos\\WMS-ARCOSA-NEW\\vendor\\laravel\\framework\\src\\Illuminate\\Foundation\\Application.php(1183): Illuminate\\Foundation\\Http\\Kernel->handle(Object(Illuminate\\Http\\Request))
#36 C:\\Users\\luism\\OneDrive\\Documents\\Proyectos\\WMS-ARCOSA-NEW\\public\\index.php(17): Illuminate\\Foundation\\Application->handleRequest(Object(Illuminate\\Http\\Request))
#37 C:\\Users\\luism\\OneDrive\\Documents\\Proyectos\\WMS-ARCOSA-NEW\\vendor\\laravel\\framework\\src\\Illuminate\\Foundation\\resources\\server.php(16): require_once('C:\\\\Users\\\\luism\\\\...')
#38 {main}
"} 
[2024-07-25 23:07:48] local.ERROR: App\Models\User::ids_plantas must return a relationship instance. {"userId":1,"exception":"[object] (LogicException(code: 0): App\\Models\\User::ids_plantas must return a relationship instance. at C:\\Users\\luism\\OneDrive\\Documents\\Proyectos\\WMS-ARCOSA-NEW\\vendor\\laravel\\framework\\src\\Illuminate\\Database\\Eloquent\\Concerns\\HasAttributes.php:614)
[stacktrace]
#0 C:\\Users\\luism\\OneDrive\\Documents\\Proyectos\\WMS-ARCOSA-NEW\\vendor\\laravel\\framework\\src\\Illuminate\\Database\\Eloquent\\Concerns\\HasAttributes.php(557): Illuminate\\Database\\Eloquent\\Model->getRelationshipFromMethod('ids_plantas')
#1 C:\\Users\\luism\\OneDrive\\Documents\\Proyectos\\WMS-ARCOSA-NEW\\vendor\\laravel\\framework\\src\\Illuminate\\Database\\Eloquent\\Concerns\\HasAttributes.php(482): Illuminate\\Database\\Eloquent\\Model->getRelationValue('ids_plantas')
#2 C:\\Users\\luism\\OneDrive\\Documents\\Proyectos\\WMS-ARCOSA-NEW\\vendor\\laravel\\framework\\src\\Illuminate\\Database\\Eloquent\\Model.php(2232): Illuminate\\Database\\Eloquent\\Model->getAttribute('ids_plantas')
#3 C:\\Users\\luism\\OneDrive\\Documents\\Proyectos\\WMS-ARCOSA-NEW\\app\\Http\\Controllers\\AuthController.php(101): Illuminate\\Database\\Eloquent\\Model->__get('ids_plantas')
#4 C:\\Users\\luism\\OneDrive\\Documents\\Proyectos\\WMS-ARCOSA-NEW\\vendor\\laravel\\framework\\src\\Illuminate\\Routing\\ControllerDispatcher.php(46): App\\Http\\Controllers\\AuthController->login(Object(Illuminate\\Http\\Request))
#5 C:\\Users\\luism\\OneDrive\\Documents\\Proyectos\\WMS-ARCOSA-NEW\\vendor\\laravel\\framework\\src\\Illuminate\\Routing\\Route.php(260): Illuminate\\Routing\\ControllerDispatcher->dispatch(Object(Illuminate\\Routing\\Route), Object(App\\Http\\Controllers\\AuthController), 'login')
#6 C:\\Users\\luism\\OneDrive\\Documents\\Proyectos\\WMS-ARCOSA-NEW\\vendor\\laravel\\framework\\src\\Illuminate\\Routing\\Route.php(206): Illuminate\\Routing\\Route->runController()
#7 C:\\Users\\luism\\OneDrive\\Documents\\Proyectos\\WMS-ARCOSA-NEW\\vendor\\laravel\\framework\\src\\Illuminate\\Routing\\Router.php(806): Illuminate\\Routing\\Route->run()
#8 C:\\Users\\luism\\OneDrive\\Documents\\Proyectos\\WMS-ARCOSA-NEW\\vendor\\laravel\\framework\\src\\Illuminate\\Pipeline\\Pipeline.php(144): Illuminate\\Routing\\Router->Illuminate\\Routing\\{closure}(Object(Illuminate\\Http\\Request))
#9 C:\\Users\\luism\\OneDrive\\Documents\\Proyectos\\WMS-ARCOSA-NEW\\vendor\\laravel\\framework\\src\\Illuminate\\Routing\\Middleware\\SubstituteBindings.php(50): Illuminate\\Pipeline\\Pipeline->Illuminate\\Pipeline\\{closure}(Object(Illuminate\\Http\\Request))
#10 C:\\Users\\luism\\OneDrive\\Documents\\Proyectos\\WMS-ARCOSA-NEW\\vendor\\laravel\\framework\\src\\Illuminate\\Pipeline\\Pipeline.php(183): Illuminate\\Routing\\Middleware\\SubstituteBindings->handle(Object(Illuminate\\Http\\Request), Object(Closure))
#11 C:\\Users\\luism\\OneDrive\\Documents\\Proyectos\\WMS-ARCOSA-NEW\\vendor\\laravel\\framework\\src\\Illuminate\\Pipeline\\Pipeline.php(119): Illuminate\\Pipeline\\Pipeline->Illuminate\\Pipeline\\{closure}(Object(Illuminate\\Http\\Request))
#12 C:\\Users\\luism\\OneDrive\\Documents\\Proyectos\\WMS-ARCOSA-NEW\\vendor\\laravel\\framework\\src\\Illuminate\\Routing\\Router.php(805): Illuminate\\Pipeline\\Pipeline->then(Object(Closure))
#13 C:\\Users\\luism\\OneDrive\\Documents\\Proyectos\\WMS-ARCOSA-NEW\\vendor\\laravel\\framework\\src\\Illuminate\\Routing\\Router.php(784): Illuminate\\Routing\\Router->runRouteWithinStack(Object(Illuminate\\Routing\\Route), Object(Illuminate\\Http\\Request))
#14 C:\\Users\\luism\\OneDrive\\Documents\\Proyectos\\WMS-ARCOSA-NEW\\vendor\\laravel\\framework\\src\\Illuminate\\Routing\\Router.php(748): Illuminate\\Routing\\Router->runRoute(Object(Illuminate\\Http\\Request), Object(Illuminate\\Routing\\Route))
#15 C:\\Users\\luism\\OneDrive\\Documents\\Proyectos\\WMS-ARCOSA-NEW\\vendor\\laravel\\framework\\src\\Illuminate\\Routing\\Router.php(737): Illuminate\\Routing\\Router->dispatchToRoute(Object(Illuminate\\Http\\Request))
#16 C:\\Users\\luism\\OneDrive\\Documents\\Proyectos\\WMS-ARCOSA-NEW\\vendor\\laravel\\framework\\src\\Illuminate\\Foundation\\Http\\Kernel.php(200): Illuminate\\Routing\\Router->dispatch(Object(Illuminate\\Http\\Request))
#17 C:\\Users\\luism\\OneDrive\\Documents\\Proyectos\\WMS-ARCOSA-NEW\\vendor\\laravel\\framework\\src\\Illuminate\\Pipeline\\Pipeline.php(144): Illuminate\\Foundation\\Http\\Kernel->Illuminate\\Foundation\\Http\\{closure}(Object(Illuminate\\Http\\Request))
#18 C:\\Users\\luism\\OneDrive\\Documents\\Proyectos\\WMS-ARCOSA-NEW\\vendor\\laravel\\framework\\src\\Illuminate\\Foundation\\Http\\Middleware\\TransformsRequest.php(21): Illuminate\\Pipeline\\Pipeline->Illuminate\\Pipeline\\{closure}(Object(Illuminate\\Http\\Request))
#19 C:\\Users\\luism\\OneDrive\\Documents\\Proyectos\\WMS-ARCOSA-NEW\\vendor\\laravel\\framework\\src\\Illuminate\\Foundation\\Http\\Middleware\\ConvertEmptyStringsToNull.php(31): Illuminate\\Foundation\\Http\\Middleware\\TransformsRequest->handle(Object(Illuminate\\Http\\Request), Object(Closure))
#20 C:\\Users\\luism\\OneDrive\\Documents\\Proyectos\\WMS-ARCOSA-NEW\\vendor\\laravel\\framework\\src\\Illuminate\\Pipeline\\Pipeline.php(183): Illuminate\\Foundation\\Http\\Middleware\\ConvertEmptyStringsToNull->handle(Object(Illuminate\\Http\\Request), Object(Closure))
#21 C:\\Users\\luism\\OneDrive\\Documents\\Proyectos\\WMS-ARCOSA-NEW\\vendor\\laravel\\framework\\src\\Illuminate\\Foundation\\Http\\Middleware\\TransformsRequest.php(21): Illuminate\\Pipeline\\Pipeline->Illuminate\\Pipeline\\{closure}(Object(Illuminate\\Http\\Request))
#22 C:\\Users\\luism\\OneDrive\\Documents\\Proyectos\\WMS-ARCOSA-NEW\\vendor\\laravel\\framework\\src\\Illuminate\\Foundation\\Http\\Middleware\\TrimStrings.php(51): Illuminate\\Foundation\\Http\\Middleware\\TransformsRequest->handle(Object(Illuminate\\Http\\Request), Object(Closure))
#23 C:\\Users\\luism\\OneDrive\\Documents\\Proyectos\\WMS-ARCOSA-NEW\\vendor\\laravel\\framework\\src\\Illuminate\\Pipeline\\Pipeline.php(183): Illuminate\\Foundation\\Http\\Middleware\\TrimStrings->handle(Object(Illuminate\\Http\\Request), Object(Closure))
#24 C:\\Users\\luism\\OneDrive\\Documents\\Proyectos\\WMS-ARCOSA-NEW\\vendor\\laravel\\framework\\src\\Illuminate\\Http\\Middleware\\ValidatePostSize.php(27): Illuminate\\Pipeline\\Pipeline->Illuminate\\Pipeline\\{closure}(Object(Illuminate\\Http\\Request))
#25 C:\\Users\\luism\\OneDrive\\Documents\\Proyectos\\WMS-ARCOSA-NEW\\vendor\\laravel\\framework\\src\\Illuminate\\Pipeline\\Pipeline.php(183): Illuminate\\Http\\Middleware\\ValidatePostSize->handle(Object(Illuminate\\Http\\Request), Object(Closure))
#26 C:\\Users\\luism\\OneDrive\\Documents\\Proyectos\\WMS-ARCOSA-NEW\\vendor\\laravel\\framework\\src\\Illuminate\\Foundation\\Http\\Middleware\\PreventRequestsDuringMaintenance.php(110): Illuminate\\Pipeline\\Pipeline->Illuminate\\Pipeline\\{closure}(Object(Illuminate\\Http\\Request))
#27 C:\\Users\\luism\\OneDrive\\Documents\\Proyectos\\WMS-ARCOSA-NEW\\vendor\\laravel\\framework\\src\\Illuminate\\Pipeline\\Pipeline.php(183): Illuminate\\Foundation\\Http\\Middleware\\PreventRequestsDuringMaintenance->handle(Object(Illuminate\\Http\\Request), Object(Closure))
#28 C:\\Users\\luism\\OneDrive\\Documents\\Proyectos\\WMS-ARCOSA-NEW\\vendor\\laravel\\framework\\src\\Illuminate\\Http\\Middleware\\HandleCors.php(62): Illuminate\\Pipeline\\Pipeline->Illuminate\\Pipeline\\{closure}(Object(Illuminate\\Http\\Request))
#29 C:\\Users\\luism\\OneDrive\\Documents\\Proyectos\\WMS-ARCOSA-NEW\\vendor\\laravel\\framework\\src\\Illuminate\\Pipeline\\Pipeline.php(183): Illuminate\\Http\\Middleware\\HandleCors->handle(Object(Illuminate\\Http\\Request), Object(Closure))
#30 C:\\Users\\luism\\OneDrive\\Documents\\Proyectos\\WMS-ARCOSA-NEW\\vendor\\laravel\\framework\\src\\Illuminate\\Http\\Middleware\\TrustProxies.php(57): Illuminate\\Pipeline\\Pipeline->Illuminate\\Pipeline\\{closure}(Object(Illuminate\\Http\\Request))
#31 C:\\Users\\luism\\OneDrive\\Documents\\Proyectos\\WMS-ARCOSA-NEW\\vendor\\laravel\\framework\\src\\Illuminate\\Pipeline\\Pipeline.php(183): Illuminate\\Http\\Middleware\\TrustProxies->handle(Object(Illuminate\\Http\\Request), Object(Closure))
#32 C:\\Users\\luism\\OneDrive\\Documents\\Proyectos\\WMS-ARCOSA-NEW\\vendor\\laravel\\framework\\src\\Illuminate\\Pipeline\\Pipeline.php(119): Illuminate\\Pipeline\\Pipeline->Illuminate\\Pipeline\\{closure}(Object(Illuminate\\Http\\Request))
#33 C:\\Users\\luism\\OneDrive\\Documents\\Proyectos\\WMS-ARCOSA-NEW\\vendor\\laravel\\framework\\src\\Illuminate\\Foundation\\Http\\Kernel.php(175): Illuminate\\Pipeline\\Pipeline->then(Object(Closure))
#34 C:\\Users\\luism\\OneDrive\\Documents\\Proyectos\\WMS-ARCOSA-NEW\\vendor\\laravel\\framework\\src\\Illuminate\\Foundation\\Http\\Kernel.php(144): Illuminate\\Foundation\\Http\\Kernel->sendRequestThroughRouter(Object(Illuminate\\Http\\Request))
#35 C:\\Users\\luism\\OneDrive\\Documents\\Proyectos\\WMS-ARCOSA-NEW\\vendor\\laravel\\framework\\src\\Illuminate\\Foundation\\Application.php(1183): Illuminate\\Foundation\\Http\\Kernel->handle(Object(Illuminate\\Http\\Request))
#36 C:\\Users\\luism\\OneDrive\\Documents\\Proyectos\\WMS-ARCOSA-NEW\\public\\index.php(17): Illuminate\\Foundation\\Application->handleRequest(Object(Illuminate\\Http\\Request))
#37 C:\\Users\\luism\\OneDrive\\Documents\\Proyectos\\WMS-ARCOSA-NEW\\vendor\\laravel\\framework\\src\\Illuminate\\Foundation\\resources\\server.php(16): require_once('C:\\\\Users\\\\luism\\\\...')
#38 {main}
"} 
[2024-07-25 23:08:02] local.ERROR: App\Models\User::ids_plantas must return a relationship instance. {"userId":1,"exception":"[object] (LogicException(code: 0): App\\Models\\User::ids_plantas must return a relationship instance. at C:\\Users\\luism\\OneDrive\\Documents\\Proyectos\\WMS-ARCOSA-NEW\\vendor\\laravel\\framework\\src\\Illuminate\\Database\\Eloquent\\Concerns\\HasAttributes.php:614)
[stacktrace]
#0 C:\\Users\\luism\\OneDrive\\Documents\\Proyectos\\WMS-ARCOSA-NEW\\vendor\\laravel\\framework\\src\\Illuminate\\Database\\Eloquent\\Concerns\\HasAttributes.php(557): Illuminate\\Database\\Eloquent\\Model->getRelationshipFromMethod('ids_plantas')
#1 C:\\Users\\luism\\OneDrive\\Documents\\Proyectos\\WMS-ARCOSA-NEW\\vendor\\laravel\\framework\\src\\Illuminate\\Database\\Eloquent\\Concerns\\HasAttributes.php(482): Illuminate\\Database\\Eloquent\\Model->getRelationValue('ids_plantas')
#2 C:\\Users\\luism\\OneDrive\\Documents\\Proyectos\\WMS-ARCOSA-NEW\\vendor\\laravel\\framework\\src\\Illuminate\\Database\\Eloquent\\Model.php(2232): Illuminate\\Database\\Eloquent\\Model->getAttribute('ids_plantas')
#3 C:\\Users\\luism\\OneDrive\\Documents\\Proyectos\\WMS-ARCOSA-NEW\\app\\Http\\Controllers\\AuthController.php(101): Illuminate\\Database\\Eloquent\\Model->__get('ids_plantas')
#4 C:\\Users\\luism\\OneDrive\\Documents\\Proyectos\\WMS-ARCOSA-NEW\\vendor\\laravel\\framework\\src\\Illuminate\\Routing\\ControllerDispatcher.php(46): App\\Http\\Controllers\\AuthController->login(Object(Illuminate\\Http\\Request))
#5 C:\\Users\\luism\\OneDrive\\Documents\\Proyectos\\WMS-ARCOSA-NEW\\vendor\\laravel\\framework\\src\\Illuminate\\Routing\\Route.php(260): Illuminate\\Routing\\ControllerDispatcher->dispatch(Object(Illuminate\\Routing\\Route), Object(App\\Http\\Controllers\\AuthController), 'login')
#6 C:\\Users\\luism\\OneDrive\\Documents\\Proyectos\\WMS-ARCOSA-NEW\\vendor\\laravel\\framework\\src\\Illuminate\\Routing\\Route.php(206): Illuminate\\Routing\\Route->runController()
#7 C:\\Users\\luism\\OneDrive\\Documents\\Proyectos\\WMS-ARCOSA-NEW\\vendor\\laravel\\framework\\src\\Illuminate\\Routing\\Router.php(806): Illuminate\\Routing\\Route->run()
#8 C:\\Users\\luism\\OneDrive\\Documents\\Proyectos\\WMS-ARCOSA-NEW\\vendor\\laravel\\framework\\src\\Illuminate\\Pipeline\\Pipeline.php(144): Illuminate\\Routing\\Router->Illuminate\\Routing\\{closure}(Object(Illuminate\\Http\\Request))
#9 C:\\Users\\luism\\OneDrive\\Documents\\Proyectos\\WMS-ARCOSA-NEW\\vendor\\laravel\\framework\\src\\Illuminate\\Routing\\Middleware\\SubstituteBindings.php(50): Illuminate\\Pipeline\\Pipeline->Illuminate\\Pipeline\\{closure}(Object(Illuminate\\Http\\Request))
#10 C:\\Users\\luism\\OneDrive\\Documents\\Proyectos\\WMS-ARCOSA-NEW\\vendor\\laravel\\framework\\src\\Illuminate\\Pipeline\\Pipeline.php(183): Illuminate\\Routing\\Middleware\\SubstituteBindings->handle(Object(Illuminate\\Http\\Request), Object(Closure))
#11 C:\\Users\\luism\\OneDrive\\Documents\\Proyectos\\WMS-ARCOSA-NEW\\vendor\\laravel\\framework\\src\\Illuminate\\Pipeline\\Pipeline.php(119): Illuminate\\Pipeline\\Pipeline->Illuminate\\Pipeline\\{closure}(Object(Illuminate\\Http\\Request))
#12 C:\\Users\\luism\\OneDrive\\Documents\\Proyectos\\WMS-ARCOSA-NEW\\vendor\\laravel\\framework\\src\\Illuminate\\Routing\\Router.php(805): Illuminate\\Pipeline\\Pipeline->then(Object(Closure))
#13 C:\\Users\\luism\\OneDrive\\Documents\\Proyectos\\WMS-ARCOSA-NEW\\vendor\\laravel\\framework\\src\\Illuminate\\Routing\\Router.php(784): Illuminate\\Routing\\Router->runRouteWithinStack(Object(Illuminate\\Routing\\Route), Object(Illuminate\\Http\\Request))
#14 C:\\Users\\luism\\OneDrive\\Documents\\Proyectos\\WMS-ARCOSA-NEW\\vendor\\laravel\\framework\\src\\Illuminate\\Routing\\Router.php(748): Illuminate\\Routing\\Router->runRoute(Object(Illuminate\\Http\\Request), Object(Illuminate\\Routing\\Route))
#15 C:\\Users\\luism\\OneDrive\\Documents\\Proyectos\\WMS-ARCOSA-NEW\\vendor\\laravel\\framework\\src\\Illuminate\\Routing\\Router.php(737): Illuminate\\Routing\\Router->dispatchToRoute(Object(Illuminate\\Http\\Request))
#16 C:\\Users\\luism\\OneDrive\\Documents\\Proyectos\\WMS-ARCOSA-NEW\\vendor\\laravel\\framework\\src\\Illuminate\\Foundation\\Http\\Kernel.php(200): Illuminate\\Routing\\Router->dispatch(Object(Illuminate\\Http\\Request))
#17 C:\\Users\\luism\\OneDrive\\Documents\\Proyectos\\WMS-ARCOSA-NEW\\vendor\\laravel\\framework\\src\\Illuminate\\Pipeline\\Pipeline.php(144): Illuminate\\Foundation\\Http\\Kernel->Illuminate\\Foundation\\Http\\{closure}(Object(Illuminate\\Http\\Request))
#18 C:\\Users\\luism\\OneDrive\\Documents\\Proyectos\\WMS-ARCOSA-NEW\\vendor\\laravel\\framework\\src\\Illuminate\\Foundation\\Http\\Middleware\\TransformsRequest.php(21): Illuminate\\Pipeline\\Pipeline->Illuminate\\Pipeline\\{closure}(Object(Illuminate\\Http\\Request))
#19 C:\\Users\\luism\\OneDrive\\Documents\\Proyectos\\WMS-ARCOSA-NEW\\vendor\\laravel\\framework\\src\\Illuminate\\Foundation\\Http\\Middleware\\ConvertEmptyStringsToNull.php(31): Illuminate\\Foundation\\Http\\Middleware\\TransformsRequest->handle(Object(Illuminate\\Http\\Request), Object(Closure))
#20 C:\\Users\\luism\\OneDrive\\Documents\\Proyectos\\WMS-ARCOSA-NEW\\vendor\\laravel\\framework\\src\\Illuminate\\Pipeline\\Pipeline.php(183): Illuminate\\Foundation\\Http\\Middleware\\ConvertEmptyStringsToNull->handle(Object(Illuminate\\Http\\Request), Object(Closure))
#21 C:\\Users\\luism\\OneDrive\\Documents\\Proyectos\\WMS-ARCOSA-NEW\\vendor\\laravel\\framework\\src\\Illuminate\\Foundation\\Http\\Middleware\\TransformsRequest.php(21): Illuminate\\Pipeline\\Pipeline->Illuminate\\Pipeline\\{closure}(Object(Illuminate\\Http\\Request))
#22 C:\\Users\\luism\\OneDrive\\Documents\\Proyectos\\WMS-ARCOSA-NEW\\vendor\\laravel\\framework\\src\\Illuminate\\Foundation\\Http\\Middleware\\TrimStrings.php(51): Illuminate\\Foundation\\Http\\Middleware\\TransformsRequest->handle(Object(Illuminate\\Http\\Request), Object(Closure))
#23 C:\\Users\\luism\\OneDrive\\Documents\\Proyectos\\WMS-ARCOSA-NEW\\vendor\\laravel\\framework\\src\\Illuminate\\Pipeline\\Pipeline.php(183): Illuminate\\Foundation\\Http\\Middleware\\TrimStrings->handle(Object(Illuminate\\Http\\Request), Object(Closure))
#24 C:\\Users\\luism\\OneDrive\\Documents\\Proyectos\\WMS-ARCOSA-NEW\\vendor\\laravel\\framework\\src\\Illuminate\\Http\\Middleware\\ValidatePostSize.php(27): Illuminate\\Pipeline\\Pipeline->Illuminate\\Pipeline\\{closure}(Object(Illuminate\\Http\\Request))
#25 C:\\Users\\luism\\OneDrive\\Documents\\Proyectos\\WMS-ARCOSA-NEW\\vendor\\laravel\\framework\\src\\Illuminate\\Pipeline\\Pipeline.php(183): Illuminate\\Http\\Middleware\\ValidatePostSize->handle(Object(Illuminate\\Http\\Request), Object(Closure))
#26 C:\\Users\\luism\\OneDrive\\Documents\\Proyectos\\WMS-ARCOSA-NEW\\vendor\\laravel\\framework\\src\\Illuminate\\Foundation\\Http\\Middleware\\PreventRequestsDuringMaintenance.php(110): Illuminate\\Pipeline\\Pipeline->Illuminate\\Pipeline\\{closure}(Object(Illuminate\\Http\\Request))
#27 C:\\Users\\luism\\OneDrive\\Documents\\Proyectos\\WMS-ARCOSA-NEW\\vendor\\laravel\\framework\\src\\Illuminate\\Pipeline\\Pipeline.php(183): Illuminate\\Foundation\\Http\\Middleware\\PreventRequestsDuringMaintenance->handle(Object(Illuminate\\Http\\Request), Object(Closure))
#28 C:\\Users\\luism\\OneDrive\\Documents\\Proyectos\\WMS-ARCOSA-NEW\\vendor\\laravel\\framework\\src\\Illuminate\\Http\\Middleware\\HandleCors.php(62): Illuminate\\Pipeline\\Pipeline->Illuminate\\Pipeline\\{closure}(Object(Illuminate\\Http\\Request))
#29 C:\\Users\\luism\\OneDrive\\Documents\\Proyectos\\WMS-ARCOSA-NEW\\vendor\\laravel\\framework\\src\\Illuminate\\Pipeline\\Pipeline.php(183): Illuminate\\Http\\Middleware\\HandleCors->handle(Object(Illuminate\\Http\\Request), Object(Closure))
#30 C:\\Users\\luism\\OneDrive\\Documents\\Proyectos\\WMS-ARCOSA-NEW\\vendor\\laravel\\framework\\src\\Illuminate\\Http\\Middleware\\TrustProxies.php(57): Illuminate\\Pipeline\\Pipeline->Illuminate\\Pipeline\\{closure}(Object(Illuminate\\Http\\Request))
#31 C:\\Users\\luism\\OneDrive\\Documents\\Proyectos\\WMS-ARCOSA-NEW\\vendor\\laravel\\framework\\src\\Illuminate\\Pipeline\\Pipeline.php(183): Illuminate\\Http\\Middleware\\TrustProxies->handle(Object(Illuminate\\Http\\Request), Object(Closure))
#32 C:\\Users\\luism\\OneDrive\\Documents\\Proyectos\\WMS-ARCOSA-NEW\\vendor\\laravel\\framework\\src\\Illuminate\\Pipeline\\Pipeline.php(119): Illuminate\\Pipeline\\Pipeline->Illuminate\\Pipeline\\{closure}(Object(Illuminate\\Http\\Request))
#33 C:\\Users\\luism\\OneDrive\\Documents\\Proyectos\\WMS-ARCOSA-NEW\\vendor\\laravel\\framework\\src\\Illuminate\\Foundation\\Http\\Kernel.php(175): Illuminate\\Pipeline\\Pipeline->then(Object(Closure))
#34 C:\\Users\\luism\\OneDrive\\Documents\\Proyectos\\WMS-ARCOSA-NEW\\vendor\\laravel\\framework\\src\\Illuminate\\Foundation\\Http\\Kernel.php(144): Illuminate\\Foundation\\Http\\Kernel->sendRequestThroughRouter(Object(Illuminate\\Http\\Request))
#35 C:\\Users\\luism\\OneDrive\\Documents\\Proyectos\\WMS-ARCOSA-NEW\\vendor\\laravel\\framework\\src\\Illuminate\\Foundation\\Application.php(1183): Illuminate\\Foundation\\Http\\Kernel->handle(Object(Illuminate\\Http\\Request))
#36 C:\\Users\\luism\\OneDrive\\Documents\\Proyectos\\WMS-ARCOSA-NEW\\public\\index.php(17): Illuminate\\Foundation\\Application->handleRequest(Object(Illuminate\\Http\\Request))
#37 C:\\Users\\luism\\OneDrive\\Documents\\Proyectos\\WMS-ARCOSA-NEW\\vendor\\laravel\\framework\\src\\Illuminate\\Foundation\\resources\\server.php(16): require_once('C:\\\\Users\\\\luism\\\\...')
#38 {main}
"} 
[2024-07-25 23:08:29] local.ERROR: App\Models\User::ids_plantas must return a relationship instance. {"userId":1,"exception":"[object] (LogicException(code: 0): App\\Models\\User::ids_plantas must return a relationship instance. at C:\\Users\\luism\\OneDrive\\Documents\\Proyectos\\WMS-ARCOSA-NEW\\vendor\\laravel\\framework\\src\\Illuminate\\Database\\Eloquent\\Concerns\\HasAttributes.php:614)
[stacktrace]
#0 C:\\Users\\luism\\OneDrive\\Documents\\Proyectos\\WMS-ARCOSA-NEW\\vendor\\laravel\\framework\\src\\Illuminate\\Database\\Eloquent\\Concerns\\HasAttributes.php(557): Illuminate\\Database\\Eloquent\\Model->getRelationshipFromMethod('ids_plantas')
#1 C:\\Users\\luism\\OneDrive\\Documents\\Proyectos\\WMS-ARCOSA-NEW\\vendor\\laravel\\framework\\src\\Illuminate\\Database\\Eloquent\\Concerns\\HasAttributes.php(482): Illuminate\\Database\\Eloquent\\Model->getRelationValue('ids_plantas')
#2 C:\\Users\\luism\\OneDrive\\Documents\\Proyectos\\WMS-ARCOSA-NEW\\vendor\\laravel\\framework\\src\\Illuminate\\Database\\Eloquent\\Model.php(2232): Illuminate\\Database\\Eloquent\\Model->getAttribute('ids_plantas')
#3 C:\\Users\\luism\\OneDrive\\Documents\\Proyectos\\WMS-ARCOSA-NEW\\app\\Http\\Controllers\\AuthController.php(101): Illuminate\\Database\\Eloquent\\Model->__get('ids_plantas')
#4 C:\\Users\\luism\\OneDrive\\Documents\\Proyectos\\WMS-ARCOSA-NEW\\vendor\\laravel\\framework\\src\\Illuminate\\Routing\\ControllerDispatcher.php(46): App\\Http\\Controllers\\AuthController->login(Object(Illuminate\\Http\\Request))
#5 C:\\Users\\luism\\OneDrive\\Documents\\Proyectos\\WMS-ARCOSA-NEW\\vendor\\laravel\\framework\\src\\Illuminate\\Routing\\Route.php(260): Illuminate\\Routing\\ControllerDispatcher->dispatch(Object(Illuminate\\Routing\\Route), Object(App\\Http\\Controllers\\AuthController), 'login')
#6 C:\\Users\\luism\\OneDrive\\Documents\\Proyectos\\WMS-ARCOSA-NEW\\vendor\\laravel\\framework\\src\\Illuminate\\Routing\\Route.php(206): Illuminate\\Routing\\Route->runController()
#7 C:\\Users\\luism\\OneDrive\\Documents\\Proyectos\\WMS-ARCOSA-NEW\\vendor\\laravel\\framework\\src\\Illuminate\\Routing\\Router.php(806): Illuminate\\Routing\\Route->run()
#8 C:\\Users\\luism\\OneDrive\\Documents\\Proyectos\\WMS-ARCOSA-NEW\\vendor\\laravel\\framework\\src\\Illuminate\\Pipeline\\Pipeline.php(144): Illuminate\\Routing\\Router->Illuminate\\Routing\\{closure}(Object(Illuminate\\Http\\Request))
#9 C:\\Users\\luism\\OneDrive\\Documents\\Proyectos\\WMS-ARCOSA-NEW\\vendor\\laravel\\framework\\src\\Illuminate\\Routing\\Middleware\\SubstituteBindings.php(50): Illuminate\\Pipeline\\Pipeline->Illuminate\\Pipeline\\{closure}(Object(Illuminate\\Http\\Request))
#10 C:\\Users\\luism\\OneDrive\\Documents\\Proyectos\\WMS-ARCOSA-NEW\\vendor\\laravel\\framework\\src\\Illuminate\\Pipeline\\Pipeline.php(183): Illuminate\\Routing\\Middleware\\SubstituteBindings->handle(Object(Illuminate\\Http\\Request), Object(Closure))
#11 C:\\Users\\luism\\OneDrive\\Documents\\Proyectos\\WMS-ARCOSA-NEW\\vendor\\laravel\\framework\\src\\Illuminate\\Pipeline\\Pipeline.php(119): Illuminate\\Pipeline\\Pipeline->Illuminate\\Pipeline\\{closure}(Object(Illuminate\\Http\\Request))
#12 C:\\Users\\luism\\OneDrive\\Documents\\Proyectos\\WMS-ARCOSA-NEW\\vendor\\laravel\\framework\\src\\Illuminate\\Routing\\Router.php(805): Illuminate\\Pipeline\\Pipeline->then(Object(Closure))
#13 C:\\Users\\luism\\OneDrive\\Documents\\Proyectos\\WMS-ARCOSA-NEW\\vendor\\laravel\\framework\\src\\Illuminate\\Routing\\Router.php(784): Illuminate\\Routing\\Router->runRouteWithinStack(Object(Illuminate\\Routing\\Route), Object(Illuminate\\Http\\Request))
#14 C:\\Users\\luism\\OneDrive\\Documents\\Proyectos\\WMS-ARCOSA-NEW\\vendor\\laravel\\framework\\src\\Illuminate\\Routing\\Router.php(748): Illuminate\\Routing\\Router->runRoute(Object(Illuminate\\Http\\Request), Object(Illuminate\\Routing\\Route))
#15 C:\\Users\\luism\\OneDrive\\Documents\\Proyectos\\WMS-ARCOSA-NEW\\vendor\\laravel\\framework\\src\\Illuminate\\Routing\\Router.php(737): Illuminate\\Routing\\Router->dispatchToRoute(Object(Illuminate\\Http\\Request))
#16 C:\\Users\\luism\\OneDrive\\Documents\\Proyectos\\WMS-ARCOSA-NEW\\vendor\\laravel\\framework\\src\\Illuminate\\Foundation\\Http\\Kernel.php(200): Illuminate\\Routing\\Router->dispatch(Object(Illuminate\\Http\\Request))
#17 C:\\Users\\luism\\OneDrive\\Documents\\Proyectos\\WMS-ARCOSA-NEW\\vendor\\laravel\\framework\\src\\Illuminate\\Pipeline\\Pipeline.php(144): Illuminate\\Foundation\\Http\\Kernel->Illuminate\\Foundation\\Http\\{closure}(Object(Illuminate\\Http\\Request))
#18 C:\\Users\\luism\\OneDrive\\Documents\\Proyectos\\WMS-ARCOSA-NEW\\vendor\\laravel\\framework\\src\\Illuminate\\Foundation\\Http\\Middleware\\TransformsRequest.php(21): Illuminate\\Pipeline\\Pipeline->Illuminate\\Pipeline\\{closure}(Object(Illuminate\\Http\\Request))
#19 C:\\Users\\luism\\OneDrive\\Documents\\Proyectos\\WMS-ARCOSA-NEW\\vendor\\laravel\\framework\\src\\Illuminate\\Foundation\\Http\\Middleware\\ConvertEmptyStringsToNull.php(31): Illuminate\\Foundation\\Http\\Middleware\\TransformsRequest->handle(Object(Illuminate\\Http\\Request), Object(Closure))
#20 C:\\Users\\luism\\OneDrive\\Documents\\Proyectos\\WMS-ARCOSA-NEW\\vendor\\laravel\\framework\\src\\Illuminate\\Pipeline\\Pipeline.php(183): Illuminate\\Foundation\\Http\\Middleware\\ConvertEmptyStringsToNull->handle(Object(Illuminate\\Http\\Request), Object(Closure))
#21 C:\\Users\\luism\\OneDrive\\Documents\\Proyectos\\WMS-ARCOSA-NEW\\vendor\\laravel\\framework\\src\\Illuminate\\Foundation\\Http\\Middleware\\TransformsRequest.php(21): Illuminate\\Pipeline\\Pipeline->Illuminate\\Pipeline\\{closure}(Object(Illuminate\\Http\\Request))
#22 C:\\Users\\luism\\OneDrive\\Documents\\Proyectos\\WMS-ARCOSA-NEW\\vendor\\laravel\\framework\\src\\Illuminate\\Foundation\\Http\\Middleware\\TrimStrings.php(51): Illuminate\\Foundation\\Http\\Middleware\\TransformsRequest->handle(Object(Illuminate\\Http\\Request), Object(Closure))
#23 C:\\Users\\luism\\OneDrive\\Documents\\Proyectos\\WMS-ARCOSA-NEW\\vendor\\laravel\\framework\\src\\Illuminate\\Pipeline\\Pipeline.php(183): Illuminate\\Foundation\\Http\\Middleware\\TrimStrings->handle(Object(Illuminate\\Http\\Request), Object(Closure))
#24 C:\\Users\\luism\\OneDrive\\Documents\\Proyectos\\WMS-ARCOSA-NEW\\vendor\\laravel\\framework\\src\\Illuminate\\Http\\Middleware\\ValidatePostSize.php(27): Illuminate\\Pipeline\\Pipeline->Illuminate\\Pipeline\\{closure}(Object(Illuminate\\Http\\Request))
#25 C:\\Users\\luism\\OneDrive\\Documents\\Proyectos\\WMS-ARCOSA-NEW\\vendor\\laravel\\framework\\src\\Illuminate\\Pipeline\\Pipeline.php(183): Illuminate\\Http\\Middleware\\ValidatePostSize->handle(Object(Illuminate\\Http\\Request), Object(Closure))
#26 C:\\Users\\luism\\OneDrive\\Documents\\Proyectos\\WMS-ARCOSA-NEW\\vendor\\laravel\\framework\\src\\Illuminate\\Foundation\\Http\\Middleware\\PreventRequestsDuringMaintenance.php(110): Illuminate\\Pipeline\\Pipeline->Illuminate\\Pipeline\\{closure}(Object(Illuminate\\Http\\Request))
#27 C:\\Users\\luism\\OneDrive\\Documents\\Proyectos\\WMS-ARCOSA-NEW\\vendor\\laravel\\framework\\src\\Illuminate\\Pipeline\\Pipeline.php(183): Illuminate\\Foundation\\Http\\Middleware\\PreventRequestsDuringMaintenance->handle(Object(Illuminate\\Http\\Request), Object(Closure))
#28 C:\\Users\\luism\\OneDrive\\Documents\\Proyectos\\WMS-ARCOSA-NEW\\vendor\\laravel\\framework\\src\\Illuminate\\Http\\Middleware\\HandleCors.php(62): Illuminate\\Pipeline\\Pipeline->Illuminate\\Pipeline\\{closure}(Object(Illuminate\\Http\\Request))
#29 C:\\Users\\luism\\OneDrive\\Documents\\Proyectos\\WMS-ARCOSA-NEW\\vendor\\laravel\\framework\\src\\Illuminate\\Pipeline\\Pipeline.php(183): Illuminate\\Http\\Middleware\\HandleCors->handle(Object(Illuminate\\Http\\Request), Object(Closure))
#30 C:\\Users\\luism\\OneDrive\\Documents\\Proyectos\\WMS-ARCOSA-NEW\\vendor\\laravel\\framework\\src\\Illuminate\\Http\\Middleware\\TrustProxies.php(57): Illuminate\\Pipeline\\Pipeline->Illuminate\\Pipeline\\{closure}(Object(Illuminate\\Http\\Request))
#31 C:\\Users\\luism\\OneDrive\\Documents\\Proyectos\\WMS-ARCOSA-NEW\\vendor\\laravel\\framework\\src\\Illuminate\\Pipeline\\Pipeline.php(183): Illuminate\\Http\\Middleware\\TrustProxies->handle(Object(Illuminate\\Http\\Request), Object(Closure))
#32 C:\\Users\\luism\\OneDrive\\Documents\\Proyectos\\WMS-ARCOSA-NEW\\vendor\\laravel\\framework\\src\\Illuminate\\Pipeline\\Pipeline.php(119): Illuminate\\Pipeline\\Pipeline->Illuminate\\Pipeline\\{closure}(Object(Illuminate\\Http\\Request))
#33 C:\\Users\\luism\\OneDrive\\Documents\\Proyectos\\WMS-ARCOSA-NEW\\vendor\\laravel\\framework\\src\\Illuminate\\Foundation\\Http\\Kernel.php(175): Illuminate\\Pipeline\\Pipeline->then(Object(Closure))
#34 C:\\Users\\luism\\OneDrive\\Documents\\Proyectos\\WMS-ARCOSA-NEW\\vendor\\laravel\\framework\\src\\Illuminate\\Foundation\\Http\\Kernel.php(144): Illuminate\\Foundation\\Http\\Kernel->sendRequestThroughRouter(Object(Illuminate\\Http\\Request))
#35 C:\\Users\\luism\\OneDrive\\Documents\\Proyectos\\WMS-ARCOSA-NEW\\vendor\\laravel\\framework\\src\\Illuminate\\Foundation\\Application.php(1183): Illuminate\\Foundation\\Http\\Kernel->handle(Object(Illuminate\\Http\\Request))
#36 C:\\Users\\luism\\OneDrive\\Documents\\Proyectos\\WMS-ARCOSA-NEW\\public\\index.php(17): Illuminate\\Foundation\\Application->handleRequest(Object(Illuminate\\Http\\Request))
#37 C:\\Users\\luism\\OneDrive\\Documents\\Proyectos\\WMS-ARCOSA-NEW\\vendor\\laravel\\framework\\src\\Illuminate\\Foundation\\resources\\server.php(16): require_once('C:\\\\Users\\\\luism\\\\...')
#38 {main}
"} 
[2024-07-25 23:09:51] local.ERROR: App\Models\User::ids_plantas must return a relationship instance. {"userId":1,"exception":"[object] (LogicException(code: 0): App\\Models\\User::ids_plantas must return a relationship instance. at C:\\Users\\luism\\OneDrive\\Documents\\Proyectos\\WMS-ARCOSA-NEW\\vendor\\laravel\\framework\\src\\Illuminate\\Database\\Eloquent\\Concerns\\HasAttributes.php:614)
[stacktrace]
#0 C:\\Users\\luism\\OneDrive\\Documents\\Proyectos\\WMS-ARCOSA-NEW\\vendor\\laravel\\framework\\src\\Illuminate\\Database\\Eloquent\\Concerns\\HasAttributes.php(557): Illuminate\\Database\\Eloquent\\Model->getRelationshipFromMethod('ids_plantas')
#1 C:\\Users\\luism\\OneDrive\\Documents\\Proyectos\\WMS-ARCOSA-NEW\\vendor\\laravel\\framework\\src\\Illuminate\\Database\\Eloquent\\Concerns\\HasAttributes.php(482): Illuminate\\Database\\Eloquent\\Model->getRelationValue('ids_plantas')
#2 C:\\Users\\luism\\OneDrive\\Documents\\Proyectos\\WMS-ARCOSA-NEW\\vendor\\laravel\\framework\\src\\Illuminate\\Database\\Eloquent\\Model.php(2232): Illuminate\\Database\\Eloquent\\Model->getAttribute('ids_plantas')
#3 C:\\Users\\luism\\OneDrive\\Documents\\Proyectos\\WMS-ARCOSA-NEW\\app\\Http\\Controllers\\AuthController.php(101): Illuminate\\Database\\Eloquent\\Model->__get('ids_plantas')
#4 C:\\Users\\luism\\OneDrive\\Documents\\Proyectos\\WMS-ARCOSA-NEW\\vendor\\laravel\\framework\\src\\Illuminate\\Routing\\ControllerDispatcher.php(46): App\\Http\\Controllers\\AuthController->login(Object(Illuminate\\Http\\Request))
#5 C:\\Users\\luism\\OneDrive\\Documents\\Proyectos\\WMS-ARCOSA-NEW\\vendor\\laravel\\framework\\src\\Illuminate\\Routing\\Route.php(260): Illuminate\\Routing\\ControllerDispatcher->dispatch(Object(Illuminate\\Routing\\Route), Object(App\\Http\\Controllers\\AuthController), 'login')
#6 C:\\Users\\luism\\OneDrive\\Documents\\Proyectos\\WMS-ARCOSA-NEW\\vendor\\laravel\\framework\\src\\Illuminate\\Routing\\Route.php(206): Illuminate\\Routing\\Route->runController()
#7 C:\\Users\\luism\\OneDrive\\Documents\\Proyectos\\WMS-ARCOSA-NEW\\vendor\\laravel\\framework\\src\\Illuminate\\Routing\\Router.php(806): Illuminate\\Routing\\Route->run()
#8 C:\\Users\\luism\\OneDrive\\Documents\\Proyectos\\WMS-ARCOSA-NEW\\vendor\\laravel\\framework\\src\\Illuminate\\Pipeline\\Pipeline.php(144): Illuminate\\Routing\\Router->Illuminate\\Routing\\{closure}(Object(Illuminate\\Http\\Request))
#9 C:\\Users\\luism\\OneDrive\\Documents\\Proyectos\\WMS-ARCOSA-NEW\\vendor\\laravel\\framework\\src\\Illuminate\\Routing\\Middleware\\SubstituteBindings.php(50): Illuminate\\Pipeline\\Pipeline->Illuminate\\Pipeline\\{closure}(Object(Illuminate\\Http\\Request))
#10 C:\\Users\\luism\\OneDrive\\Documents\\Proyectos\\WMS-ARCOSA-NEW\\vendor\\laravel\\framework\\src\\Illuminate\\Pipeline\\Pipeline.php(183): Illuminate\\Routing\\Middleware\\SubstituteBindings->handle(Object(Illuminate\\Http\\Request), Object(Closure))
#11 C:\\Users\\luism\\OneDrive\\Documents\\Proyectos\\WMS-ARCOSA-NEW\\vendor\\laravel\\framework\\src\\Illuminate\\Pipeline\\Pipeline.php(119): Illuminate\\Pipeline\\Pipeline->Illuminate\\Pipeline\\{closure}(Object(Illuminate\\Http\\Request))
#12 C:\\Users\\luism\\OneDrive\\Documents\\Proyectos\\WMS-ARCOSA-NEW\\vendor\\laravel\\framework\\src\\Illuminate\\Routing\\Router.php(805): Illuminate\\Pipeline\\Pipeline->then(Object(Closure))
#13 C:\\Users\\luism\\OneDrive\\Documents\\Proyectos\\WMS-ARCOSA-NEW\\vendor\\laravel\\framework\\src\\Illuminate\\Routing\\Router.php(784): Illuminate\\Routing\\Router->runRouteWithinStack(Object(Illuminate\\Routing\\Route), Object(Illuminate\\Http\\Request))
#14 C:\\Users\\luism\\OneDrive\\Documents\\Proyectos\\WMS-ARCOSA-NEW\\vendor\\laravel\\framework\\src\\Illuminate\\Routing\\Router.php(748): Illuminate\\Routing\\Router->runRoute(Object(Illuminate\\Http\\Request), Object(Illuminate\\Routing\\Route))
#15 C:\\Users\\luism\\OneDrive\\Documents\\Proyectos\\WMS-ARCOSA-NEW\\vendor\\laravel\\framework\\src\\Illuminate\\Routing\\Router.php(737): Illuminate\\Routing\\Router->dispatchToRoute(Object(Illuminate\\Http\\Request))
#16 C:\\Users\\luism\\OneDrive\\Documents\\Proyectos\\WMS-ARCOSA-NEW\\vendor\\laravel\\framework\\src\\Illuminate\\Foundation\\Http\\Kernel.php(200): Illuminate\\Routing\\Router->dispatch(Object(Illuminate\\Http\\Request))
#17 C:\\Users\\luism\\OneDrive\\Documents\\Proyectos\\WMS-ARCOSA-NEW\\vendor\\laravel\\framework\\src\\Illuminate\\Pipeline\\Pipeline.php(144): Illuminate\\Foundation\\Http\\Kernel->Illuminate\\Foundation\\Http\\{closure}(Object(Illuminate\\Http\\Request))
#18 C:\\Users\\luism\\OneDrive\\Documents\\Proyectos\\WMS-ARCOSA-NEW\\vendor\\laravel\\framework\\src\\Illuminate\\Foundation\\Http\\Middleware\\TransformsRequest.php(21): Illuminate\\Pipeline\\Pipeline->Illuminate\\Pipeline\\{closure}(Object(Illuminate\\Http\\Request))
#19 C:\\Users\\luism\\OneDrive\\Documents\\Proyectos\\WMS-ARCOSA-NEW\\vendor\\laravel\\framework\\src\\Illuminate\\Foundation\\Http\\Middleware\\ConvertEmptyStringsToNull.php(31): Illuminate\\Foundation\\Http\\Middleware\\TransformsRequest->handle(Object(Illuminate\\Http\\Request), Object(Closure))
#20 C:\\Users\\luism\\OneDrive\\Documents\\Proyectos\\WMS-ARCOSA-NEW\\vendor\\laravel\\framework\\src\\Illuminate\\Pipeline\\Pipeline.php(183): Illuminate\\Foundation\\Http\\Middleware\\ConvertEmptyStringsToNull->handle(Object(Illuminate\\Http\\Request), Object(Closure))
#21 C:\\Users\\luism\\OneDrive\\Documents\\Proyectos\\WMS-ARCOSA-NEW\\vendor\\laravel\\framework\\src\\Illuminate\\Foundation\\Http\\Middleware\\TransformsRequest.php(21): Illuminate\\Pipeline\\Pipeline->Illuminate\\Pipeline\\{closure}(Object(Illuminate\\Http\\Request))
#22 C:\\Users\\luism\\OneDrive\\Documents\\Proyectos\\WMS-ARCOSA-NEW\\vendor\\laravel\\framework\\src\\Illuminate\\Foundation\\Http\\Middleware\\TrimStrings.php(51): Illuminate\\Foundation\\Http\\Middleware\\TransformsRequest->handle(Object(Illuminate\\Http\\Request), Object(Closure))
#23 C:\\Users\\luism\\OneDrive\\Documents\\Proyectos\\WMS-ARCOSA-NEW\\vendor\\laravel\\framework\\src\\Illuminate\\Pipeline\\Pipeline.php(183): Illuminate\\Foundation\\Http\\Middleware\\TrimStrings->handle(Object(Illuminate\\Http\\Request), Object(Closure))
#24 C:\\Users\\luism\\OneDrive\\Documents\\Proyectos\\WMS-ARCOSA-NEW\\vendor\\laravel\\framework\\src\\Illuminate\\Http\\Middleware\\ValidatePostSize.php(27): Illuminate\\Pipeline\\Pipeline->Illuminate\\Pipeline\\{closure}(Object(Illuminate\\Http\\Request))
#25 C:\\Users\\luism\\OneDrive\\Documents\\Proyectos\\WMS-ARCOSA-NEW\\vendor\\laravel\\framework\\src\\Illuminate\\Pipeline\\Pipeline.php(183): Illuminate\\Http\\Middleware\\ValidatePostSize->handle(Object(Illuminate\\Http\\Request), Object(Closure))
#26 C:\\Users\\luism\\OneDrive\\Documents\\Proyectos\\WMS-ARCOSA-NEW\\vendor\\laravel\\framework\\src\\Illuminate\\Foundation\\Http\\Middleware\\PreventRequestsDuringMaintenance.php(110): Illuminate\\Pipeline\\Pipeline->Illuminate\\Pipeline\\{closure}(Object(Illuminate\\Http\\Request))
#27 C:\\Users\\luism\\OneDrive\\Documents\\Proyectos\\WMS-ARCOSA-NEW\\vendor\\laravel\\framework\\src\\Illuminate\\Pipeline\\Pipeline.php(183): Illuminate\\Foundation\\Http\\Middleware\\PreventRequestsDuringMaintenance->handle(Object(Illuminate\\Http\\Request), Object(Closure))
#28 C:\\Users\\luism\\OneDrive\\Documents\\Proyectos\\WMS-ARCOSA-NEW\\vendor\\laravel\\framework\\src\\Illuminate\\Http\\Middleware\\HandleCors.php(62): Illuminate\\Pipeline\\Pipeline->Illuminate\\Pipeline\\{closure}(Object(Illuminate\\Http\\Request))
#29 C:\\Users\\luism\\OneDrive\\Documents\\Proyectos\\WMS-ARCOSA-NEW\\vendor\\laravel\\framework\\src\\Illuminate\\Pipeline\\Pipeline.php(183): Illuminate\\Http\\Middleware\\HandleCors->handle(Object(Illuminate\\Http\\Request), Object(Closure))
#30 C:\\Users\\luism\\OneDrive\\Documents\\Proyectos\\WMS-ARCOSA-NEW\\vendor\\laravel\\framework\\src\\Illuminate\\Http\\Middleware\\TrustProxies.php(57): Illuminate\\Pipeline\\Pipeline->Illuminate\\Pipeline\\{closure}(Object(Illuminate\\Http\\Request))
#31 C:\\Users\\luism\\OneDrive\\Documents\\Proyectos\\WMS-ARCOSA-NEW\\vendor\\laravel\\framework\\src\\Illuminate\\Pipeline\\Pipeline.php(183): Illuminate\\Http\\Middleware\\TrustProxies->handle(Object(Illuminate\\Http\\Request), Object(Closure))
#32 C:\\Users\\luism\\OneDrive\\Documents\\Proyectos\\WMS-ARCOSA-NEW\\vendor\\laravel\\framework\\src\\Illuminate\\Pipeline\\Pipeline.php(119): Illuminate\\Pipeline\\Pipeline->Illuminate\\Pipeline\\{closure}(Object(Illuminate\\Http\\Request))
#33 C:\\Users\\luism\\OneDrive\\Documents\\Proyectos\\WMS-ARCOSA-NEW\\vendor\\laravel\\framework\\src\\Illuminate\\Foundation\\Http\\Kernel.php(175): Illuminate\\Pipeline\\Pipeline->then(Object(Closure))
#34 C:\\Users\\luism\\OneDrive\\Documents\\Proyectos\\WMS-ARCOSA-NEW\\vendor\\laravel\\framework\\src\\Illuminate\\Foundation\\Http\\Kernel.php(144): Illuminate\\Foundation\\Http\\Kernel->sendRequestThroughRouter(Object(Illuminate\\Http\\Request))
#35 C:\\Users\\luism\\OneDrive\\Documents\\Proyectos\\WMS-ARCOSA-NEW\\vendor\\laravel\\framework\\src\\Illuminate\\Foundation\\Application.php(1183): Illuminate\\Foundation\\Http\\Kernel->handle(Object(Illuminate\\Http\\Request))
#36 C:\\Users\\luism\\OneDrive\\Documents\\Proyectos\\WMS-ARCOSA-NEW\\public\\index.php(17): Illuminate\\Foundation\\Application->handleRequest(Object(Illuminate\\Http\\Request))
#37 C:\\Users\\luism\\OneDrive\\Documents\\Proyectos\\WMS-ARCOSA-NEW\\vendor\\laravel\\framework\\src\\Illuminate\\Foundation\\resources\\server.php(16): require_once('C:\\\\Users\\\\luism\\\\...')
#38 {main}
"} 
[2024-07-25 23:10:27] local.ERROR: App\Models\User::ids_plantas must return a relationship instance. {"userId":1,"exception":"[object] (LogicException(code: 0): App\\Models\\User::ids_plantas must return a relationship instance. at C:\\Users\\luism\\OneDrive\\Documents\\Proyectos\\WMS-ARCOSA-NEW\\vendor\\laravel\\framework\\src\\Illuminate\\Database\\Eloquent\\Concerns\\HasAttributes.php:614)
[stacktrace]
#0 C:\\Users\\luism\\OneDrive\\Documents\\Proyectos\\WMS-ARCOSA-NEW\\vendor\\laravel\\framework\\src\\Illuminate\\Database\\Eloquent\\Concerns\\HasAttributes.php(557): Illuminate\\Database\\Eloquent\\Model->getRelationshipFromMethod('ids_plantas')
#1 C:\\Users\\luism\\OneDrive\\Documents\\Proyectos\\WMS-ARCOSA-NEW\\vendor\\laravel\\framework\\src\\Illuminate\\Database\\Eloquent\\Concerns\\HasAttributes.php(482): Illuminate\\Database\\Eloquent\\Model->getRelationValue('ids_plantas')
#2 C:\\Users\\luism\\OneDrive\\Documents\\Proyectos\\WMS-ARCOSA-NEW\\vendor\\laravel\\framework\\src\\Illuminate\\Database\\Eloquent\\Model.php(2232): Illuminate\\Database\\Eloquent\\Model->getAttribute('ids_plantas')
#3 C:\\Users\\luism\\OneDrive\\Documents\\Proyectos\\WMS-ARCOSA-NEW\\app\\Http\\Controllers\\AuthController.php(101): Illuminate\\Database\\Eloquent\\Model->__get('ids_plantas')
#4 C:\\Users\\luism\\OneDrive\\Documents\\Proyectos\\WMS-ARCOSA-NEW\\vendor\\laravel\\framework\\src\\Illuminate\\Routing\\ControllerDispatcher.php(46): App\\Http\\Controllers\\AuthController->login(Object(Illuminate\\Http\\Request))
#5 C:\\Users\\luism\\OneDrive\\Documents\\Proyectos\\WMS-ARCOSA-NEW\\vendor\\laravel\\framework\\src\\Illuminate\\Routing\\Route.php(260): Illuminate\\Routing\\ControllerDispatcher->dispatch(Object(Illuminate\\Routing\\Route), Object(App\\Http\\Controllers\\AuthController), 'login')
#6 C:\\Users\\luism\\OneDrive\\Documents\\Proyectos\\WMS-ARCOSA-NEW\\vendor\\laravel\\framework\\src\\Illuminate\\Routing\\Route.php(206): Illuminate\\Routing\\Route->runController()
#7 C:\\Users\\luism\\OneDrive\\Documents\\Proyectos\\WMS-ARCOSA-NEW\\vendor\\laravel\\framework\\src\\Illuminate\\Routing\\Router.php(806): Illuminate\\Routing\\Route->run()
#8 C:\\Users\\luism\\OneDrive\\Documents\\Proyectos\\WMS-ARCOSA-NEW\\vendor\\laravel\\framework\\src\\Illuminate\\Pipeline\\Pipeline.php(144): Illuminate\\Routing\\Router->Illuminate\\Routing\\{closure}(Object(Illuminate\\Http\\Request))
#9 C:\\Users\\luism\\OneDrive\\Documents\\Proyectos\\WMS-ARCOSA-NEW\\vendor\\laravel\\framework\\src\\Illuminate\\Routing\\Middleware\\SubstituteBindings.php(50): Illuminate\\Pipeline\\Pipeline->Illuminate\\Pipeline\\{closure}(Object(Illuminate\\Http\\Request))
#10 C:\\Users\\luism\\OneDrive\\Documents\\Proyectos\\WMS-ARCOSA-NEW\\vendor\\laravel\\framework\\src\\Illuminate\\Pipeline\\Pipeline.php(183): Illuminate\\Routing\\Middleware\\SubstituteBindings->handle(Object(Illuminate\\Http\\Request), Object(Closure))
#11 C:\\Users\\luism\\OneDrive\\Documents\\Proyectos\\WMS-ARCOSA-NEW\\vendor\\laravel\\framework\\src\\Illuminate\\Pipeline\\Pipeline.php(119): Illuminate\\Pipeline\\Pipeline->Illuminate\\Pipeline\\{closure}(Object(Illuminate\\Http\\Request))
#12 C:\\Users\\luism\\OneDrive\\Documents\\Proyectos\\WMS-ARCOSA-NEW\\vendor\\laravel\\framework\\src\\Illuminate\\Routing\\Router.php(805): Illuminate\\Pipeline\\Pipeline->then(Object(Closure))
#13 C:\\Users\\luism\\OneDrive\\Documents\\Proyectos\\WMS-ARCOSA-NEW\\vendor\\laravel\\framework\\src\\Illuminate\\Routing\\Router.php(784): Illuminate\\Routing\\Router->runRouteWithinStack(Object(Illuminate\\Routing\\Route), Object(Illuminate\\Http\\Request))
#14 C:\\Users\\luism\\OneDrive\\Documents\\Proyectos\\WMS-ARCOSA-NEW\\vendor\\laravel\\framework\\src\\Illuminate\\Routing\\Router.php(748): Illuminate\\Routing\\Router->runRoute(Object(Illuminate\\Http\\Request), Object(Illuminate\\Routing\\Route))
#15 C:\\Users\\luism\\OneDrive\\Documents\\Proyectos\\WMS-ARCOSA-NEW\\vendor\\laravel\\framework\\src\\Illuminate\\Routing\\Router.php(737): Illuminate\\Routing\\Router->dispatchToRoute(Object(Illuminate\\Http\\Request))
#16 C:\\Users\\luism\\OneDrive\\Documents\\Proyectos\\WMS-ARCOSA-NEW\\vendor\\laravel\\framework\\src\\Illuminate\\Foundation\\Http\\Kernel.php(200): Illuminate\\Routing\\Router->dispatch(Object(Illuminate\\Http\\Request))
#17 C:\\Users\\luism\\OneDrive\\Documents\\Proyectos\\WMS-ARCOSA-NEW\\vendor\\laravel\\framework\\src\\Illuminate\\Pipeline\\Pipeline.php(144): Illuminate\\Foundation\\Http\\Kernel->Illuminate\\Foundation\\Http\\{closure}(Object(Illuminate\\Http\\Request))
#18 C:\\Users\\luism\\OneDrive\\Documents\\Proyectos\\WMS-ARCOSA-NEW\\vendor\\laravel\\framework\\src\\Illuminate\\Foundation\\Http\\Middleware\\TransformsRequest.php(21): Illuminate\\Pipeline\\Pipeline->Illuminate\\Pipeline\\{closure}(Object(Illuminate\\Http\\Request))
#19 C:\\Users\\luism\\OneDrive\\Documents\\Proyectos\\WMS-ARCOSA-NEW\\vendor\\laravel\\framework\\src\\Illuminate\\Foundation\\Http\\Middleware\\ConvertEmptyStringsToNull.php(31): Illuminate\\Foundation\\Http\\Middleware\\TransformsRequest->handle(Object(Illuminate\\Http\\Request), Object(Closure))
#20 C:\\Users\\luism\\OneDrive\\Documents\\Proyectos\\WMS-ARCOSA-NEW\\vendor\\laravel\\framework\\src\\Illuminate\\Pipeline\\Pipeline.php(183): Illuminate\\Foundation\\Http\\Middleware\\ConvertEmptyStringsToNull->handle(Object(Illuminate\\Http\\Request), Object(Closure))
#21 C:\\Users\\luism\\OneDrive\\Documents\\Proyectos\\WMS-ARCOSA-NEW\\vendor\\laravel\\framework\\src\\Illuminate\\Foundation\\Http\\Middleware\\TransformsRequest.php(21): Illuminate\\Pipeline\\Pipeline->Illuminate\\Pipeline\\{closure}(Object(Illuminate\\Http\\Request))
#22 C:\\Users\\luism\\OneDrive\\Documents\\Proyectos\\WMS-ARCOSA-NEW\\vendor\\laravel\\framework\\src\\Illuminate\\Foundation\\Http\\Middleware\\TrimStrings.php(51): Illuminate\\Foundation\\Http\\Middleware\\TransformsRequest->handle(Object(Illuminate\\Http\\Request), Object(Closure))
#23 C:\\Users\\luism\\OneDrive\\Documents\\Proyectos\\WMS-ARCOSA-NEW\\vendor\\laravel\\framework\\src\\Illuminate\\Pipeline\\Pipeline.php(183): Illuminate\\Foundation\\Http\\Middleware\\TrimStrings->handle(Object(Illuminate\\Http\\Request), Object(Closure))
#24 C:\\Users\\luism\\OneDrive\\Documents\\Proyectos\\WMS-ARCOSA-NEW\\vendor\\laravel\\framework\\src\\Illuminate\\Http\\Middleware\\ValidatePostSize.php(27): Illuminate\\Pipeline\\Pipeline->Illuminate\\Pipeline\\{closure}(Object(Illuminate\\Http\\Request))
#25 C:\\Users\\luism\\OneDrive\\Documents\\Proyectos\\WMS-ARCOSA-NEW\\vendor\\laravel\\framework\\src\\Illuminate\\Pipeline\\Pipeline.php(183): Illuminate\\Http\\Middleware\\ValidatePostSize->handle(Object(Illuminate\\Http\\Request), Object(Closure))
#26 C:\\Users\\luism\\OneDrive\\Documents\\Proyectos\\WMS-ARCOSA-NEW\\vendor\\laravel\\framework\\src\\Illuminate\\Foundation\\Http\\Middleware\\PreventRequestsDuringMaintenance.php(110): Illuminate\\Pipeline\\Pipeline->Illuminate\\Pipeline\\{closure}(Object(Illuminate\\Http\\Request))
#27 C:\\Users\\luism\\OneDrive\\Documents\\Proyectos\\WMS-ARCOSA-NEW\\vendor\\laravel\\framework\\src\\Illuminate\\Pipeline\\Pipeline.php(183): Illuminate\\Foundation\\Http\\Middleware\\PreventRequestsDuringMaintenance->handle(Object(Illuminate\\Http\\Request), Object(Closure))
#28 C:\\Users\\luism\\OneDrive\\Documents\\Proyectos\\WMS-ARCOSA-NEW\\vendor\\laravel\\framework\\src\\Illuminate\\Http\\Middleware\\HandleCors.php(62): Illuminate\\Pipeline\\Pipeline->Illuminate\\Pipeline\\{closure}(Object(Illuminate\\Http\\Request))
#29 C:\\Users\\luism\\OneDrive\\Documents\\Proyectos\\WMS-ARCOSA-NEW\\vendor\\laravel\\framework\\src\\Illuminate\\Pipeline\\Pipeline.php(183): Illuminate\\Http\\Middleware\\HandleCors->handle(Object(Illuminate\\Http\\Request), Object(Closure))
#30 C:\\Users\\luism\\OneDrive\\Documents\\Proyectos\\WMS-ARCOSA-NEW\\vendor\\laravel\\framework\\src\\Illuminate\\Http\\Middleware\\TrustProxies.php(57): Illuminate\\Pipeline\\Pipeline->Illuminate\\Pipeline\\{closure}(Object(Illuminate\\Http\\Request))
#31 C:\\Users\\luism\\OneDrive\\Documents\\Proyectos\\WMS-ARCOSA-NEW\\vendor\\laravel\\framework\\src\\Illuminate\\Pipeline\\Pipeline.php(183): Illuminate\\Http\\Middleware\\TrustProxies->handle(Object(Illuminate\\Http\\Request), Object(Closure))
#32 C:\\Users\\luism\\OneDrive\\Documents\\Proyectos\\WMS-ARCOSA-NEW\\vendor\\laravel\\framework\\src\\Illuminate\\Pipeline\\Pipeline.php(119): Illuminate\\Pipeline\\Pipeline->Illuminate\\Pipeline\\{closure}(Object(Illuminate\\Http\\Request))
#33 C:\\Users\\luism\\OneDrive\\Documents\\Proyectos\\WMS-ARCOSA-NEW\\vendor\\laravel\\framework\\src\\Illuminate\\Foundation\\Http\\Kernel.php(175): Illuminate\\Pipeline\\Pipeline->then(Object(Closure))
#34 C:\\Users\\luism\\OneDrive\\Documents\\Proyectos\\WMS-ARCOSA-NEW\\vendor\\laravel\\framework\\src\\Illuminate\\Foundation\\Http\\Kernel.php(144): Illuminate\\Foundation\\Http\\Kernel->sendRequestThroughRouter(Object(Illuminate\\Http\\Request))
#35 C:\\Users\\luism\\OneDrive\\Documents\\Proyectos\\WMS-ARCOSA-NEW\\vendor\\laravel\\framework\\src\\Illuminate\\Foundation\\Application.php(1183): Illuminate\\Foundation\\Http\\Kernel->handle(Object(Illuminate\\Http\\Request))
#36 C:\\Users\\luism\\OneDrive\\Documents\\Proyectos\\WMS-ARCOSA-NEW\\public\\index.php(17): Illuminate\\Foundation\\Application->handleRequest(Object(Illuminate\\Http\\Request))
#37 C:\\Users\\luism\\OneDrive\\Documents\\Proyectos\\WMS-ARCOSA-NEW\\vendor\\laravel\\framework\\src\\Illuminate\\Foundation\\resources\\server.php(16): require_once('C:\\\\Users\\\\luism\\\\...')
#38 {main}
"} 
[2024-07-25 23:53:55] local.ERROR: App\Models\User::getIdsPlantas must return a relationship instance. {"userId":1,"exception":"[object] (LogicException(code: 0): App\\Models\\User::getIdsPlantas must return a relationship instance. at C:\\Users\\luism\\OneDrive\\Documents\\Proyectos\\WMS-ARCOSA-NEW\\vendor\\laravel\\framework\\src\\Illuminate\\Database\\Eloquent\\Concerns\\HasAttributes.php:614)
[stacktrace]
#0 C:\\Users\\luism\\OneDrive\\Documents\\Proyectos\\WMS-ARCOSA-NEW\\vendor\\laravel\\framework\\src\\Illuminate\\Database\\Eloquent\\Concerns\\HasAttributes.php(557): Illuminate\\Database\\Eloquent\\Model->getRelationshipFromMethod('getIdsPlantas')
#1 C:\\Users\\luism\\OneDrive\\Documents\\Proyectos\\WMS-ARCOSA-NEW\\vendor\\laravel\\framework\\src\\Illuminate\\Database\\Eloquent\\Concerns\\HasAttributes.php(482): Illuminate\\Database\\Eloquent\\Model->getRelationValue('getIdsPlantas')
#2 C:\\Users\\luism\\OneDrive\\Documents\\Proyectos\\WMS-ARCOSA-NEW\\vendor\\laravel\\framework\\src\\Illuminate\\Database\\Eloquent\\Model.php(2232): Illuminate\\Database\\Eloquent\\Model->getAttribute('getIdsPlantas')
#3 C:\\Users\\luism\\OneDrive\\Documents\\Proyectos\\WMS-ARCOSA-NEW\\app\\Http\\Controllers\\AuthController.php(101): Illuminate\\Database\\Eloquent\\Model->__get('getIdsPlantas')
#4 C:\\Users\\luism\\OneDrive\\Documents\\Proyectos\\WMS-ARCOSA-NEW\\vendor\\laravel\\framework\\src\\Illuminate\\Routing\\ControllerDispatcher.php(46): App\\Http\\Controllers\\AuthController->login(Object(Illuminate\\Http\\Request))
#5 C:\\Users\\luism\\OneDrive\\Documents\\Proyectos\\WMS-ARCOSA-NEW\\vendor\\laravel\\framework\\src\\Illuminate\\Routing\\Route.php(260): Illuminate\\Routing\\ControllerDispatcher->dispatch(Object(Illuminate\\Routing\\Route), Object(App\\Http\\Controllers\\AuthController), 'login')
#6 C:\\Users\\luism\\OneDrive\\Documents\\Proyectos\\WMS-ARCOSA-NEW\\vendor\\laravel\\framework\\src\\Illuminate\\Routing\\Route.php(206): Illuminate\\Routing\\Route->runController()
#7 C:\\Users\\luism\\OneDrive\\Documents\\Proyectos\\WMS-ARCOSA-NEW\\vendor\\laravel\\framework\\src\\Illuminate\\Routing\\Router.php(806): Illuminate\\Routing\\Route->run()
#8 C:\\Users\\luism\\OneDrive\\Documents\\Proyectos\\WMS-ARCOSA-NEW\\vendor\\laravel\\framework\\src\\Illuminate\\Pipeline\\Pipeline.php(144): Illuminate\\Routing\\Router->Illuminate\\Routing\\{closure}(Object(Illuminate\\Http\\Request))
#9 C:\\Users\\luism\\OneDrive\\Documents\\Proyectos\\WMS-ARCOSA-NEW\\vendor\\laravel\\framework\\src\\Illuminate\\Routing\\Middleware\\SubstituteBindings.php(50): Illuminate\\Pipeline\\Pipeline->Illuminate\\Pipeline\\{closure}(Object(Illuminate\\Http\\Request))
#10 C:\\Users\\luism\\OneDrive\\Documents\\Proyectos\\WMS-ARCOSA-NEW\\vendor\\laravel\\framework\\src\\Illuminate\\Pipeline\\Pipeline.php(183): Illuminate\\Routing\\Middleware\\SubstituteBindings->handle(Object(Illuminate\\Http\\Request), Object(Closure))
#11 C:\\Users\\luism\\OneDrive\\Documents\\Proyectos\\WMS-ARCOSA-NEW\\vendor\\laravel\\framework\\src\\Illuminate\\Pipeline\\Pipeline.php(119): Illuminate\\Pipeline\\Pipeline->Illuminate\\Pipeline\\{closure}(Object(Illuminate\\Http\\Request))
#12 C:\\Users\\luism\\OneDrive\\Documents\\Proyectos\\WMS-ARCOSA-NEW\\vendor\\laravel\\framework\\src\\Illuminate\\Routing\\Router.php(805): Illuminate\\Pipeline\\Pipeline->then(Object(Closure))
#13 C:\\Users\\luism\\OneDrive\\Documents\\Proyectos\\WMS-ARCOSA-NEW\\vendor\\laravel\\framework\\src\\Illuminate\\Routing\\Router.php(784): Illuminate\\Routing\\Router->runRouteWithinStack(Object(Illuminate\\Routing\\Route), Object(Illuminate\\Http\\Request))
#14 C:\\Users\\luism\\OneDrive\\Documents\\Proyectos\\WMS-ARCOSA-NEW\\vendor\\laravel\\framework\\src\\Illuminate\\Routing\\Router.php(748): Illuminate\\Routing\\Router->runRoute(Object(Illuminate\\Http\\Request), Object(Illuminate\\Routing\\Route))
#15 C:\\Users\\luism\\OneDrive\\Documents\\Proyectos\\WMS-ARCOSA-NEW\\vendor\\laravel\\framework\\src\\Illuminate\\Routing\\Router.php(737): Illuminate\\Routing\\Router->dispatchToRoute(Object(Illuminate\\Http\\Request))
#16 C:\\Users\\luism\\OneDrive\\Documents\\Proyectos\\WMS-ARCOSA-NEW\\vendor\\laravel\\framework\\src\\Illuminate\\Foundation\\Http\\Kernel.php(200): Illuminate\\Routing\\Router->dispatch(Object(Illuminate\\Http\\Request))
#17 C:\\Users\\luism\\OneDrive\\Documents\\Proyectos\\WMS-ARCOSA-NEW\\vendor\\laravel\\framework\\src\\Illuminate\\Pipeline\\Pipeline.php(144): Illuminate\\Foundation\\Http\\Kernel->Illuminate\\Foundation\\Http\\{closure}(Object(Illuminate\\Http\\Request))
#18 C:\\Users\\luism\\OneDrive\\Documents\\Proyectos\\WMS-ARCOSA-NEW\\vendor\\laravel\\framework\\src\\Illuminate\\Foundation\\Http\\Middleware\\TransformsRequest.php(21): Illuminate\\Pipeline\\Pipeline->Illuminate\\Pipeline\\{closure}(Object(Illuminate\\Http\\Request))
#19 C:\\Users\\luism\\OneDrive\\Documents\\Proyectos\\WMS-ARCOSA-NEW\\vendor\\laravel\\framework\\src\\Illuminate\\Foundation\\Http\\Middleware\\ConvertEmptyStringsToNull.php(31): Illuminate\\Foundation\\Http\\Middleware\\TransformsRequest->handle(Object(Illuminate\\Http\\Request), Object(Closure))
#20 C:\\Users\\luism\\OneDrive\\Documents\\Proyectos\\WMS-ARCOSA-NEW\\vendor\\laravel\\framework\\src\\Illuminate\\Pipeline\\Pipeline.php(183): Illuminate\\Foundation\\Http\\Middleware\\ConvertEmptyStringsToNull->handle(Object(Illuminate\\Http\\Request), Object(Closure))
#21 C:\\Users\\luism\\OneDrive\\Documents\\Proyectos\\WMS-ARCOSA-NEW\\vendor\\laravel\\framework\\src\\Illuminate\\Foundation\\Http\\Middleware\\TransformsRequest.php(21): Illuminate\\Pipeline\\Pipeline->Illuminate\\Pipeline\\{closure}(Object(Illuminate\\Http\\Request))
#22 C:\\Users\\luism\\OneDrive\\Documents\\Proyectos\\WMS-ARCOSA-NEW\\vendor\\laravel\\framework\\src\\Illuminate\\Foundation\\Http\\Middleware\\TrimStrings.php(51): Illuminate\\Foundation\\Http\\Middleware\\TransformsRequest->handle(Object(Illuminate\\Http\\Request), Object(Closure))
#23 C:\\Users\\luism\\OneDrive\\Documents\\Proyectos\\WMS-ARCOSA-NEW\\vendor\\laravel\\framework\\src\\Illuminate\\Pipeline\\Pipeline.php(183): Illuminate\\Foundation\\Http\\Middleware\\TrimStrings->handle(Object(Illuminate\\Http\\Request), Object(Closure))
#24 C:\\Users\\luism\\OneDrive\\Documents\\Proyectos\\WMS-ARCOSA-NEW\\vendor\\laravel\\framework\\src\\Illuminate\\Http\\Middleware\\ValidatePostSize.php(27): Illuminate\\Pipeline\\Pipeline->Illuminate\\Pipeline\\{closure}(Object(Illuminate\\Http\\Request))
#25 C:\\Users\\luism\\OneDrive\\Documents\\Proyectos\\WMS-ARCOSA-NEW\\vendor\\laravel\\framework\\src\\Illuminate\\Pipeline\\Pipeline.php(183): Illuminate\\Http\\Middleware\\ValidatePostSize->handle(Object(Illuminate\\Http\\Request), Object(Closure))
#26 C:\\Users\\luism\\OneDrive\\Documents\\Proyectos\\WMS-ARCOSA-NEW\\vendor\\laravel\\framework\\src\\Illuminate\\Foundation\\Http\\Middleware\\PreventRequestsDuringMaintenance.php(110): Illuminate\\Pipeline\\Pipeline->Illuminate\\Pipeline\\{closure}(Object(Illuminate\\Http\\Request))
#27 C:\\Users\\luism\\OneDrive\\Documents\\Proyectos\\WMS-ARCOSA-NEW\\vendor\\laravel\\framework\\src\\Illuminate\\Pipeline\\Pipeline.php(183): Illuminate\\Foundation\\Http\\Middleware\\PreventRequestsDuringMaintenance->handle(Object(Illuminate\\Http\\Request), Object(Closure))
#28 C:\\Users\\luism\\OneDrive\\Documents\\Proyectos\\WMS-ARCOSA-NEW\\vendor\\laravel\\framework\\src\\Illuminate\\Http\\Middleware\\HandleCors.php(62): Illuminate\\Pipeline\\Pipeline->Illuminate\\Pipeline\\{closure}(Object(Illuminate\\Http\\Request))
#29 C:\\Users\\luism\\OneDrive\\Documents\\Proyectos\\WMS-ARCOSA-NEW\\vendor\\laravel\\framework\\src\\Illuminate\\Pipeline\\Pipeline.php(183): Illuminate\\Http\\Middleware\\HandleCors->handle(Object(Illuminate\\Http\\Request), Object(Closure))
#30 C:\\Users\\luism\\OneDrive\\Documents\\Proyectos\\WMS-ARCOSA-NEW\\vendor\\laravel\\framework\\src\\Illuminate\\Http\\Middleware\\TrustProxies.php(57): Illuminate\\Pipeline\\Pipeline->Illuminate\\Pipeline\\{closure}(Object(Illuminate\\Http\\Request))
#31 C:\\Users\\luism\\OneDrive\\Documents\\Proyectos\\WMS-ARCOSA-NEW\\vendor\\laravel\\framework\\src\\Illuminate\\Pipeline\\Pipeline.php(183): Illuminate\\Http\\Middleware\\TrustProxies->handle(Object(Illuminate\\Http\\Request), Object(Closure))
#32 C:\\Users\\luism\\OneDrive\\Documents\\Proyectos\\WMS-ARCOSA-NEW\\vendor\\laravel\\framework\\src\\Illuminate\\Pipeline\\Pipeline.php(119): Illuminate\\Pipeline\\Pipeline->Illuminate\\Pipeline\\{closure}(Object(Illuminate\\Http\\Request))
#33 C:\\Users\\luism\\OneDrive\\Documents\\Proyectos\\WMS-ARCOSA-NEW\\vendor\\laravel\\framework\\src\\Illuminate\\Foundation\\Http\\Kernel.php(175): Illuminate\\Pipeline\\Pipeline->then(Object(Closure))
#34 C:\\Users\\luism\\OneDrive\\Documents\\Proyectos\\WMS-ARCOSA-NEW\\vendor\\laravel\\framework\\src\\Illuminate\\Foundation\\Http\\Kernel.php(144): Illuminate\\Foundation\\Http\\Kernel->sendRequestThroughRouter(Object(Illuminate\\Http\\Request))
#35 C:\\Users\\luism\\OneDrive\\Documents\\Proyectos\\WMS-ARCOSA-NEW\\vendor\\laravel\\framework\\src\\Illuminate\\Foundation\\Application.php(1183): Illuminate\\Foundation\\Http\\Kernel->handle(Object(Illuminate\\Http\\Request))
#36 C:\\Users\\luism\\OneDrive\\Documents\\Proyectos\\WMS-ARCOSA-NEW\\public\\index.php(17): Illuminate\\Foundation\\Application->handleRequest(Object(Illuminate\\Http\\Request))
#37 C:\\Users\\luism\\OneDrive\\Documents\\Proyectos\\WMS-ARCOSA-NEW\\vendor\\laravel\\framework\\src\\Illuminate\\Foundation\\resources\\server.php(16): require_once('C:\\\\Users\\\\luism\\\\...')
#38 {main}
"} 
[2024-07-26 15:17:12] local.ERROR: Vite manifest not found at: C:\Users\luism\OneDrive\Documents\Proyectos\WMS-ARCOSA-NEW\public\build/manifest.json {"view":{"view":"C:\\Users\\luism\\OneDrive\\Documents\\Proyectos\\WMS-ARCOSA-NEW\\resources\\views\\application.blade.php","data":{"errors":"<pre class=sf-dump id=sf-dump-722633659 data-indent-pad=\"  \"><span class=sf-dump-note>Illuminate\\Support\\ViewErrorBag</span> {<a class=sf-dump-ref>#318</a><samp data-depth=1 class=sf-dump-expanded>
  #<span class=sf-dump-protected title=\"Protected property\">bags</span>: []
</samp>}
</pre><script>Sfdump(\"sf-dump-722633659\", {\"maxDepth\":3,\"maxStringLength\":160})</script>
"}},"exception":"[object] (Spatie\\LaravelIgnition\\Exceptions\\ViewException(code: 0): Vite manifest not found at: C:\\Users\\luism\\OneDrive\\Documents\\Proyectos\\WMS-ARCOSA-NEW\\public\\build/manifest.json at C:\\Users\\luism\\OneDrive\\Documents\\Proyectos\\WMS-ARCOSA-NEW\\vendor\\laravel\\framework\\src\\Illuminate\\Foundation\\Vite.php:728)
[stacktrace]
#0 C:\\Users\\luism\\OneDrive\\Documents\\Proyectos\\WMS-ARCOSA-NEW\\vendor\\laravel\\framework\\src\\Illuminate\\Foundation\\Vite.php(293): Illuminate\\Foundation\\Vite->manifest('build')
#1 C:\\Users\\luism\\OneDrive\\Documents\\Proyectos\\WMS-ARCOSA-NEW\\resources\\views\\application.blade.php(10): Illuminate\\Foundation\\Vite->__invoke(Object(Illuminate\\Support\\Collection))
#2 C:\\Users\\luism\\OneDrive\\Documents\\Proyectos\\WMS-ARCOSA-NEW\\vendor\\laravel\\framework\\src\\Illuminate\\Filesystem\\Filesystem.php(123): require('C:\\\\Users\\\\luism\\\\...')
#3 C:\\Users\\luism\\OneDrive\\Documents\\Proyectos\\WMS-ARCOSA-NEW\\vendor\\laravel\\framework\\src\\Illuminate\\Filesystem\\Filesystem.php(124): Illuminate\\Filesystem\\Filesystem::Illuminate\\Filesystem\\{closure}()
#4 C:\\Users\\luism\\OneDrive\\Documents\\Proyectos\\WMS-ARCOSA-NEW\\vendor\\laravel\\framework\\src\\Illuminate\\View\\Engines\\PhpEngine.php(58): Illuminate\\Filesystem\\Filesystem->getRequire('C:\\\\Users\\\\luism\\\\...', Array)
#5 C:\\Users\\luism\\OneDrive\\Documents\\Proyectos\\WMS-ARCOSA-NEW\\vendor\\laravel\\framework\\src\\Illuminate\\View\\Engines\\CompilerEngine.php(73): Illuminate\\View\\Engines\\PhpEngine->evaluatePath('C:\\\\Users\\\\luism\\\\...', Array)
#6 C:\\Users\\luism\\OneDrive\\Documents\\Proyectos\\WMS-ARCOSA-NEW\\vendor\\laravel\\framework\\src\\Illuminate\\View\\View.php(208): Illuminate\\View\\Engines\\CompilerEngine->get('C:\\\\Users\\\\luism\\\\...', Array)
#7 C:\\Users\\luism\\OneDrive\\Documents\\Proyectos\\WMS-ARCOSA-NEW\\vendor\\laravel\\framework\\src\\Illuminate\\View\\View.php(191): Illuminate\\View\\View->getContents()
#8 C:\\Users\\luism\\OneDrive\\Documents\\Proyectos\\WMS-ARCOSA-NEW\\vendor\\laravel\\framework\\src\\Illuminate\\View\\View.php(160): Illuminate\\View\\View->renderContents()
#9 C:\\Users\\luism\\OneDrive\\Documents\\Proyectos\\WMS-ARCOSA-NEW\\vendor\\laravel\\framework\\src\\Illuminate\\Http\\Response.php(70): Illuminate\\View\\View->render()
#10 C:\\Users\\luism\\OneDrive\\Documents\\Proyectos\\WMS-ARCOSA-NEW\\vendor\\laravel\\framework\\src\\Illuminate\\Http\\Response.php(35): Illuminate\\Http\\Response->setContent(Object(Illuminate\\View\\View))
#11 C:\\Users\\luism\\OneDrive\\Documents\\Proyectos\\WMS-ARCOSA-NEW\\vendor\\laravel\\framework\\src\\Illuminate\\Routing\\Router.php(918): Illuminate\\Http\\Response->__construct(Object(Illuminate\\View\\View), 200, Array)
#12 C:\\Users\\luism\\OneDrive\\Documents\\Proyectos\\WMS-ARCOSA-NEW\\vendor\\laravel\\framework\\src\\Illuminate\\Routing\\Router.php(885): Illuminate\\Routing\\Router::toResponse(Object(Illuminate\\Http\\Request), Object(Illuminate\\View\\View))
#13 C:\\Users\\luism\\OneDrive\\Documents\\Proyectos\\WMS-ARCOSA-NEW\\vendor\\laravel\\framework\\src\\Illuminate\\Routing\\Router.php(805): Illuminate\\Routing\\Router->prepareResponse(Object(Illuminate\\Http\\Request), Object(Illuminate\\View\\View))
#14 C:\\Users\\luism\\OneDrive\\Documents\\Proyectos\\WMS-ARCOSA-NEW\\vendor\\laravel\\framework\\src\\Illuminate\\Pipeline\\Pipeline.php(144): Illuminate\\Routing\\Router->Illuminate\\Routing\\{closure}(Object(Illuminate\\Http\\Request))
#15 C:\\Users\\luism\\OneDrive\\Documents\\Proyectos\\WMS-ARCOSA-NEW\\vendor\\laravel\\framework\\src\\Illuminate\\Routing\\Middleware\\SubstituteBindings.php(50): Illuminate\\Pipeline\\Pipeline->Illuminate\\Pipeline\\{closure}(Object(Illuminate\\Http\\Request))
#16 C:\\Users\\luism\\OneDrive\\Documents\\Proyectos\\WMS-ARCOSA-NEW\\vendor\\laravel\\framework\\src\\Illuminate\\Pipeline\\Pipeline.php(183): Illuminate\\Routing\\Middleware\\SubstituteBindings->handle(Object(Illuminate\\Http\\Request), Object(Closure))
#17 C:\\Users\\luism\\OneDrive\\Documents\\Proyectos\\WMS-ARCOSA-NEW\\vendor\\laravel\\framework\\src\\Illuminate\\Foundation\\Http\\Middleware\\VerifyCsrfToken.php(88): Illuminate\\Pipeline\\Pipeline->Illuminate\\Pipeline\\{closure}(Object(Illuminate\\Http\\Request))
#18 C:\\Users\\luism\\OneDrive\\Documents\\Proyectos\\WMS-ARCOSA-NEW\\vendor\\laravel\\framework\\src\\Illuminate\\Pipeline\\Pipeline.php(183): Illuminate\\Foundation\\Http\\Middleware\\VerifyCsrfToken->handle(Object(Illuminate\\Http\\Request), Object(Closure))
#19 C:\\Users\\luism\\OneDrive\\Documents\\Proyectos\\WMS-ARCOSA-NEW\\vendor\\laravel\\framework\\src\\Illuminate\\View\\Middleware\\ShareErrorsFromSession.php(49): Illuminate\\Pipeline\\Pipeline->Illuminate\\Pipeline\\{closure}(Object(Illuminate\\Http\\Request))
#20 C:\\Users\\luism\\OneDrive\\Documents\\Proyectos\\WMS-ARCOSA-NEW\\vendor\\laravel\\framework\\src\\Illuminate\\Pipeline\\Pipeline.php(183): Illuminate\\View\\Middleware\\ShareErrorsFromSession->handle(Object(Illuminate\\Http\\Request), Object(Closure))
#21 C:\\Users\\luism\\OneDrive\\Documents\\Proyectos\\WMS-ARCOSA-NEW\\vendor\\laravel\\framework\\src\\Illuminate\\Session\\Middleware\\StartSession.php(121): Illuminate\\Pipeline\\Pipeline->Illuminate\\Pipeline\\{closure}(Object(Illuminate\\Http\\Request))
#22 C:\\Users\\luism\\OneDrive\\Documents\\Proyectos\\WMS-ARCOSA-NEW\\vendor\\laravel\\framework\\src\\Illuminate\\Session\\Middleware\\StartSession.php(64): Illuminate\\Session\\Middleware\\StartSession->handleStatefulRequest(Object(Illuminate\\Http\\Request), Object(Illuminate\\Session\\Store), Object(Closure))
#23 C:\\Users\\luism\\OneDrive\\Documents\\Proyectos\\WMS-ARCOSA-NEW\\vendor\\laravel\\framework\\src\\Illuminate\\Pipeline\\Pipeline.php(183): Illuminate\\Session\\Middleware\\StartSession->handle(Object(Illuminate\\Http\\Request), Object(Closure))
#24 C:\\Users\\luism\\OneDrive\\Documents\\Proyectos\\WMS-ARCOSA-NEW\\vendor\\laravel\\framework\\src\\Illuminate\\Cookie\\Middleware\\AddQueuedCookiesToResponse.php(37): Illuminate\\Pipeline\\Pipeline->Illuminate\\Pipeline\\{closure}(Object(Illuminate\\Http\\Request))
#25 C:\\Users\\luism\\OneDrive\\Documents\\Proyectos\\WMS-ARCOSA-NEW\\vendor\\laravel\\framework\\src\\Illuminate\\Pipeline\\Pipeline.php(183): Illuminate\\Cookie\\Middleware\\AddQueuedCookiesToResponse->handle(Object(Illuminate\\Http\\Request), Object(Closure))
#26 C:\\Users\\luism\\OneDrive\\Documents\\Proyectos\\WMS-ARCOSA-NEW\\vendor\\laravel\\framework\\src\\Illuminate\\Cookie\\Middleware\\EncryptCookies.php(75): Illuminate\\Pipeline\\Pipeline->Illuminate\\Pipeline\\{closure}(Object(Illuminate\\Http\\Request))
#27 C:\\Users\\luism\\OneDrive\\Documents\\Proyectos\\WMS-ARCOSA-NEW\\vendor\\laravel\\framework\\src\\Illuminate\\Pipeline\\Pipeline.php(183): Illuminate\\Cookie\\Middleware\\EncryptCookies->handle(Object(Illuminate\\Http\\Request), Object(Closure))
#28 C:\\Users\\luism\\OneDrive\\Documents\\Proyectos\\WMS-ARCOSA-NEW\\vendor\\laravel\\framework\\src\\Illuminate\\Pipeline\\Pipeline.php(119): Illuminate\\Pipeline\\Pipeline->Illuminate\\Pipeline\\{closure}(Object(Illuminate\\Http\\Request))
#29 C:\\Users\\luism\\OneDrive\\Documents\\Proyectos\\WMS-ARCOSA-NEW\\vendor\\laravel\\framework\\src\\Illuminate\\Routing\\Router.php(805): Illuminate\\Pipeline\\Pipeline->then(Object(Closure))
#30 C:\\Users\\luism\\OneDrive\\Documents\\Proyectos\\WMS-ARCOSA-NEW\\vendor\\laravel\\framework\\src\\Illuminate\\Routing\\Router.php(784): Illuminate\\Routing\\Router->runRouteWithinStack(Object(Illuminate\\Routing\\Route), Object(Illuminate\\Http\\Request))
#31 C:\\Users\\luism\\OneDrive\\Documents\\Proyectos\\WMS-ARCOSA-NEW\\vendor\\laravel\\framework\\src\\Illuminate\\Routing\\Router.php(748): Illuminate\\Routing\\Router->runRoute(Object(Illuminate\\Http\\Request), Object(Illuminate\\Routing\\Route))
#32 C:\\Users\\luism\\OneDrive\\Documents\\Proyectos\\WMS-ARCOSA-NEW\\vendor\\laravel\\framework\\src\\Illuminate\\Routing\\Router.php(737): Illuminate\\Routing\\Router->dispatchToRoute(Object(Illuminate\\Http\\Request))
#33 C:\\Users\\luism\\OneDrive\\Documents\\Proyectos\\WMS-ARCOSA-NEW\\vendor\\laravel\\framework\\src\\Illuminate\\Foundation\\Http\\Kernel.php(200): Illuminate\\Routing\\Router->dispatch(Object(Illuminate\\Http\\Request))
#34 C:\\Users\\luism\\OneDrive\\Documents\\Proyectos\\WMS-ARCOSA-NEW\\vendor\\laravel\\framework\\src\\Illuminate\\Pipeline\\Pipeline.php(144): Illuminate\\Foundation\\Http\\Kernel->Illuminate\\Foundation\\Http\\{closure}(Object(Illuminate\\Http\\Request))
#35 C:\\Users\\luism\\OneDrive\\Documents\\Proyectos\\WMS-ARCOSA-NEW\\vendor\\laravel\\framework\\src\\Illuminate\\Foundation\\Http\\Middleware\\TransformsRequest.php(21): Illuminate\\Pipeline\\Pipeline->Illuminate\\Pipeline\\{closure}(Object(Illuminate\\Http\\Request))
#36 C:\\Users\\luism\\OneDrive\\Documents\\Proyectos\\WMS-ARCOSA-NEW\\vendor\\laravel\\framework\\src\\Illuminate\\Foundation\\Http\\Middleware\\ConvertEmptyStringsToNull.php(31): Illuminate\\Foundation\\Http\\Middleware\\TransformsRequest->handle(Object(Illuminate\\Http\\Request), Object(Closure))
#37 C:\\Users\\luism\\OneDrive\\Documents\\Proyectos\\WMS-ARCOSA-NEW\\vendor\\laravel\\framework\\src\\Illuminate\\Pipeline\\Pipeline.php(183): Illuminate\\Foundation\\Http\\Middleware\\ConvertEmptyStringsToNull->handle(Object(Illuminate\\Http\\Request), Object(Closure))
#38 C:\\Users\\luism\\OneDrive\\Documents\\Proyectos\\WMS-ARCOSA-NEW\\vendor\\laravel\\framework\\src\\Illuminate\\Foundation\\Http\\Middleware\\TransformsRequest.php(21): Illuminate\\Pipeline\\Pipeline->Illuminate\\Pipeline\\{closure}(Object(Illuminate\\Http\\Request))
#39 C:\\Users\\luism\\OneDrive\\Documents\\Proyectos\\WMS-ARCOSA-NEW\\vendor\\laravel\\framework\\src\\Illuminate\\Foundation\\Http\\Middleware\\TrimStrings.php(51): Illuminate\\Foundation\\Http\\Middleware\\TransformsRequest->handle(Object(Illuminate\\Http\\Request), Object(Closure))
#40 C:\\Users\\luism\\OneDrive\\Documents\\Proyectos\\WMS-ARCOSA-NEW\\vendor\\laravel\\framework\\src\\Illuminate\\Pipeline\\Pipeline.php(183): Illuminate\\Foundation\\Http\\Middleware\\TrimStrings->handle(Object(Illuminate\\Http\\Request), Object(Closure))
#41 C:\\Users\\luism\\OneDrive\\Documents\\Proyectos\\WMS-ARCOSA-NEW\\vendor\\laravel\\framework\\src\\Illuminate\\Http\\Middleware\\ValidatePostSize.php(27): Illuminate\\Pipeline\\Pipeline->Illuminate\\Pipeline\\{closure}(Object(Illuminate\\Http\\Request))
#42 C:\\Users\\luism\\OneDrive\\Documents\\Proyectos\\WMS-ARCOSA-NEW\\vendor\\laravel\\framework\\src\\Illuminate\\Pipeline\\Pipeline.php(183): Illuminate\\Http\\Middleware\\ValidatePostSize->handle(Object(Illuminate\\Http\\Request), Object(Closure))
#43 C:\\Users\\luism\\OneDrive\\Documents\\Proyectos\\WMS-ARCOSA-NEW\\vendor\\laravel\\framework\\src\\Illuminate\\Foundation\\Http\\Middleware\\PreventRequestsDuringMaintenance.php(110): Illuminate\\Pipeline\\Pipeline->Illuminate\\Pipeline\\{closure}(Object(Illuminate\\Http\\Request))
#44 C:\\Users\\luism\\OneDrive\\Documents\\Proyectos\\WMS-ARCOSA-NEW\\vendor\\laravel\\framework\\src\\Illuminate\\Pipeline\\Pipeline.php(183): Illuminate\\Foundation\\Http\\Middleware\\PreventRequestsDuringMaintenance->handle(Object(Illuminate\\Http\\Request), Object(Closure))
#45 C:\\Users\\luism\\OneDrive\\Documents\\Proyectos\\WMS-ARCOSA-NEW\\vendor\\laravel\\framework\\src\\Illuminate\\Http\\Middleware\\HandleCors.php(62): Illuminate\\Pipeline\\Pipeline->Illuminate\\Pipeline\\{closure}(Object(Illuminate\\Http\\Request))
#46 C:\\Users\\luism\\OneDrive\\Documents\\Proyectos\\WMS-ARCOSA-NEW\\vendor\\laravel\\framework\\src\\Illuminate\\Pipeline\\Pipeline.php(183): Illuminate\\Http\\Middleware\\HandleCors->handle(Object(Illuminate\\Http\\Request), Object(Closure))
#47 C:\\Users\\luism\\OneDrive\\Documents\\Proyectos\\WMS-ARCOSA-NEW\\vendor\\laravel\\framework\\src\\Illuminate\\Http\\Middleware\\TrustProxies.php(57): Illuminate\\Pipeline\\Pipeline->Illuminate\\Pipeline\\{closure}(Object(Illuminate\\Http\\Request))
#48 C:\\Users\\luism\\OneDrive\\Documents\\Proyectos\\WMS-ARCOSA-NEW\\vendor\\laravel\\framework\\src\\Illuminate\\Pipeline\\Pipeline.php(183): Illuminate\\Http\\Middleware\\TrustProxies->handle(Object(Illuminate\\Http\\Request), Object(Closure))
#49 C:\\Users\\luism\\OneDrive\\Documents\\Proyectos\\WMS-ARCOSA-NEW\\vendor\\laravel\\framework\\src\\Illuminate\\Pipeline\\Pipeline.php(119): Illuminate\\Pipeline\\Pipeline->Illuminate\\Pipeline\\{closure}(Object(Illuminate\\Http\\Request))
#50 C:\\Users\\luism\\OneDrive\\Documents\\Proyectos\\WMS-ARCOSA-NEW\\vendor\\laravel\\framework\\src\\Illuminate\\Foundation\\Http\\Kernel.php(175): Illuminate\\Pipeline\\Pipeline->then(Object(Closure))
#51 C:\\Users\\luism\\OneDrive\\Documents\\Proyectos\\WMS-ARCOSA-NEW\\vendor\\laravel\\framework\\src\\Illuminate\\Foundation\\Http\\Kernel.php(144): Illuminate\\Foundation\\Http\\Kernel->sendRequestThroughRouter(Object(Illuminate\\Http\\Request))
#52 C:\\Users\\luism\\OneDrive\\Documents\\Proyectos\\WMS-ARCOSA-NEW\\vendor\\laravel\\framework\\src\\Illuminate\\Foundation\\Application.php(1183): Illuminate\\Foundation\\Http\\Kernel->handle(Object(Illuminate\\Http\\Request))
#53 C:\\Users\\luism\\OneDrive\\Documents\\Proyectos\\WMS-ARCOSA-NEW\\public\\index.php(17): Illuminate\\Foundation\\Application->handleRequest(Object(Illuminate\\Http\\Request))
#54 C:\\Users\\luism\\OneDrive\\Documents\\Proyectos\\WMS-ARCOSA-NEW\\vendor\\laravel\\framework\\src\\Illuminate\\Foundation\\resources\\server.php(16): require_once('C:\\\\Users\\\\luism\\\\...')
#55 {main}

[previous exception] [object] (Illuminate\\Foundation\\ViteManifestNotFoundException(code: 0): Vite manifest not found at: C:\\Users\\luism\\OneDrive\\Documents\\Proyectos\\WMS-ARCOSA-NEW\\public\\build/manifest.json at C:\\Users\\luism\\OneDrive\\Documents\\Proyectos\\WMS-ARCOSA-NEW\\vendor\\laravel\\framework\\src\\Illuminate\\Foundation\\Vite.php:728)
[stacktrace]
#0 C:\\Users\\luism\\OneDrive\\Documents\\Proyectos\\WMS-ARCOSA-NEW\\vendor\\laravel\\framework\\src\\Illuminate\\Foundation\\Vite.php(293): Illuminate\\Foundation\\Vite->manifest('build')
#1 C:\\Users\\luism\\OneDrive\\Documents\\Proyectos\\WMS-ARCOSA-NEW\\storage\\framework\\views\\bbc96e7076f5cff04a5ce0e0821c40ea.php(10): Illuminate\\Foundation\\Vite->__invoke(Object(Illuminate\\Support\\Collection))
#2 C:\\Users\\luism\\OneDrive\\Documents\\Proyectos\\WMS-ARCOSA-NEW\\vendor\\laravel\\framework\\src\\Illuminate\\Filesystem\\Filesystem.php(123): require('C:\\\\Users\\\\luism\\\\...')
#3 C:\\Users\\luism\\OneDrive\\Documents\\Proyectos\\WMS-ARCOSA-NEW\\vendor\\laravel\\framework\\src\\Illuminate\\Filesystem\\Filesystem.php(124): Illuminate\\Filesystem\\Filesystem::Illuminate\\Filesystem\\{closure}()
#4 C:\\Users\\luism\\OneDrive\\Documents\\Proyectos\\WMS-ARCOSA-NEW\\vendor\\laravel\\framework\\src\\Illuminate\\View\\Engines\\PhpEngine.php(58): Illuminate\\Filesystem\\Filesystem->getRequire('C:\\\\Users\\\\luism\\\\...', Array)
#5 C:\\Users\\luism\\OneDrive\\Documents\\Proyectos\\WMS-ARCOSA-NEW\\vendor\\laravel\\framework\\src\\Illuminate\\View\\Engines\\CompilerEngine.php(73): Illuminate\\View\\Engines\\PhpEngine->evaluatePath('C:\\\\Users\\\\luism\\\\...', Array)
#6 C:\\Users\\luism\\OneDrive\\Documents\\Proyectos\\WMS-ARCOSA-NEW\\vendor\\laravel\\framework\\src\\Illuminate\\View\\View.php(208): Illuminate\\View\\Engines\\CompilerEngine->get('C:\\\\Users\\\\luism\\\\...', Array)
#7 C:\\Users\\luism\\OneDrive\\Documents\\Proyectos\\WMS-ARCOSA-NEW\\vendor\\laravel\\framework\\src\\Illuminate\\View\\View.php(191): Illuminate\\View\\View->getContents()
#8 C:\\Users\\luism\\OneDrive\\Documents\\Proyectos\\WMS-ARCOSA-NEW\\vendor\\laravel\\framework\\src\\Illuminate\\View\\View.php(160): Illuminate\\View\\View->renderContents()
#9 C:\\Users\\luism\\OneDrive\\Documents\\Proyectos\\WMS-ARCOSA-NEW\\vendor\\laravel\\framework\\src\\Illuminate\\Http\\Response.php(70): Illuminate\\View\\View->render()
#10 C:\\Users\\luism\\OneDrive\\Documents\\Proyectos\\WMS-ARCOSA-NEW\\vendor\\laravel\\framework\\src\\Illuminate\\Http\\Response.php(35): Illuminate\\Http\\Response->setContent(Object(Illuminate\\View\\View))
#11 C:\\Users\\luism\\OneDrive\\Documents\\Proyectos\\WMS-ARCOSA-NEW\\vendor\\laravel\\framework\\src\\Illuminate\\Routing\\Router.php(918): Illuminate\\Http\\Response->__construct(Object(Illuminate\\View\\View), 200, Array)
#12 C:\\Users\\luism\\OneDrive\\Documents\\Proyectos\\WMS-ARCOSA-NEW\\vendor\\laravel\\framework\\src\\Illuminate\\Routing\\Router.php(885): Illuminate\\Routing\\Router::toResponse(Object(Illuminate\\Http\\Request), Object(Illuminate\\View\\View))
#13 C:\\Users\\luism\\OneDrive\\Documents\\Proyectos\\WMS-ARCOSA-NEW\\vendor\\laravel\\framework\\src\\Illuminate\\Routing\\Router.php(805): Illuminate\\Routing\\Router->prepareResponse(Object(Illuminate\\Http\\Request), Object(Illuminate\\View\\View))
#14 C:\\Users\\luism\\OneDrive\\Documents\\Proyectos\\WMS-ARCOSA-NEW\\vendor\\laravel\\framework\\src\\Illuminate\\Pipeline\\Pipeline.php(144): Illuminate\\Routing\\Router->Illuminate\\Routing\\{closure}(Object(Illuminate\\Http\\Request))
#15 C:\\Users\\luism\\OneDrive\\Documents\\Proyectos\\WMS-ARCOSA-NEW\\vendor\\laravel\\framework\\src\\Illuminate\\Routing\\Middleware\\SubstituteBindings.php(50): Illuminate\\Pipeline\\Pipeline->Illuminate\\Pipeline\\{closure}(Object(Illuminate\\Http\\Request))
#16 C:\\Users\\luism\\OneDrive\\Documents\\Proyectos\\WMS-ARCOSA-NEW\\vendor\\laravel\\framework\\src\\Illuminate\\Pipeline\\Pipeline.php(183): Illuminate\\Routing\\Middleware\\SubstituteBindings->handle(Object(Illuminate\\Http\\Request), Object(Closure))
#17 C:\\Users\\luism\\OneDrive\\Documents\\Proyectos\\WMS-ARCOSA-NEW\\vendor\\laravel\\framework\\src\\Illuminate\\Foundation\\Http\\Middleware\\VerifyCsrfToken.php(88): Illuminate\\Pipeline\\Pipeline->Illuminate\\Pipeline\\{closure}(Object(Illuminate\\Http\\Request))
#18 C:\\Users\\luism\\OneDrive\\Documents\\Proyectos\\WMS-ARCOSA-NEW\\vendor\\laravel\\framework\\src\\Illuminate\\Pipeline\\Pipeline.php(183): Illuminate\\Foundation\\Http\\Middleware\\VerifyCsrfToken->handle(Object(Illuminate\\Http\\Request), Object(Closure))
#19 C:\\Users\\luism\\OneDrive\\Documents\\Proyectos\\WMS-ARCOSA-NEW\\vendor\\laravel\\framework\\src\\Illuminate\\View\\Middleware\\ShareErrorsFromSession.php(49): Illuminate\\Pipeline\\Pipeline->Illuminate\\Pipeline\\{closure}(Object(Illuminate\\Http\\Request))
#20 C:\\Users\\luism\\OneDrive\\Documents\\Proyectos\\WMS-ARCOSA-NEW\\vendor\\laravel\\framework\\src\\Illuminate\\Pipeline\\Pipeline.php(183): Illuminate\\View\\Middleware\\ShareErrorsFromSession->handle(Object(Illuminate\\Http\\Request), Object(Closure))
#21 C:\\Users\\luism\\OneDrive\\Documents\\Proyectos\\WMS-ARCOSA-NEW\\vendor\\laravel\\framework\\src\\Illuminate\\Session\\Middleware\\StartSession.php(121): Illuminate\\Pipeline\\Pipeline->Illuminate\\Pipeline\\{closure}(Object(Illuminate\\Http\\Request))
#22 C:\\Users\\luism\\OneDrive\\Documents\\Proyectos\\WMS-ARCOSA-NEW\\vendor\\laravel\\framework\\src\\Illuminate\\Session\\Middleware\\StartSession.php(64): Illuminate\\Session\\Middleware\\StartSession->handleStatefulRequest(Object(Illuminate\\Http\\Request), Object(Illuminate\\Session\\Store), Object(Closure))
#23 C:\\Users\\luism\\OneDrive\\Documents\\Proyectos\\WMS-ARCOSA-NEW\\vendor\\laravel\\framework\\src\\Illuminate\\Pipeline\\Pipeline.php(183): Illuminate\\Session\\Middleware\\StartSession->handle(Object(Illuminate\\Http\\Request), Object(Closure))
#24 C:\\Users\\luism\\OneDrive\\Documents\\Proyectos\\WMS-ARCOSA-NEW\\vendor\\laravel\\framework\\src\\Illuminate\\Cookie\\Middleware\\AddQueuedCookiesToResponse.php(37): Illuminate\\Pipeline\\Pipeline->Illuminate\\Pipeline\\{closure}(Object(Illuminate\\Http\\Request))
#25 C:\\Users\\luism\\OneDrive\\Documents\\Proyectos\\WMS-ARCOSA-NEW\\vendor\\laravel\\framework\\src\\Illuminate\\Pipeline\\Pipeline.php(183): Illuminate\\Cookie\\Middleware\\AddQueuedCookiesToResponse->handle(Object(Illuminate\\Http\\Request), Object(Closure))
#26 C:\\Users\\luism\\OneDrive\\Documents\\Proyectos\\WMS-ARCOSA-NEW\\vendor\\laravel\\framework\\src\\Illuminate\\Cookie\\Middleware\\EncryptCookies.php(75): Illuminate\\Pipeline\\Pipeline->Illuminate\\Pipeline\\{closure}(Object(Illuminate\\Http\\Request))
#27 C:\\Users\\luism\\OneDrive\\Documents\\Proyectos\\WMS-ARCOSA-NEW\\vendor\\laravel\\framework\\src\\Illuminate\\Pipeline\\Pipeline.php(183): Illuminate\\Cookie\\Middleware\\EncryptCookies->handle(Object(Illuminate\\Http\\Request), Object(Closure))
#28 C:\\Users\\luism\\OneDrive\\Documents\\Proyectos\\WMS-ARCOSA-NEW\\vendor\\laravel\\framework\\src\\Illuminate\\Pipeline\\Pipeline.php(119): Illuminate\\Pipeline\\Pipeline->Illuminate\\Pipeline\\{closure}(Object(Illuminate\\Http\\Request))
#29 C:\\Users\\luism\\OneDrive\\Documents\\Proyectos\\WMS-ARCOSA-NEW\\vendor\\laravel\\framework\\src\\Illuminate\\Routing\\Router.php(805): Illuminate\\Pipeline\\Pipeline->then(Object(Closure))
#30 C:\\Users\\luism\\OneDrive\\Documents\\Proyectos\\WMS-ARCOSA-NEW\\vendor\\laravel\\framework\\src\\Illuminate\\Routing\\Router.php(784): Illuminate\\Routing\\Router->runRouteWithinStack(Object(Illuminate\\Routing\\Route), Object(Illuminate\\Http\\Request))
#31 C:\\Users\\luism\\OneDrive\\Documents\\Proyectos\\WMS-ARCOSA-NEW\\vendor\\laravel\\framework\\src\\Illuminate\\Routing\\Router.php(748): Illuminate\\Routing\\Router->runRoute(Object(Illuminate\\Http\\Request), Object(Illuminate\\Routing\\Route))
#32 C:\\Users\\luism\\OneDrive\\Documents\\Proyectos\\WMS-ARCOSA-NEW\\vendor\\laravel\\framework\\src\\Illuminate\\Routing\\Router.php(737): Illuminate\\Routing\\Router->dispatchToRoute(Object(Illuminate\\Http\\Request))
#33 C:\\Users\\luism\\OneDrive\\Documents\\Proyectos\\WMS-ARCOSA-NEW\\vendor\\laravel\\framework\\src\\Illuminate\\Foundation\\Http\\Kernel.php(200): Illuminate\\Routing\\Router->dispatch(Object(Illuminate\\Http\\Request))
#34 C:\\Users\\luism\\OneDrive\\Documents\\Proyectos\\WMS-ARCOSA-NEW\\vendor\\laravel\\framework\\src\\Illuminate\\Pipeline\\Pipeline.php(144): Illuminate\\Foundation\\Http\\Kernel->Illuminate\\Foundation\\Http\\{closure}(Object(Illuminate\\Http\\Request))
#35 C:\\Users\\luism\\OneDrive\\Documents\\Proyectos\\WMS-ARCOSA-NEW\\vendor\\laravel\\framework\\src\\Illuminate\\Foundation\\Http\\Middleware\\TransformsRequest.php(21): Illuminate\\Pipeline\\Pipeline->Illuminate\\Pipeline\\{closure}(Object(Illuminate\\Http\\Request))
#36 C:\\Users\\luism\\OneDrive\\Documents\\Proyectos\\WMS-ARCOSA-NEW\\vendor\\laravel\\framework\\src\\Illuminate\\Foundation\\Http\\Middleware\\ConvertEmptyStringsToNull.php(31): Illuminate\\Foundation\\Http\\Middleware\\TransformsRequest->handle(Object(Illuminate\\Http\\Request), Object(Closure))
#37 C:\\Users\\luism\\OneDrive\\Documents\\Proyectos\\WMS-ARCOSA-NEW\\vendor\\laravel\\framework\\src\\Illuminate\\Pipeline\\Pipeline.php(183): Illuminate\\Foundation\\Http\\Middleware\\ConvertEmptyStringsToNull->handle(Object(Illuminate\\Http\\Request), Object(Closure))
#38 C:\\Users\\luism\\OneDrive\\Documents\\Proyectos\\WMS-ARCOSA-NEW\\vendor\\laravel\\framework\\src\\Illuminate\\Foundation\\Http\\Middleware\\TransformsRequest.php(21): Illuminate\\Pipeline\\Pipeline->Illuminate\\Pipeline\\{closure}(Object(Illuminate\\Http\\Request))
#39 C:\\Users\\luism\\OneDrive\\Documents\\Proyectos\\WMS-ARCOSA-NEW\\vendor\\laravel\\framework\\src\\Illuminate\\Foundation\\Http\\Middleware\\TrimStrings.php(51): Illuminate\\Foundation\\Http\\Middleware\\TransformsRequest->handle(Object(Illuminate\\Http\\Request), Object(Closure))
#40 C:\\Users\\luism\\OneDrive\\Documents\\Proyectos\\WMS-ARCOSA-NEW\\vendor\\laravel\\framework\\src\\Illuminate\\Pipeline\\Pipeline.php(183): Illuminate\\Foundation\\Http\\Middleware\\TrimStrings->handle(Object(Illuminate\\Http\\Request), Object(Closure))
#41 C:\\Users\\luism\\OneDrive\\Documents\\Proyectos\\WMS-ARCOSA-NEW\\vendor\\laravel\\framework\\src\\Illuminate\\Http\\Middleware\\ValidatePostSize.php(27): Illuminate\\Pipeline\\Pipeline->Illuminate\\Pipeline\\{closure}(Object(Illuminate\\Http\\Request))
#42 C:\\Users\\luism\\OneDrive\\Documents\\Proyectos\\WMS-ARCOSA-NEW\\vendor\\laravel\\framework\\src\\Illuminate\\Pipeline\\Pipeline.php(183): Illuminate\\Http\\Middleware\\ValidatePostSize->handle(Object(Illuminate\\Http\\Request), Object(Closure))
#43 C:\\Users\\luism\\OneDrive\\Documents\\Proyectos\\WMS-ARCOSA-NEW\\vendor\\laravel\\framework\\src\\Illuminate\\Foundation\\Http\\Middleware\\PreventRequestsDuringMaintenance.php(110): Illuminate\\Pipeline\\Pipeline->Illuminate\\Pipeline\\{closure}(Object(Illuminate\\Http\\Request))
#44 C:\\Users\\luism\\OneDrive\\Documents\\Proyectos\\WMS-ARCOSA-NEW\\vendor\\laravel\\framework\\src\\Illuminate\\Pipeline\\Pipeline.php(183): Illuminate\\Foundation\\Http\\Middleware\\PreventRequestsDuringMaintenance->handle(Object(Illuminate\\Http\\Request), Object(Closure))
#45 C:\\Users\\luism\\OneDrive\\Documents\\Proyectos\\WMS-ARCOSA-NEW\\vendor\\laravel\\framework\\src\\Illuminate\\Http\\Middleware\\HandleCors.php(62): Illuminate\\Pipeline\\Pipeline->Illuminate\\Pipeline\\{closure}(Object(Illuminate\\Http\\Request))
#46 C:\\Users\\luism\\OneDrive\\Documents\\Proyectos\\WMS-ARCOSA-NEW\\vendor\\laravel\\framework\\src\\Illuminate\\Pipeline\\Pipeline.php(183): Illuminate\\Http\\Middleware\\HandleCors->handle(Object(Illuminate\\Http\\Request), Object(Closure))
#47 C:\\Users\\luism\\OneDrive\\Documents\\Proyectos\\WMS-ARCOSA-NEW\\vendor\\laravel\\framework\\src\\Illuminate\\Http\\Middleware\\TrustProxies.php(57): Illuminate\\Pipeline\\Pipeline->Illuminate\\Pipeline\\{closure}(Object(Illuminate\\Http\\Request))
#48 C:\\Users\\luism\\OneDrive\\Documents\\Proyectos\\WMS-ARCOSA-NEW\\vendor\\laravel\\framework\\src\\Illuminate\\Pipeline\\Pipeline.php(183): Illuminate\\Http\\Middleware\\TrustProxies->handle(Object(Illuminate\\Http\\Request), Object(Closure))
#49 C:\\Users\\luism\\OneDrive\\Documents\\Proyectos\\WMS-ARCOSA-NEW\\vendor\\laravel\\framework\\src\\Illuminate\\Pipeline\\Pipeline.php(119): Illuminate\\Pipeline\\Pipeline->Illuminate\\Pipeline\\{closure}(Object(Illuminate\\Http\\Request))
#50 C:\\Users\\luism\\OneDrive\\Documents\\Proyectos\\WMS-ARCOSA-NEW\\vendor\\laravel\\framework\\src\\Illuminate\\Foundation\\Http\\Kernel.php(175): Illuminate\\Pipeline\\Pipeline->then(Object(Closure))
#51 C:\\Users\\luism\\OneDrive\\Documents\\Proyectos\\WMS-ARCOSA-NEW\\vendor\\laravel\\framework\\src\\Illuminate\\Foundation\\Http\\Kernel.php(144): Illuminate\\Foundation\\Http\\Kernel->sendRequestThroughRouter(Object(Illuminate\\Http\\Request))
#52 C:\\Users\\luism\\OneDrive\\Documents\\Proyectos\\WMS-ARCOSA-NEW\\vendor\\laravel\\framework\\src\\Illuminate\\Foundation\\Application.php(1183): Illuminate\\Foundation\\Http\\Kernel->handle(Object(Illuminate\\Http\\Request))
#53 C:\\Users\\luism\\OneDrive\\Documents\\Proyectos\\WMS-ARCOSA-NEW\\public\\index.php(17): Illuminate\\Foundation\\Application->handleRequest(Object(Illuminate\\Http\\Request))
#54 C:\\Users\\luism\\OneDrive\\Documents\\Proyectos\\WMS-ARCOSA-NEW\\vendor\\laravel\\framework\\src\\Illuminate\\Foundation\\resources\\server.php(16): require_once('C:\\\\Users\\\\luism\\\\...')
#55 {main}
"} 
[2024-07-26 15:17:14] local.ERROR: Vite manifest not found at: C:\Users\luism\OneDrive\Documents\Proyectos\WMS-ARCOSA-NEW\public\build/manifest.json {"view":{"view":"C:\\Users\\luism\\OneDrive\\Documents\\Proyectos\\WMS-ARCOSA-NEW\\resources\\views\\application.blade.php","data":{"errors":"<pre class=sf-dump id=sf-dump-440110275 data-indent-pad=\"  \"><span class=sf-dump-note>Illuminate\\Support\\ViewErrorBag</span> {<a class=sf-dump-ref>#318</a><samp data-depth=1 class=sf-dump-expanded>
  #<span class=sf-dump-protected title=\"Protected property\">bags</span>: []
</samp>}
</pre><script>Sfdump(\"sf-dump-440110275\", {\"maxDepth\":3,\"maxStringLength\":160})</script>
"}},"exception":"[object] (Spatie\\LaravelIgnition\\Exceptions\\ViewException(code: 0): Vite manifest not found at: C:\\Users\\luism\\OneDrive\\Documents\\Proyectos\\WMS-ARCOSA-NEW\\public\\build/manifest.json at C:\\Users\\luism\\OneDrive\\Documents\\Proyectos\\WMS-ARCOSA-NEW\\vendor\\laravel\\framework\\src\\Illuminate\\Foundation\\Vite.php:728)
[stacktrace]
#0 C:\\Users\\luism\\OneDrive\\Documents\\Proyectos\\WMS-ARCOSA-NEW\\vendor\\laravel\\framework\\src\\Illuminate\\Foundation\\Vite.php(293): Illuminate\\Foundation\\Vite->manifest('build')
#1 C:\\Users\\luism\\OneDrive\\Documents\\Proyectos\\WMS-ARCOSA-NEW\\resources\\views\\application.blade.php(10): Illuminate\\Foundation\\Vite->__invoke(Object(Illuminate\\Support\\Collection))
#2 C:\\Users\\luism\\OneDrive\\Documents\\Proyectos\\WMS-ARCOSA-NEW\\vendor\\laravel\\framework\\src\\Illuminate\\Filesystem\\Filesystem.php(123): require('C:\\\\Users\\\\luism\\\\...')
#3 C:\\Users\\luism\\OneDrive\\Documents\\Proyectos\\WMS-ARCOSA-NEW\\vendor\\laravel\\framework\\src\\Illuminate\\Filesystem\\Filesystem.php(124): Illuminate\\Filesystem\\Filesystem::Illuminate\\Filesystem\\{closure}()
#4 C:\\Users\\luism\\OneDrive\\Documents\\Proyectos\\WMS-ARCOSA-NEW\\vendor\\laravel\\framework\\src\\Illuminate\\View\\Engines\\PhpEngine.php(58): Illuminate\\Filesystem\\Filesystem->getRequire('C:\\\\Users\\\\luism\\\\...', Array)
#5 C:\\Users\\luism\\OneDrive\\Documents\\Proyectos\\WMS-ARCOSA-NEW\\vendor\\laravel\\framework\\src\\Illuminate\\View\\Engines\\CompilerEngine.php(73): Illuminate\\View\\Engines\\PhpEngine->evaluatePath('C:\\\\Users\\\\luism\\\\...', Array)
#6 C:\\Users\\luism\\OneDrive\\Documents\\Proyectos\\WMS-ARCOSA-NEW\\vendor\\laravel\\framework\\src\\Illuminate\\View\\View.php(208): Illuminate\\View\\Engines\\CompilerEngine->get('C:\\\\Users\\\\luism\\\\...', Array)
#7 C:\\Users\\luism\\OneDrive\\Documents\\Proyectos\\WMS-ARCOSA-NEW\\vendor\\laravel\\framework\\src\\Illuminate\\View\\View.php(191): Illuminate\\View\\View->getContents()
#8 C:\\Users\\luism\\OneDrive\\Documents\\Proyectos\\WMS-ARCOSA-NEW\\vendor\\laravel\\framework\\src\\Illuminate\\View\\View.php(160): Illuminate\\View\\View->renderContents()
#9 C:\\Users\\luism\\OneDrive\\Documents\\Proyectos\\WMS-ARCOSA-NEW\\vendor\\laravel\\framework\\src\\Illuminate\\Http\\Response.php(70): Illuminate\\View\\View->render()
#10 C:\\Users\\luism\\OneDrive\\Documents\\Proyectos\\WMS-ARCOSA-NEW\\vendor\\laravel\\framework\\src\\Illuminate\\Http\\Response.php(35): Illuminate\\Http\\Response->setContent(Object(Illuminate\\View\\View))
#11 C:\\Users\\luism\\OneDrive\\Documents\\Proyectos\\WMS-ARCOSA-NEW\\vendor\\laravel\\framework\\src\\Illuminate\\Routing\\Router.php(918): Illuminate\\Http\\Response->__construct(Object(Illuminate\\View\\View), 200, Array)
#12 C:\\Users\\luism\\OneDrive\\Documents\\Proyectos\\WMS-ARCOSA-NEW\\vendor\\laravel\\framework\\src\\Illuminate\\Routing\\Router.php(885): Illuminate\\Routing\\Router::toResponse(Object(Illuminate\\Http\\Request), Object(Illuminate\\View\\View))
#13 C:\\Users\\luism\\OneDrive\\Documents\\Proyectos\\WMS-ARCOSA-NEW\\vendor\\laravel\\framework\\src\\Illuminate\\Routing\\Router.php(805): Illuminate\\Routing\\Router->prepareResponse(Object(Illuminate\\Http\\Request), Object(Illuminate\\View\\View))
#14 C:\\Users\\luism\\OneDrive\\Documents\\Proyectos\\WMS-ARCOSA-NEW\\vendor\\laravel\\framework\\src\\Illuminate\\Pipeline\\Pipeline.php(144): Illuminate\\Routing\\Router->Illuminate\\Routing\\{closure}(Object(Illuminate\\Http\\Request))
#15 C:\\Users\\luism\\OneDrive\\Documents\\Proyectos\\WMS-ARCOSA-NEW\\vendor\\laravel\\framework\\src\\Illuminate\\Routing\\Middleware\\SubstituteBindings.php(50): Illuminate\\Pipeline\\Pipeline->Illuminate\\Pipeline\\{closure}(Object(Illuminate\\Http\\Request))
#16 C:\\Users\\luism\\OneDrive\\Documents\\Proyectos\\WMS-ARCOSA-NEW\\vendor\\laravel\\framework\\src\\Illuminate\\Pipeline\\Pipeline.php(183): Illuminate\\Routing\\Middleware\\SubstituteBindings->handle(Object(Illuminate\\Http\\Request), Object(Closure))
#17 C:\\Users\\luism\\OneDrive\\Documents\\Proyectos\\WMS-ARCOSA-NEW\\vendor\\laravel\\framework\\src\\Illuminate\\Foundation\\Http\\Middleware\\VerifyCsrfToken.php(88): Illuminate\\Pipeline\\Pipeline->Illuminate\\Pipeline\\{closure}(Object(Illuminate\\Http\\Request))
#18 C:\\Users\\luism\\OneDrive\\Documents\\Proyectos\\WMS-ARCOSA-NEW\\vendor\\laravel\\framework\\src\\Illuminate\\Pipeline\\Pipeline.php(183): Illuminate\\Foundation\\Http\\Middleware\\VerifyCsrfToken->handle(Object(Illuminate\\Http\\Request), Object(Closure))
#19 C:\\Users\\luism\\OneDrive\\Documents\\Proyectos\\WMS-ARCOSA-NEW\\vendor\\laravel\\framework\\src\\Illuminate\\View\\Middleware\\ShareErrorsFromSession.php(49): Illuminate\\Pipeline\\Pipeline->Illuminate\\Pipeline\\{closure}(Object(Illuminate\\Http\\Request))
#20 C:\\Users\\luism\\OneDrive\\Documents\\Proyectos\\WMS-ARCOSA-NEW\\vendor\\laravel\\framework\\src\\Illuminate\\Pipeline\\Pipeline.php(183): Illuminate\\View\\Middleware\\ShareErrorsFromSession->handle(Object(Illuminate\\Http\\Request), Object(Closure))
#21 C:\\Users\\luism\\OneDrive\\Documents\\Proyectos\\WMS-ARCOSA-NEW\\vendor\\laravel\\framework\\src\\Illuminate\\Session\\Middleware\\StartSession.php(121): Illuminate\\Pipeline\\Pipeline->Illuminate\\Pipeline\\{closure}(Object(Illuminate\\Http\\Request))
#22 C:\\Users\\luism\\OneDrive\\Documents\\Proyectos\\WMS-ARCOSA-NEW\\vendor\\laravel\\framework\\src\\Illuminate\\Session\\Middleware\\StartSession.php(64): Illuminate\\Session\\Middleware\\StartSession->handleStatefulRequest(Object(Illuminate\\Http\\Request), Object(Illuminate\\Session\\Store), Object(Closure))
#23 C:\\Users\\luism\\OneDrive\\Documents\\Proyectos\\WMS-ARCOSA-NEW\\vendor\\laravel\\framework\\src\\Illuminate\\Pipeline\\Pipeline.php(183): Illuminate\\Session\\Middleware\\StartSession->handle(Object(Illuminate\\Http\\Request), Object(Closure))
#24 C:\\Users\\luism\\OneDrive\\Documents\\Proyectos\\WMS-ARCOSA-NEW\\vendor\\laravel\\framework\\src\\Illuminate\\Cookie\\Middleware\\AddQueuedCookiesToResponse.php(37): Illuminate\\Pipeline\\Pipeline->Illuminate\\Pipeline\\{closure}(Object(Illuminate\\Http\\Request))
#25 C:\\Users\\luism\\OneDrive\\Documents\\Proyectos\\WMS-ARCOSA-NEW\\vendor\\laravel\\framework\\src\\Illuminate\\Pipeline\\Pipeline.php(183): Illuminate\\Cookie\\Middleware\\AddQueuedCookiesToResponse->handle(Object(Illuminate\\Http\\Request), Object(Closure))
#26 C:\\Users\\luism\\OneDrive\\Documents\\Proyectos\\WMS-ARCOSA-NEW\\vendor\\laravel\\framework\\src\\Illuminate\\Cookie\\Middleware\\EncryptCookies.php(75): Illuminate\\Pipeline\\Pipeline->Illuminate\\Pipeline\\{closure}(Object(Illuminate\\Http\\Request))
#27 C:\\Users\\luism\\OneDrive\\Documents\\Proyectos\\WMS-ARCOSA-NEW\\vendor\\laravel\\framework\\src\\Illuminate\\Pipeline\\Pipeline.php(183): Illuminate\\Cookie\\Middleware\\EncryptCookies->handle(Object(Illuminate\\Http\\Request), Object(Closure))
#28 C:\\Users\\luism\\OneDrive\\Documents\\Proyectos\\WMS-ARCOSA-NEW\\vendor\\laravel\\framework\\src\\Illuminate\\Pipeline\\Pipeline.php(119): Illuminate\\Pipeline\\Pipeline->Illuminate\\Pipeline\\{closure}(Object(Illuminate\\Http\\Request))
#29 C:\\Users\\luism\\OneDrive\\Documents\\Proyectos\\WMS-ARCOSA-NEW\\vendor\\laravel\\framework\\src\\Illuminate\\Routing\\Router.php(805): Illuminate\\Pipeline\\Pipeline->then(Object(Closure))
#30 C:\\Users\\luism\\OneDrive\\Documents\\Proyectos\\WMS-ARCOSA-NEW\\vendor\\laravel\\framework\\src\\Illuminate\\Routing\\Router.php(784): Illuminate\\Routing\\Router->runRouteWithinStack(Object(Illuminate\\Routing\\Route), Object(Illuminate\\Http\\Request))
#31 C:\\Users\\luism\\OneDrive\\Documents\\Proyectos\\WMS-ARCOSA-NEW\\vendor\\laravel\\framework\\src\\Illuminate\\Routing\\Router.php(748): Illuminate\\Routing\\Router->runRoute(Object(Illuminate\\Http\\Request), Object(Illuminate\\Routing\\Route))
#32 C:\\Users\\luism\\OneDrive\\Documents\\Proyectos\\WMS-ARCOSA-NEW\\vendor\\laravel\\framework\\src\\Illuminate\\Routing\\Router.php(737): Illuminate\\Routing\\Router->dispatchToRoute(Object(Illuminate\\Http\\Request))
#33 C:\\Users\\luism\\OneDrive\\Documents\\Proyectos\\WMS-ARCOSA-NEW\\vendor\\laravel\\framework\\src\\Illuminate\\Foundation\\Http\\Kernel.php(200): Illuminate\\Routing\\Router->dispatch(Object(Illuminate\\Http\\Request))
#34 C:\\Users\\luism\\OneDrive\\Documents\\Proyectos\\WMS-ARCOSA-NEW\\vendor\\laravel\\framework\\src\\Illuminate\\Pipeline\\Pipeline.php(144): Illuminate\\Foundation\\Http\\Kernel->Illuminate\\Foundation\\Http\\{closure}(Object(Illuminate\\Http\\Request))
#35 C:\\Users\\luism\\OneDrive\\Documents\\Proyectos\\WMS-ARCOSA-NEW\\vendor\\laravel\\framework\\src\\Illuminate\\Foundation\\Http\\Middleware\\TransformsRequest.php(21): Illuminate\\Pipeline\\Pipeline->Illuminate\\Pipeline\\{closure}(Object(Illuminate\\Http\\Request))
#36 C:\\Users\\luism\\OneDrive\\Documents\\Proyectos\\WMS-ARCOSA-NEW\\vendor\\laravel\\framework\\src\\Illuminate\\Foundation\\Http\\Middleware\\ConvertEmptyStringsToNull.php(31): Illuminate\\Foundation\\Http\\Middleware\\TransformsRequest->handle(Object(Illuminate\\Http\\Request), Object(Closure))
#37 C:\\Users\\luism\\OneDrive\\Documents\\Proyectos\\WMS-ARCOSA-NEW\\vendor\\laravel\\framework\\src\\Illuminate\\Pipeline\\Pipeline.php(183): Illuminate\\Foundation\\Http\\Middleware\\ConvertEmptyStringsToNull->handle(Object(Illuminate\\Http\\Request), Object(Closure))
#38 C:\\Users\\luism\\OneDrive\\Documents\\Proyectos\\WMS-ARCOSA-NEW\\vendor\\laravel\\framework\\src\\Illuminate\\Foundation\\Http\\Middleware\\TransformsRequest.php(21): Illuminate\\Pipeline\\Pipeline->Illuminate\\Pipeline\\{closure}(Object(Illuminate\\Http\\Request))
#39 C:\\Users\\luism\\OneDrive\\Documents\\Proyectos\\WMS-ARCOSA-NEW\\vendor\\laravel\\framework\\src\\Illuminate\\Foundation\\Http\\Middleware\\TrimStrings.php(51): Illuminate\\Foundation\\Http\\Middleware\\TransformsRequest->handle(Object(Illuminate\\Http\\Request), Object(Closure))
#40 C:\\Users\\luism\\OneDrive\\Documents\\Proyectos\\WMS-ARCOSA-NEW\\vendor\\laravel\\framework\\src\\Illuminate\\Pipeline\\Pipeline.php(183): Illuminate\\Foundation\\Http\\Middleware\\TrimStrings->handle(Object(Illuminate\\Http\\Request), Object(Closure))
#41 C:\\Users\\luism\\OneDrive\\Documents\\Proyectos\\WMS-ARCOSA-NEW\\vendor\\laravel\\framework\\src\\Illuminate\\Http\\Middleware\\ValidatePostSize.php(27): Illuminate\\Pipeline\\Pipeline->Illuminate\\Pipeline\\{closure}(Object(Illuminate\\Http\\Request))
#42 C:\\Users\\luism\\OneDrive\\Documents\\Proyectos\\WMS-ARCOSA-NEW\\vendor\\laravel\\framework\\src\\Illuminate\\Pipeline\\Pipeline.php(183): Illuminate\\Http\\Middleware\\ValidatePostSize->handle(Object(Illuminate\\Http\\Request), Object(Closure))
#43 C:\\Users\\luism\\OneDrive\\Documents\\Proyectos\\WMS-ARCOSA-NEW\\vendor\\laravel\\framework\\src\\Illuminate\\Foundation\\Http\\Middleware\\PreventRequestsDuringMaintenance.php(110): Illuminate\\Pipeline\\Pipeline->Illuminate\\Pipeline\\{closure}(Object(Illuminate\\Http\\Request))
#44 C:\\Users\\luism\\OneDrive\\Documents\\Proyectos\\WMS-ARCOSA-NEW\\vendor\\laravel\\framework\\src\\Illuminate\\Pipeline\\Pipeline.php(183): Illuminate\\Foundation\\Http\\Middleware\\PreventRequestsDuringMaintenance->handle(Object(Illuminate\\Http\\Request), Object(Closure))
#45 C:\\Users\\luism\\OneDrive\\Documents\\Proyectos\\WMS-ARCOSA-NEW\\vendor\\laravel\\framework\\src\\Illuminate\\Http\\Middleware\\HandleCors.php(62): Illuminate\\Pipeline\\Pipeline->Illuminate\\Pipeline\\{closure}(Object(Illuminate\\Http\\Request))
#46 C:\\Users\\luism\\OneDrive\\Documents\\Proyectos\\WMS-ARCOSA-NEW\\vendor\\laravel\\framework\\src\\Illuminate\\Pipeline\\Pipeline.php(183): Illuminate\\Http\\Middleware\\HandleCors->handle(Object(Illuminate\\Http\\Request), Object(Closure))
#47 C:\\Users\\luism\\OneDrive\\Documents\\Proyectos\\WMS-ARCOSA-NEW\\vendor\\laravel\\framework\\src\\Illuminate\\Http\\Middleware\\TrustProxies.php(57): Illuminate\\Pipeline\\Pipeline->Illuminate\\Pipeline\\{closure}(Object(Illuminate\\Http\\Request))
#48 C:\\Users\\luism\\OneDrive\\Documents\\Proyectos\\WMS-ARCOSA-NEW\\vendor\\laravel\\framework\\src\\Illuminate\\Pipeline\\Pipeline.php(183): Illuminate\\Http\\Middleware\\TrustProxies->handle(Object(Illuminate\\Http\\Request), Object(Closure))
#49 C:\\Users\\luism\\OneDrive\\Documents\\Proyectos\\WMS-ARCOSA-NEW\\vendor\\laravel\\framework\\src\\Illuminate\\Pipeline\\Pipeline.php(119): Illuminate\\Pipeline\\Pipeline->Illuminate\\Pipeline\\{closure}(Object(Illuminate\\Http\\Request))
#50 C:\\Users\\luism\\OneDrive\\Documents\\Proyectos\\WMS-ARCOSA-NEW\\vendor\\laravel\\framework\\src\\Illuminate\\Foundation\\Http\\Kernel.php(175): Illuminate\\Pipeline\\Pipeline->then(Object(Closure))
#51 C:\\Users\\luism\\OneDrive\\Documents\\Proyectos\\WMS-ARCOSA-NEW\\vendor\\laravel\\framework\\src\\Illuminate\\Foundation\\Http\\Kernel.php(144): Illuminate\\Foundation\\Http\\Kernel->sendRequestThroughRouter(Object(Illuminate\\Http\\Request))
#52 C:\\Users\\luism\\OneDrive\\Documents\\Proyectos\\WMS-ARCOSA-NEW\\vendor\\laravel\\framework\\src\\Illuminate\\Foundation\\Application.php(1183): Illuminate\\Foundation\\Http\\Kernel->handle(Object(Illuminate\\Http\\Request))
#53 C:\\Users\\luism\\OneDrive\\Documents\\Proyectos\\WMS-ARCOSA-NEW\\public\\index.php(17): Illuminate\\Foundation\\Application->handleRequest(Object(Illuminate\\Http\\Request))
#54 C:\\Users\\luism\\OneDrive\\Documents\\Proyectos\\WMS-ARCOSA-NEW\\vendor\\laravel\\framework\\src\\Illuminate\\Foundation\\resources\\server.php(16): require_once('C:\\\\Users\\\\luism\\\\...')
#55 {main}

[previous exception] [object] (Illuminate\\Foundation\\ViteManifestNotFoundException(code: 0): Vite manifest not found at: C:\\Users\\luism\\OneDrive\\Documents\\Proyectos\\WMS-ARCOSA-NEW\\public\\build/manifest.json at C:\\Users\\luism\\OneDrive\\Documents\\Proyectos\\WMS-ARCOSA-NEW\\vendor\\laravel\\framework\\src\\Illuminate\\Foundation\\Vite.php:728)
[stacktrace]
#0 C:\\Users\\luism\\OneDrive\\Documents\\Proyectos\\WMS-ARCOSA-NEW\\vendor\\laravel\\framework\\src\\Illuminate\\Foundation\\Vite.php(293): Illuminate\\Foundation\\Vite->manifest('build')
#1 C:\\Users\\luism\\OneDrive\\Documents\\Proyectos\\WMS-ARCOSA-NEW\\storage\\framework\\views\\bbc96e7076f5cff04a5ce0e0821c40ea.php(10): Illuminate\\Foundation\\Vite->__invoke(Object(Illuminate\\Support\\Collection))
#2 C:\\Users\\luism\\OneDrive\\Documents\\Proyectos\\WMS-ARCOSA-NEW\\vendor\\laravel\\framework\\src\\Illuminate\\Filesystem\\Filesystem.php(123): require('C:\\\\Users\\\\luism\\\\...')
#3 C:\\Users\\luism\\OneDrive\\Documents\\Proyectos\\WMS-ARCOSA-NEW\\vendor\\laravel\\framework\\src\\Illuminate\\Filesystem\\Filesystem.php(124): Illuminate\\Filesystem\\Filesystem::Illuminate\\Filesystem\\{closure}()
#4 C:\\Users\\luism\\OneDrive\\Documents\\Proyectos\\WMS-ARCOSA-NEW\\vendor\\laravel\\framework\\src\\Illuminate\\View\\Engines\\PhpEngine.php(58): Illuminate\\Filesystem\\Filesystem->getRequire('C:\\\\Users\\\\luism\\\\...', Array)
#5 C:\\Users\\luism\\OneDrive\\Documents\\Proyectos\\WMS-ARCOSA-NEW\\vendor\\laravel\\framework\\src\\Illuminate\\View\\Engines\\CompilerEngine.php(73): Illuminate\\View\\Engines\\PhpEngine->evaluatePath('C:\\\\Users\\\\luism\\\\...', Array)
#6 C:\\Users\\luism\\OneDrive\\Documents\\Proyectos\\WMS-ARCOSA-NEW\\vendor\\laravel\\framework\\src\\Illuminate\\View\\View.php(208): Illuminate\\View\\Engines\\CompilerEngine->get('C:\\\\Users\\\\luism\\\\...', Array)
#7 C:\\Users\\luism\\OneDrive\\Documents\\Proyectos\\WMS-ARCOSA-NEW\\vendor\\laravel\\framework\\src\\Illuminate\\View\\View.php(191): Illuminate\\View\\View->getContents()
#8 C:\\Users\\luism\\OneDrive\\Documents\\Proyectos\\WMS-ARCOSA-NEW\\vendor\\laravel\\framework\\src\\Illuminate\\View\\View.php(160): Illuminate\\View\\View->renderContents()
#9 C:\\Users\\luism\\OneDrive\\Documents\\Proyectos\\WMS-ARCOSA-NEW\\vendor\\laravel\\framework\\src\\Illuminate\\Http\\Response.php(70): Illuminate\\View\\View->render()
#10 C:\\Users\\luism\\OneDrive\\Documents\\Proyectos\\WMS-ARCOSA-NEW\\vendor\\laravel\\framework\\src\\Illuminate\\Http\\Response.php(35): Illuminate\\Http\\Response->setContent(Object(Illuminate\\View\\View))
#11 C:\\Users\\luism\\OneDrive\\Documents\\Proyectos\\WMS-ARCOSA-NEW\\vendor\\laravel\\framework\\src\\Illuminate\\Routing\\Router.php(918): Illuminate\\Http\\Response->__construct(Object(Illuminate\\View\\View), 200, Array)
#12 C:\\Users\\luism\\OneDrive\\Documents\\Proyectos\\WMS-ARCOSA-NEW\\vendor\\laravel\\framework\\src\\Illuminate\\Routing\\Router.php(885): Illuminate\\Routing\\Router::toResponse(Object(Illuminate\\Http\\Request), Object(Illuminate\\View\\View))
#13 C:\\Users\\luism\\OneDrive\\Documents\\Proyectos\\WMS-ARCOSA-NEW\\vendor\\laravel\\framework\\src\\Illuminate\\Routing\\Router.php(805): Illuminate\\Routing\\Router->prepareResponse(Object(Illuminate\\Http\\Request), Object(Illuminate\\View\\View))
#14 C:\\Users\\luism\\OneDrive\\Documents\\Proyectos\\WMS-ARCOSA-NEW\\vendor\\laravel\\framework\\src\\Illuminate\\Pipeline\\Pipeline.php(144): Illuminate\\Routing\\Router->Illuminate\\Routing\\{closure}(Object(Illuminate\\Http\\Request))
#15 C:\\Users\\luism\\OneDrive\\Documents\\Proyectos\\WMS-ARCOSA-NEW\\vendor\\laravel\\framework\\src\\Illuminate\\Routing\\Middleware\\SubstituteBindings.php(50): Illuminate\\Pipeline\\Pipeline->Illuminate\\Pipeline\\{closure}(Object(Illuminate\\Http\\Request))
#16 C:\\Users\\luism\\OneDrive\\Documents\\Proyectos\\WMS-ARCOSA-NEW\\vendor\\laravel\\framework\\src\\Illuminate\\Pipeline\\Pipeline.php(183): Illuminate\\Routing\\Middleware\\SubstituteBindings->handle(Object(Illuminate\\Http\\Request), Object(Closure))
#17 C:\\Users\\luism\\OneDrive\\Documents\\Proyectos\\WMS-ARCOSA-NEW\\vendor\\laravel\\framework\\src\\Illuminate\\Foundation\\Http\\Middleware\\VerifyCsrfToken.php(88): Illuminate\\Pipeline\\Pipeline->Illuminate\\Pipeline\\{closure}(Object(Illuminate\\Http\\Request))
#18 C:\\Users\\luism\\OneDrive\\Documents\\Proyectos\\WMS-ARCOSA-NEW\\vendor\\laravel\\framework\\src\\Illuminate\\Pipeline\\Pipeline.php(183): Illuminate\\Foundation\\Http\\Middleware\\VerifyCsrfToken->handle(Object(Illuminate\\Http\\Request), Object(Closure))
#19 C:\\Users\\luism\\OneDrive\\Documents\\Proyectos\\WMS-ARCOSA-NEW\\vendor\\laravel\\framework\\src\\Illuminate\\View\\Middleware\\ShareErrorsFromSession.php(49): Illuminate\\Pipeline\\Pipeline->Illuminate\\Pipeline\\{closure}(Object(Illuminate\\Http\\Request))
#20 C:\\Users\\luism\\OneDrive\\Documents\\Proyectos\\WMS-ARCOSA-NEW\\vendor\\laravel\\framework\\src\\Illuminate\\Pipeline\\Pipeline.php(183): Illuminate\\View\\Middleware\\ShareErrorsFromSession->handle(Object(Illuminate\\Http\\Request), Object(Closure))
#21 C:\\Users\\luism\\OneDrive\\Documents\\Proyectos\\WMS-ARCOSA-NEW\\vendor\\laravel\\framework\\src\\Illuminate\\Session\\Middleware\\StartSession.php(121): Illuminate\\Pipeline\\Pipeline->Illuminate\\Pipeline\\{closure}(Object(Illuminate\\Http\\Request))
#22 C:\\Users\\luism\\OneDrive\\Documents\\Proyectos\\WMS-ARCOSA-NEW\\vendor\\laravel\\framework\\src\\Illuminate\\Session\\Middleware\\StartSession.php(64): Illuminate\\Session\\Middleware\\StartSession->handleStatefulRequest(Object(Illuminate\\Http\\Request), Object(Illuminate\\Session\\Store), Object(Closure))
#23 C:\\Users\\luism\\OneDrive\\Documents\\Proyectos\\WMS-ARCOSA-NEW\\vendor\\laravel\\framework\\src\\Illuminate\\Pipeline\\Pipeline.php(183): Illuminate\\Session\\Middleware\\StartSession->handle(Object(Illuminate\\Http\\Request), Object(Closure))
#24 C:\\Users\\luism\\OneDrive\\Documents\\Proyectos\\WMS-ARCOSA-NEW\\vendor\\laravel\\framework\\src\\Illuminate\\Cookie\\Middleware\\AddQueuedCookiesToResponse.php(37): Illuminate\\Pipeline\\Pipeline->Illuminate\\Pipeline\\{closure}(Object(Illuminate\\Http\\Request))
#25 C:\\Users\\luism\\OneDrive\\Documents\\Proyectos\\WMS-ARCOSA-NEW\\vendor\\laravel\\framework\\src\\Illuminate\\Pipeline\\Pipeline.php(183): Illuminate\\Cookie\\Middleware\\AddQueuedCookiesToResponse->handle(Object(Illuminate\\Http\\Request), Object(Closure))
#26 C:\\Users\\luism\\OneDrive\\Documents\\Proyectos\\WMS-ARCOSA-NEW\\vendor\\laravel\\framework\\src\\Illuminate\\Cookie\\Middleware\\EncryptCookies.php(75): Illuminate\\Pipeline\\Pipeline->Illuminate\\Pipeline\\{closure}(Object(Illuminate\\Http\\Request))
#27 C:\\Users\\luism\\OneDrive\\Documents\\Proyectos\\WMS-ARCOSA-NEW\\vendor\\laravel\\framework\\src\\Illuminate\\Pipeline\\Pipeline.php(183): Illuminate\\Cookie\\Middleware\\EncryptCookies->handle(Object(Illuminate\\Http\\Request), Object(Closure))
#28 C:\\Users\\luism\\OneDrive\\Documents\\Proyectos\\WMS-ARCOSA-NEW\\vendor\\laravel\\framework\\src\\Illuminate\\Pipeline\\Pipeline.php(119): Illuminate\\Pipeline\\Pipeline->Illuminate\\Pipeline\\{closure}(Object(Illuminate\\Http\\Request))
#29 C:\\Users\\luism\\OneDrive\\Documents\\Proyectos\\WMS-ARCOSA-NEW\\vendor\\laravel\\framework\\src\\Illuminate\\Routing\\Router.php(805): Illuminate\\Pipeline\\Pipeline->then(Object(Closure))
#30 C:\\Users\\luism\\OneDrive\\Documents\\Proyectos\\WMS-ARCOSA-NEW\\vendor\\laravel\\framework\\src\\Illuminate\\Routing\\Router.php(784): Illuminate\\Routing\\Router->runRouteWithinStack(Object(Illuminate\\Routing\\Route), Object(Illuminate\\Http\\Request))
#31 C:\\Users\\luism\\OneDrive\\Documents\\Proyectos\\WMS-ARCOSA-NEW\\vendor\\laravel\\framework\\src\\Illuminate\\Routing\\Router.php(748): Illuminate\\Routing\\Router->runRoute(Object(Illuminate\\Http\\Request), Object(Illuminate\\Routing\\Route))
#32 C:\\Users\\luism\\OneDrive\\Documents\\Proyectos\\WMS-ARCOSA-NEW\\vendor\\laravel\\framework\\src\\Illuminate\\Routing\\Router.php(737): Illuminate\\Routing\\Router->dispatchToRoute(Object(Illuminate\\Http\\Request))
#33 C:\\Users\\luism\\OneDrive\\Documents\\Proyectos\\WMS-ARCOSA-NEW\\vendor\\laravel\\framework\\src\\Illuminate\\Foundation\\Http\\Kernel.php(200): Illuminate\\Routing\\Router->dispatch(Object(Illuminate\\Http\\Request))
#34 C:\\Users\\luism\\OneDrive\\Documents\\Proyectos\\WMS-ARCOSA-NEW\\vendor\\laravel\\framework\\src\\Illuminate\\Pipeline\\Pipeline.php(144): Illuminate\\Foundation\\Http\\Kernel->Illuminate\\Foundation\\Http\\{closure}(Object(Illuminate\\Http\\Request))
#35 C:\\Users\\luism\\OneDrive\\Documents\\Proyectos\\WMS-ARCOSA-NEW\\vendor\\laravel\\framework\\src\\Illuminate\\Foundation\\Http\\Middleware\\TransformsRequest.php(21): Illuminate\\Pipeline\\Pipeline->Illuminate\\Pipeline\\{closure}(Object(Illuminate\\Http\\Request))
#36 C:\\Users\\luism\\OneDrive\\Documents\\Proyectos\\WMS-ARCOSA-NEW\\vendor\\laravel\\framework\\src\\Illuminate\\Foundation\\Http\\Middleware\\ConvertEmptyStringsToNull.php(31): Illuminate\\Foundation\\Http\\Middleware\\TransformsRequest->handle(Object(Illuminate\\Http\\Request), Object(Closure))
#37 C:\\Users\\luism\\OneDrive\\Documents\\Proyectos\\WMS-ARCOSA-NEW\\vendor\\laravel\\framework\\src\\Illuminate\\Pipeline\\Pipeline.php(183): Illuminate\\Foundation\\Http\\Middleware\\ConvertEmptyStringsToNull->handle(Object(Illuminate\\Http\\Request), Object(Closure))
#38 C:\\Users\\luism\\OneDrive\\Documents\\Proyectos\\WMS-ARCOSA-NEW\\vendor\\laravel\\framework\\src\\Illuminate\\Foundation\\Http\\Middleware\\TransformsRequest.php(21): Illuminate\\Pipeline\\Pipeline->Illuminate\\Pipeline\\{closure}(Object(Illuminate\\Http\\Request))
#39 C:\\Users\\luism\\OneDrive\\Documents\\Proyectos\\WMS-ARCOSA-NEW\\vendor\\laravel\\framework\\src\\Illuminate\\Foundation\\Http\\Middleware\\TrimStrings.php(51): Illuminate\\Foundation\\Http\\Middleware\\TransformsRequest->handle(Object(Illuminate\\Http\\Request), Object(Closure))
#40 C:\\Users\\luism\\OneDrive\\Documents\\Proyectos\\WMS-ARCOSA-NEW\\vendor\\laravel\\framework\\src\\Illuminate\\Pipeline\\Pipeline.php(183): Illuminate\\Foundation\\Http\\Middleware\\TrimStrings->handle(Object(Illuminate\\Http\\Request), Object(Closure))
#41 C:\\Users\\luism\\OneDrive\\Documents\\Proyectos\\WMS-ARCOSA-NEW\\vendor\\laravel\\framework\\src\\Illuminate\\Http\\Middleware\\ValidatePostSize.php(27): Illuminate\\Pipeline\\Pipeline->Illuminate\\Pipeline\\{closure}(Object(Illuminate\\Http\\Request))
#42 C:\\Users\\luism\\OneDrive\\Documents\\Proyectos\\WMS-ARCOSA-NEW\\vendor\\laravel\\framework\\src\\Illuminate\\Pipeline\\Pipeline.php(183): Illuminate\\Http\\Middleware\\ValidatePostSize->handle(Object(Illuminate\\Http\\Request), Object(Closure))
#43 C:\\Users\\luism\\OneDrive\\Documents\\Proyectos\\WMS-ARCOSA-NEW\\vendor\\laravel\\framework\\src\\Illuminate\\Foundation\\Http\\Middleware\\PreventRequestsDuringMaintenance.php(110): Illuminate\\Pipeline\\Pipeline->Illuminate\\Pipeline\\{closure}(Object(Illuminate\\Http\\Request))
#44 C:\\Users\\luism\\OneDrive\\Documents\\Proyectos\\WMS-ARCOSA-NEW\\vendor\\laravel\\framework\\src\\Illuminate\\Pipeline\\Pipeline.php(183): Illuminate\\Foundation\\Http\\Middleware\\PreventRequestsDuringMaintenance->handle(Object(Illuminate\\Http\\Request), Object(Closure))
#45 C:\\Users\\luism\\OneDrive\\Documents\\Proyectos\\WMS-ARCOSA-NEW\\vendor\\laravel\\framework\\src\\Illuminate\\Http\\Middleware\\HandleCors.php(62): Illuminate\\Pipeline\\Pipeline->Illuminate\\Pipeline\\{closure}(Object(Illuminate\\Http\\Request))
#46 C:\\Users\\luism\\OneDrive\\Documents\\Proyectos\\WMS-ARCOSA-NEW\\vendor\\laravel\\framework\\src\\Illuminate\\Pipeline\\Pipeline.php(183): Illuminate\\Http\\Middleware\\HandleCors->handle(Object(Illuminate\\Http\\Request), Object(Closure))
#47 C:\\Users\\luism\\OneDrive\\Documents\\Proyectos\\WMS-ARCOSA-NEW\\vendor\\laravel\\framework\\src\\Illuminate\\Http\\Middleware\\TrustProxies.php(57): Illuminate\\Pipeline\\Pipeline->Illuminate\\Pipeline\\{closure}(Object(Illuminate\\Http\\Request))
#48 C:\\Users\\luism\\OneDrive\\Documents\\Proyectos\\WMS-ARCOSA-NEW\\vendor\\laravel\\framework\\src\\Illuminate\\Pipeline\\Pipeline.php(183): Illuminate\\Http\\Middleware\\TrustProxies->handle(Object(Illuminate\\Http\\Request), Object(Closure))
#49 C:\\Users\\luism\\OneDrive\\Documents\\Proyectos\\WMS-ARCOSA-NEW\\vendor\\laravel\\framework\\src\\Illuminate\\Pipeline\\Pipeline.php(119): Illuminate\\Pipeline\\Pipeline->Illuminate\\Pipeline\\{closure}(Object(Illuminate\\Http\\Request))
#50 C:\\Users\\luism\\OneDrive\\Documents\\Proyectos\\WMS-ARCOSA-NEW\\vendor\\laravel\\framework\\src\\Illuminate\\Foundation\\Http\\Kernel.php(175): Illuminate\\Pipeline\\Pipeline->then(Object(Closure))
#51 C:\\Users\\luism\\OneDrive\\Documents\\Proyectos\\WMS-ARCOSA-NEW\\vendor\\laravel\\framework\\src\\Illuminate\\Foundation\\Http\\Kernel.php(144): Illuminate\\Foundation\\Http\\Kernel->sendRequestThroughRouter(Object(Illuminate\\Http\\Request))
#52 C:\\Users\\luism\\OneDrive\\Documents\\Proyectos\\WMS-ARCOSA-NEW\\vendor\\laravel\\framework\\src\\Illuminate\\Foundation\\Application.php(1183): Illuminate\\Foundation\\Http\\Kernel->handle(Object(Illuminate\\Http\\Request))
#53 C:\\Users\\luism\\OneDrive\\Documents\\Proyectos\\WMS-ARCOSA-NEW\\public\\index.php(17): Illuminate\\Foundation\\Application->handleRequest(Object(Illuminate\\Http\\Request))
#54 C:\\Users\\luism\\OneDrive\\Documents\\Proyectos\\WMS-ARCOSA-NEW\\vendor\\laravel\\framework\\src\\Illuminate\\Foundation\\resources\\server.php(16): require_once('C:\\\\Users\\\\luism\\\\...')
#55 {main}
"} 
[2024-07-26 15:17:22] local.ERROR: Vite manifest not found at: C:\Users\luism\OneDrive\Documents\Proyectos\WMS-ARCOSA-NEW\public\build/manifest.json {"view":{"view":"C:\\Users\\luism\\OneDrive\\Documents\\Proyectos\\WMS-ARCOSA-NEW\\resources\\views\\application.blade.php","data":{"errors":"<pre class=sf-dump id=sf-dump-1475807613 data-indent-pad=\"  \"><span class=sf-dump-note>Illuminate\\Support\\ViewErrorBag</span> {<a class=sf-dump-ref>#318</a><samp data-depth=1 class=sf-dump-expanded>
  #<span class=sf-dump-protected title=\"Protected property\">bags</span>: []
</samp>}
</pre><script>Sfdump(\"sf-dump-1475807613\", {\"maxDepth\":3,\"maxStringLength\":160})</script>
"}},"exception":"[object] (Spatie\\LaravelIgnition\\Exceptions\\ViewException(code: 0): Vite manifest not found at: C:\\Users\\luism\\OneDrive\\Documents\\Proyectos\\WMS-ARCOSA-NEW\\public\\build/manifest.json at C:\\Users\\luism\\OneDrive\\Documents\\Proyectos\\WMS-ARCOSA-NEW\\vendor\\laravel\\framework\\src\\Illuminate\\Foundation\\Vite.php:728)
[stacktrace]
#0 C:\\Users\\luism\\OneDrive\\Documents\\Proyectos\\WMS-ARCOSA-NEW\\vendor\\laravel\\framework\\src\\Illuminate\\Foundation\\Vite.php(293): Illuminate\\Foundation\\Vite->manifest('build')
#1 C:\\Users\\luism\\OneDrive\\Documents\\Proyectos\\WMS-ARCOSA-NEW\\resources\\views\\application.blade.php(10): Illuminate\\Foundation\\Vite->__invoke(Object(Illuminate\\Support\\Collection))
#2 C:\\Users\\luism\\OneDrive\\Documents\\Proyectos\\WMS-ARCOSA-NEW\\vendor\\laravel\\framework\\src\\Illuminate\\Filesystem\\Filesystem.php(123): require('C:\\\\Users\\\\luism\\\\...')
#3 C:\\Users\\luism\\OneDrive\\Documents\\Proyectos\\WMS-ARCOSA-NEW\\vendor\\laravel\\framework\\src\\Illuminate\\Filesystem\\Filesystem.php(124): Illuminate\\Filesystem\\Filesystem::Illuminate\\Filesystem\\{closure}()
#4 C:\\Users\\luism\\OneDrive\\Documents\\Proyectos\\WMS-ARCOSA-NEW\\vendor\\laravel\\framework\\src\\Illuminate\\View\\Engines\\PhpEngine.php(58): Illuminate\\Filesystem\\Filesystem->getRequire('C:\\\\Users\\\\luism\\\\...', Array)
#5 C:\\Users\\luism\\OneDrive\\Documents\\Proyectos\\WMS-ARCOSA-NEW\\vendor\\laravel\\framework\\src\\Illuminate\\View\\Engines\\CompilerEngine.php(73): Illuminate\\View\\Engines\\PhpEngine->evaluatePath('C:\\\\Users\\\\luism\\\\...', Array)
#6 C:\\Users\\luism\\OneDrive\\Documents\\Proyectos\\WMS-ARCOSA-NEW\\vendor\\laravel\\framework\\src\\Illuminate\\View\\View.php(208): Illuminate\\View\\Engines\\CompilerEngine->get('C:\\\\Users\\\\luism\\\\...', Array)
#7 C:\\Users\\luism\\OneDrive\\Documents\\Proyectos\\WMS-ARCOSA-NEW\\vendor\\laravel\\framework\\src\\Illuminate\\View\\View.php(191): Illuminate\\View\\View->getContents()
#8 C:\\Users\\luism\\OneDrive\\Documents\\Proyectos\\WMS-ARCOSA-NEW\\vendor\\laravel\\framework\\src\\Illuminate\\View\\View.php(160): Illuminate\\View\\View->renderContents()
#9 C:\\Users\\luism\\OneDrive\\Documents\\Proyectos\\WMS-ARCOSA-NEW\\vendor\\laravel\\framework\\src\\Illuminate\\Http\\Response.php(70): Illuminate\\View\\View->render()
#10 C:\\Users\\luism\\OneDrive\\Documents\\Proyectos\\WMS-ARCOSA-NEW\\vendor\\laravel\\framework\\src\\Illuminate\\Http\\Response.php(35): Illuminate\\Http\\Response->setContent(Object(Illuminate\\View\\View))
#11 C:\\Users\\luism\\OneDrive\\Documents\\Proyectos\\WMS-ARCOSA-NEW\\vendor\\laravel\\framework\\src\\Illuminate\\Routing\\Router.php(918): Illuminate\\Http\\Response->__construct(Object(Illuminate\\View\\View), 200, Array)
#12 C:\\Users\\luism\\OneDrive\\Documents\\Proyectos\\WMS-ARCOSA-NEW\\vendor\\laravel\\framework\\src\\Illuminate\\Routing\\Router.php(885): Illuminate\\Routing\\Router::toResponse(Object(Illuminate\\Http\\Request), Object(Illuminate\\View\\View))
#13 C:\\Users\\luism\\OneDrive\\Documents\\Proyectos\\WMS-ARCOSA-NEW\\vendor\\laravel\\framework\\src\\Illuminate\\Routing\\Router.php(805): Illuminate\\Routing\\Router->prepareResponse(Object(Illuminate\\Http\\Request), Object(Illuminate\\View\\View))
#14 C:\\Users\\luism\\OneDrive\\Documents\\Proyectos\\WMS-ARCOSA-NEW\\vendor\\laravel\\framework\\src\\Illuminate\\Pipeline\\Pipeline.php(144): Illuminate\\Routing\\Router->Illuminate\\Routing\\{closure}(Object(Illuminate\\Http\\Request))
#15 C:\\Users\\luism\\OneDrive\\Documents\\Proyectos\\WMS-ARCOSA-NEW\\vendor\\laravel\\framework\\src\\Illuminate\\Routing\\Middleware\\SubstituteBindings.php(50): Illuminate\\Pipeline\\Pipeline->Illuminate\\Pipeline\\{closure}(Object(Illuminate\\Http\\Request))
#16 C:\\Users\\luism\\OneDrive\\Documents\\Proyectos\\WMS-ARCOSA-NEW\\vendor\\laravel\\framework\\src\\Illuminate\\Pipeline\\Pipeline.php(183): Illuminate\\Routing\\Middleware\\SubstituteBindings->handle(Object(Illuminate\\Http\\Request), Object(Closure))
#17 C:\\Users\\luism\\OneDrive\\Documents\\Proyectos\\WMS-ARCOSA-NEW\\vendor\\laravel\\framework\\src\\Illuminate\\Foundation\\Http\\Middleware\\VerifyCsrfToken.php(88): Illuminate\\Pipeline\\Pipeline->Illuminate\\Pipeline\\{closure}(Object(Illuminate\\Http\\Request))
#18 C:\\Users\\luism\\OneDrive\\Documents\\Proyectos\\WMS-ARCOSA-NEW\\vendor\\laravel\\framework\\src\\Illuminate\\Pipeline\\Pipeline.php(183): Illuminate\\Foundation\\Http\\Middleware\\VerifyCsrfToken->handle(Object(Illuminate\\Http\\Request), Object(Closure))
#19 C:\\Users\\luism\\OneDrive\\Documents\\Proyectos\\WMS-ARCOSA-NEW\\vendor\\laravel\\framework\\src\\Illuminate\\View\\Middleware\\ShareErrorsFromSession.php(49): Illuminate\\Pipeline\\Pipeline->Illuminate\\Pipeline\\{closure}(Object(Illuminate\\Http\\Request))
#20 C:\\Users\\luism\\OneDrive\\Documents\\Proyectos\\WMS-ARCOSA-NEW\\vendor\\laravel\\framework\\src\\Illuminate\\Pipeline\\Pipeline.php(183): Illuminate\\View\\Middleware\\ShareErrorsFromSession->handle(Object(Illuminate\\Http\\Request), Object(Closure))
#21 C:\\Users\\luism\\OneDrive\\Documents\\Proyectos\\WMS-ARCOSA-NEW\\vendor\\laravel\\framework\\src\\Illuminate\\Session\\Middleware\\StartSession.php(121): Illuminate\\Pipeline\\Pipeline->Illuminate\\Pipeline\\{closure}(Object(Illuminate\\Http\\Request))
#22 C:\\Users\\luism\\OneDrive\\Documents\\Proyectos\\WMS-ARCOSA-NEW\\vendor\\laravel\\framework\\src\\Illuminate\\Session\\Middleware\\StartSession.php(64): Illuminate\\Session\\Middleware\\StartSession->handleStatefulRequest(Object(Illuminate\\Http\\Request), Object(Illuminate\\Session\\Store), Object(Closure))
#23 C:\\Users\\luism\\OneDrive\\Documents\\Proyectos\\WMS-ARCOSA-NEW\\vendor\\laravel\\framework\\src\\Illuminate\\Pipeline\\Pipeline.php(183): Illuminate\\Session\\Middleware\\StartSession->handle(Object(Illuminate\\Http\\Request), Object(Closure))
#24 C:\\Users\\luism\\OneDrive\\Documents\\Proyectos\\WMS-ARCOSA-NEW\\vendor\\laravel\\framework\\src\\Illuminate\\Cookie\\Middleware\\AddQueuedCookiesToResponse.php(37): Illuminate\\Pipeline\\Pipeline->Illuminate\\Pipeline\\{closure}(Object(Illuminate\\Http\\Request))
#25 C:\\Users\\luism\\OneDrive\\Documents\\Proyectos\\WMS-ARCOSA-NEW\\vendor\\laravel\\framework\\src\\Illuminate\\Pipeline\\Pipeline.php(183): Illuminate\\Cookie\\Middleware\\AddQueuedCookiesToResponse->handle(Object(Illuminate\\Http\\Request), Object(Closure))
#26 C:\\Users\\luism\\OneDrive\\Documents\\Proyectos\\WMS-ARCOSA-NEW\\vendor\\laravel\\framework\\src\\Illuminate\\Cookie\\Middleware\\EncryptCookies.php(75): Illuminate\\Pipeline\\Pipeline->Illuminate\\Pipeline\\{closure}(Object(Illuminate\\Http\\Request))
#27 C:\\Users\\luism\\OneDrive\\Documents\\Proyectos\\WMS-ARCOSA-NEW\\vendor\\laravel\\framework\\src\\Illuminate\\Pipeline\\Pipeline.php(183): Illuminate\\Cookie\\Middleware\\EncryptCookies->handle(Object(Illuminate\\Http\\Request), Object(Closure))
#28 C:\\Users\\luism\\OneDrive\\Documents\\Proyectos\\WMS-ARCOSA-NEW\\vendor\\laravel\\framework\\src\\Illuminate\\Pipeline\\Pipeline.php(119): Illuminate\\Pipeline\\Pipeline->Illuminate\\Pipeline\\{closure}(Object(Illuminate\\Http\\Request))
#29 C:\\Users\\luism\\OneDrive\\Documents\\Proyectos\\WMS-ARCOSA-NEW\\vendor\\laravel\\framework\\src\\Illuminate\\Routing\\Router.php(805): Illuminate\\Pipeline\\Pipeline->then(Object(Closure))
#30 C:\\Users\\luism\\OneDrive\\Documents\\Proyectos\\WMS-ARCOSA-NEW\\vendor\\laravel\\framework\\src\\Illuminate\\Routing\\Router.php(784): Illuminate\\Routing\\Router->runRouteWithinStack(Object(Illuminate\\Routing\\Route), Object(Illuminate\\Http\\Request))
#31 C:\\Users\\luism\\OneDrive\\Documents\\Proyectos\\WMS-ARCOSA-NEW\\vendor\\laravel\\framework\\src\\Illuminate\\Routing\\Router.php(748): Illuminate\\Routing\\Router->runRoute(Object(Illuminate\\Http\\Request), Object(Illuminate\\Routing\\Route))
#32 C:\\Users\\luism\\OneDrive\\Documents\\Proyectos\\WMS-ARCOSA-NEW\\vendor\\laravel\\framework\\src\\Illuminate\\Routing\\Router.php(737): Illuminate\\Routing\\Router->dispatchToRoute(Object(Illuminate\\Http\\Request))
#33 C:\\Users\\luism\\OneDrive\\Documents\\Proyectos\\WMS-ARCOSA-NEW\\vendor\\laravel\\framework\\src\\Illuminate\\Foundation\\Http\\Kernel.php(200): Illuminate\\Routing\\Router->dispatch(Object(Illuminate\\Http\\Request))
#34 C:\\Users\\luism\\OneDrive\\Documents\\Proyectos\\WMS-ARCOSA-NEW\\vendor\\laravel\\framework\\src\\Illuminate\\Pipeline\\Pipeline.php(144): Illuminate\\Foundation\\Http\\Kernel->Illuminate\\Foundation\\Http\\{closure}(Object(Illuminate\\Http\\Request))
#35 C:\\Users\\luism\\OneDrive\\Documents\\Proyectos\\WMS-ARCOSA-NEW\\vendor\\laravel\\framework\\src\\Illuminate\\Foundation\\Http\\Middleware\\TransformsRequest.php(21): Illuminate\\Pipeline\\Pipeline->Illuminate\\Pipeline\\{closure}(Object(Illuminate\\Http\\Request))
#36 C:\\Users\\luism\\OneDrive\\Documents\\Proyectos\\WMS-ARCOSA-NEW\\vendor\\laravel\\framework\\src\\Illuminate\\Foundation\\Http\\Middleware\\ConvertEmptyStringsToNull.php(31): Illuminate\\Foundation\\Http\\Middleware\\TransformsRequest->handle(Object(Illuminate\\Http\\Request), Object(Closure))
#37 C:\\Users\\luism\\OneDrive\\Documents\\Proyectos\\WMS-ARCOSA-NEW\\vendor\\laravel\\framework\\src\\Illuminate\\Pipeline\\Pipeline.php(183): Illuminate\\Foundation\\Http\\Middleware\\ConvertEmptyStringsToNull->handle(Object(Illuminate\\Http\\Request), Object(Closure))
#38 C:\\Users\\luism\\OneDrive\\Documents\\Proyectos\\WMS-ARCOSA-NEW\\vendor\\laravel\\framework\\src\\Illuminate\\Foundation\\Http\\Middleware\\TransformsRequest.php(21): Illuminate\\Pipeline\\Pipeline->Illuminate\\Pipeline\\{closure}(Object(Illuminate\\Http\\Request))
#39 C:\\Users\\luism\\OneDrive\\Documents\\Proyectos\\WMS-ARCOSA-NEW\\vendor\\laravel\\framework\\src\\Illuminate\\Foundation\\Http\\Middleware\\TrimStrings.php(51): Illuminate\\Foundation\\Http\\Middleware\\TransformsRequest->handle(Object(Illuminate\\Http\\Request), Object(Closure))
#40 C:\\Users\\luism\\OneDrive\\Documents\\Proyectos\\WMS-ARCOSA-NEW\\vendor\\laravel\\framework\\src\\Illuminate\\Pipeline\\Pipeline.php(183): Illuminate\\Foundation\\Http\\Middleware\\TrimStrings->handle(Object(Illuminate\\Http\\Request), Object(Closure))
#41 C:\\Users\\luism\\OneDrive\\Documents\\Proyectos\\WMS-ARCOSA-NEW\\vendor\\laravel\\framework\\src\\Illuminate\\Http\\Middleware\\ValidatePostSize.php(27): Illuminate\\Pipeline\\Pipeline->Illuminate\\Pipeline\\{closure}(Object(Illuminate\\Http\\Request))
#42 C:\\Users\\luism\\OneDrive\\Documents\\Proyectos\\WMS-ARCOSA-NEW\\vendor\\laravel\\framework\\src\\Illuminate\\Pipeline\\Pipeline.php(183): Illuminate\\Http\\Middleware\\ValidatePostSize->handle(Object(Illuminate\\Http\\Request), Object(Closure))
#43 C:\\Users\\luism\\OneDrive\\Documents\\Proyectos\\WMS-ARCOSA-NEW\\vendor\\laravel\\framework\\src\\Illuminate\\Foundation\\Http\\Middleware\\PreventRequestsDuringMaintenance.php(110): Illuminate\\Pipeline\\Pipeline->Illuminate\\Pipeline\\{closure}(Object(Illuminate\\Http\\Request))
#44 C:\\Users\\luism\\OneDrive\\Documents\\Proyectos\\WMS-ARCOSA-NEW\\vendor\\laravel\\framework\\src\\Illuminate\\Pipeline\\Pipeline.php(183): Illuminate\\Foundation\\Http\\Middleware\\PreventRequestsDuringMaintenance->handle(Object(Illuminate\\Http\\Request), Object(Closure))
#45 C:\\Users\\luism\\OneDrive\\Documents\\Proyectos\\WMS-ARCOSA-NEW\\vendor\\laravel\\framework\\src\\Illuminate\\Http\\Middleware\\HandleCors.php(49): Illuminate\\Pipeline\\Pipeline->Illuminate\\Pipeline\\{closure}(Object(Illuminate\\Http\\Request))
#46 C:\\Users\\luism\\OneDrive\\Documents\\Proyectos\\WMS-ARCOSA-NEW\\vendor\\laravel\\framework\\src\\Illuminate\\Pipeline\\Pipeline.php(183): Illuminate\\Http\\Middleware\\HandleCors->handle(Object(Illuminate\\Http\\Request), Object(Closure))
#47 C:\\Users\\luism\\OneDrive\\Documents\\Proyectos\\WMS-ARCOSA-NEW\\vendor\\laravel\\framework\\src\\Illuminate\\Http\\Middleware\\TrustProxies.php(57): Illuminate\\Pipeline\\Pipeline->Illuminate\\Pipeline\\{closure}(Object(Illuminate\\Http\\Request))
#48 C:\\Users\\luism\\OneDrive\\Documents\\Proyectos\\WMS-ARCOSA-NEW\\vendor\\laravel\\framework\\src\\Illuminate\\Pipeline\\Pipeline.php(183): Illuminate\\Http\\Middleware\\TrustProxies->handle(Object(Illuminate\\Http\\Request), Object(Closure))
#49 C:\\Users\\luism\\OneDrive\\Documents\\Proyectos\\WMS-ARCOSA-NEW\\vendor\\laravel\\framework\\src\\Illuminate\\Pipeline\\Pipeline.php(119): Illuminate\\Pipeline\\Pipeline->Illuminate\\Pipeline\\{closure}(Object(Illuminate\\Http\\Request))
#50 C:\\Users\\luism\\OneDrive\\Documents\\Proyectos\\WMS-ARCOSA-NEW\\vendor\\laravel\\framework\\src\\Illuminate\\Foundation\\Http\\Kernel.php(175): Illuminate\\Pipeline\\Pipeline->then(Object(Closure))
#51 C:\\Users\\luism\\OneDrive\\Documents\\Proyectos\\WMS-ARCOSA-NEW\\vendor\\laravel\\framework\\src\\Illuminate\\Foundation\\Http\\Kernel.php(144): Illuminate\\Foundation\\Http\\Kernel->sendRequestThroughRouter(Object(Illuminate\\Http\\Request))
#52 C:\\Users\\luism\\OneDrive\\Documents\\Proyectos\\WMS-ARCOSA-NEW\\vendor\\laravel\\framework\\src\\Illuminate\\Foundation\\Application.php(1183): Illuminate\\Foundation\\Http\\Kernel->handle(Object(Illuminate\\Http\\Request))
#53 C:\\Users\\luism\\OneDrive\\Documents\\Proyectos\\WMS-ARCOSA-NEW\\public\\index.php(17): Illuminate\\Foundation\\Application->handleRequest(Object(Illuminate\\Http\\Request))
#54 C:\\Users\\luism\\OneDrive\\Documents\\Proyectos\\WMS-ARCOSA-NEW\\vendor\\laravel\\framework\\src\\Illuminate\\Foundation\\resources\\server.php(16): require_once('C:\\\\Users\\\\luism\\\\...')
#55 {main}

[previous exception] [object] (Illuminate\\Foundation\\ViteManifestNotFoundException(code: 0): Vite manifest not found at: C:\\Users\\luism\\OneDrive\\Documents\\Proyectos\\WMS-ARCOSA-NEW\\public\\build/manifest.json at C:\\Users\\luism\\OneDrive\\Documents\\Proyectos\\WMS-ARCOSA-NEW\\vendor\\laravel\\framework\\src\\Illuminate\\Foundation\\Vite.php:728)
[stacktrace]
#0 C:\\Users\\luism\\OneDrive\\Documents\\Proyectos\\WMS-ARCOSA-NEW\\vendor\\laravel\\framework\\src\\Illuminate\\Foundation\\Vite.php(293): Illuminate\\Foundation\\Vite->manifest('build')
#1 C:\\Users\\luism\\OneDrive\\Documents\\Proyectos\\WMS-ARCOSA-NEW\\storage\\framework\\views\\bbc96e7076f5cff04a5ce0e0821c40ea.php(10): Illuminate\\Foundation\\Vite->__invoke(Object(Illuminate\\Support\\Collection))
#2 C:\\Users\\luism\\OneDrive\\Documents\\Proyectos\\WMS-ARCOSA-NEW\\vendor\\laravel\\framework\\src\\Illuminate\\Filesystem\\Filesystem.php(123): require('C:\\\\Users\\\\luism\\\\...')
#3 C:\\Users\\luism\\OneDrive\\Documents\\Proyectos\\WMS-ARCOSA-NEW\\vendor\\laravel\\framework\\src\\Illuminate\\Filesystem\\Filesystem.php(124): Illuminate\\Filesystem\\Filesystem::Illuminate\\Filesystem\\{closure}()
#4 C:\\Users\\luism\\OneDrive\\Documents\\Proyectos\\WMS-ARCOSA-NEW\\vendor\\laravel\\framework\\src\\Illuminate\\View\\Engines\\PhpEngine.php(58): Illuminate\\Filesystem\\Filesystem->getRequire('C:\\\\Users\\\\luism\\\\...', Array)
#5 C:\\Users\\luism\\OneDrive\\Documents\\Proyectos\\WMS-ARCOSA-NEW\\vendor\\laravel\\framework\\src\\Illuminate\\View\\Engines\\CompilerEngine.php(73): Illuminate\\View\\Engines\\PhpEngine->evaluatePath('C:\\\\Users\\\\luism\\\\...', Array)
#6 C:\\Users\\luism\\OneDrive\\Documents\\Proyectos\\WMS-ARCOSA-NEW\\vendor\\laravel\\framework\\src\\Illuminate\\View\\View.php(208): Illuminate\\View\\Engines\\CompilerEngine->get('C:\\\\Users\\\\luism\\\\...', Array)
#7 C:\\Users\\luism\\OneDrive\\Documents\\Proyectos\\WMS-ARCOSA-NEW\\vendor\\laravel\\framework\\src\\Illuminate\\View\\View.php(191): Illuminate\\View\\View->getContents()
#8 C:\\Users\\luism\\OneDrive\\Documents\\Proyectos\\WMS-ARCOSA-NEW\\vendor\\laravel\\framework\\src\\Illuminate\\View\\View.php(160): Illuminate\\View\\View->renderContents()
#9 C:\\Users\\luism\\OneDrive\\Documents\\Proyectos\\WMS-ARCOSA-NEW\\vendor\\laravel\\framework\\src\\Illuminate\\Http\\Response.php(70): Illuminate\\View\\View->render()
#10 C:\\Users\\luism\\OneDrive\\Documents\\Proyectos\\WMS-ARCOSA-NEW\\vendor\\laravel\\framework\\src\\Illuminate\\Http\\Response.php(35): Illuminate\\Http\\Response->setContent(Object(Illuminate\\View\\View))
#11 C:\\Users\\luism\\OneDrive\\Documents\\Proyectos\\WMS-ARCOSA-NEW\\vendor\\laravel\\framework\\src\\Illuminate\\Routing\\Router.php(918): Illuminate\\Http\\Response->__construct(Object(Illuminate\\View\\View), 200, Array)
#12 C:\\Users\\luism\\OneDrive\\Documents\\Proyectos\\WMS-ARCOSA-NEW\\vendor\\laravel\\framework\\src\\Illuminate\\Routing\\Router.php(885): Illuminate\\Routing\\Router::toResponse(Object(Illuminate\\Http\\Request), Object(Illuminate\\View\\View))
#13 C:\\Users\\luism\\OneDrive\\Documents\\Proyectos\\WMS-ARCOSA-NEW\\vendor\\laravel\\framework\\src\\Illuminate\\Routing\\Router.php(805): Illuminate\\Routing\\Router->prepareResponse(Object(Illuminate\\Http\\Request), Object(Illuminate\\View\\View))
#14 C:\\Users\\luism\\OneDrive\\Documents\\Proyectos\\WMS-ARCOSA-NEW\\vendor\\laravel\\framework\\src\\Illuminate\\Pipeline\\Pipeline.php(144): Illuminate\\Routing\\Router->Illuminate\\Routing\\{closure}(Object(Illuminate\\Http\\Request))
#15 C:\\Users\\luism\\OneDrive\\Documents\\Proyectos\\WMS-ARCOSA-NEW\\vendor\\laravel\\framework\\src\\Illuminate\\Routing\\Middleware\\SubstituteBindings.php(50): Illuminate\\Pipeline\\Pipeline->Illuminate\\Pipeline\\{closure}(Object(Illuminate\\Http\\Request))
#16 C:\\Users\\luism\\OneDrive\\Documents\\Proyectos\\WMS-ARCOSA-NEW\\vendor\\laravel\\framework\\src\\Illuminate\\Pipeline\\Pipeline.php(183): Illuminate\\Routing\\Middleware\\SubstituteBindings->handle(Object(Illuminate\\Http\\Request), Object(Closure))
#17 C:\\Users\\luism\\OneDrive\\Documents\\Proyectos\\WMS-ARCOSA-NEW\\vendor\\laravel\\framework\\src\\Illuminate\\Foundation\\Http\\Middleware\\VerifyCsrfToken.php(88): Illuminate\\Pipeline\\Pipeline->Illuminate\\Pipeline\\{closure}(Object(Illuminate\\Http\\Request))
#18 C:\\Users\\luism\\OneDrive\\Documents\\Proyectos\\WMS-ARCOSA-NEW\\vendor\\laravel\\framework\\src\\Illuminate\\Pipeline\\Pipeline.php(183): Illuminate\\Foundation\\Http\\Middleware\\VerifyCsrfToken->handle(Object(Illuminate\\Http\\Request), Object(Closure))
#19 C:\\Users\\luism\\OneDrive\\Documents\\Proyectos\\WMS-ARCOSA-NEW\\vendor\\laravel\\framework\\src\\Illuminate\\View\\Middleware\\ShareErrorsFromSession.php(49): Illuminate\\Pipeline\\Pipeline->Illuminate\\Pipeline\\{closure}(Object(Illuminate\\Http\\Request))
#20 C:\\Users\\luism\\OneDrive\\Documents\\Proyectos\\WMS-ARCOSA-NEW\\vendor\\laravel\\framework\\src\\Illuminate\\Pipeline\\Pipeline.php(183): Illuminate\\View\\Middleware\\ShareErrorsFromSession->handle(Object(Illuminate\\Http\\Request), Object(Closure))
#21 C:\\Users\\luism\\OneDrive\\Documents\\Proyectos\\WMS-ARCOSA-NEW\\vendor\\laravel\\framework\\src\\Illuminate\\Session\\Middleware\\StartSession.php(121): Illuminate\\Pipeline\\Pipeline->Illuminate\\Pipeline\\{closure}(Object(Illuminate\\Http\\Request))
#22 C:\\Users\\luism\\OneDrive\\Documents\\Proyectos\\WMS-ARCOSA-NEW\\vendor\\laravel\\framework\\src\\Illuminate\\Session\\Middleware\\StartSession.php(64): Illuminate\\Session\\Middleware\\StartSession->handleStatefulRequest(Object(Illuminate\\Http\\Request), Object(Illuminate\\Session\\Store), Object(Closure))
#23 C:\\Users\\luism\\OneDrive\\Documents\\Proyectos\\WMS-ARCOSA-NEW\\vendor\\laravel\\framework\\src\\Illuminate\\Pipeline\\Pipeline.php(183): Illuminate\\Session\\Middleware\\StartSession->handle(Object(Illuminate\\Http\\Request), Object(Closure))
#24 C:\\Users\\luism\\OneDrive\\Documents\\Proyectos\\WMS-ARCOSA-NEW\\vendor\\laravel\\framework\\src\\Illuminate\\Cookie\\Middleware\\AddQueuedCookiesToResponse.php(37): Illuminate\\Pipeline\\Pipeline->Illuminate\\Pipeline\\{closure}(Object(Illuminate\\Http\\Request))
#25 C:\\Users\\luism\\OneDrive\\Documents\\Proyectos\\WMS-ARCOSA-NEW\\vendor\\laravel\\framework\\src\\Illuminate\\Pipeline\\Pipeline.php(183): Illuminate\\Cookie\\Middleware\\AddQueuedCookiesToResponse->handle(Object(Illuminate\\Http\\Request), Object(Closure))
#26 C:\\Users\\luism\\OneDrive\\Documents\\Proyectos\\WMS-ARCOSA-NEW\\vendor\\laravel\\framework\\src\\Illuminate\\Cookie\\Middleware\\EncryptCookies.php(75): Illuminate\\Pipeline\\Pipeline->Illuminate\\Pipeline\\{closure}(Object(Illuminate\\Http\\Request))
#27 C:\\Users\\luism\\OneDrive\\Documents\\Proyectos\\WMS-ARCOSA-NEW\\vendor\\laravel\\framework\\src\\Illuminate\\Pipeline\\Pipeline.php(183): Illuminate\\Cookie\\Middleware\\EncryptCookies->handle(Object(Illuminate\\Http\\Request), Object(Closure))
#28 C:\\Users\\luism\\OneDrive\\Documents\\Proyectos\\WMS-ARCOSA-NEW\\vendor\\laravel\\framework\\src\\Illuminate\\Pipeline\\Pipeline.php(119): Illuminate\\Pipeline\\Pipeline->Illuminate\\Pipeline\\{closure}(Object(Illuminate\\Http\\Request))
#29 C:\\Users\\luism\\OneDrive\\Documents\\Proyectos\\WMS-ARCOSA-NEW\\vendor\\laravel\\framework\\src\\Illuminate\\Routing\\Router.php(805): Illuminate\\Pipeline\\Pipeline->then(Object(Closure))
#30 C:\\Users\\luism\\OneDrive\\Documents\\Proyectos\\WMS-ARCOSA-NEW\\vendor\\laravel\\framework\\src\\Illuminate\\Routing\\Router.php(784): Illuminate\\Routing\\Router->runRouteWithinStack(Object(Illuminate\\Routing\\Route), Object(Illuminate\\Http\\Request))
#31 C:\\Users\\luism\\OneDrive\\Documents\\Proyectos\\WMS-ARCOSA-NEW\\vendor\\laravel\\framework\\src\\Illuminate\\Routing\\Router.php(748): Illuminate\\Routing\\Router->runRoute(Object(Illuminate\\Http\\Request), Object(Illuminate\\Routing\\Route))
#32 C:\\Users\\luism\\OneDrive\\Documents\\Proyectos\\WMS-ARCOSA-NEW\\vendor\\laravel\\framework\\src\\Illuminate\\Routing\\Router.php(737): Illuminate\\Routing\\Router->dispatchToRoute(Object(Illuminate\\Http\\Request))
#33 C:\\Users\\luism\\OneDrive\\Documents\\Proyectos\\WMS-ARCOSA-NEW\\vendor\\laravel\\framework\\src\\Illuminate\\Foundation\\Http\\Kernel.php(200): Illuminate\\Routing\\Router->dispatch(Object(Illuminate\\Http\\Request))
#34 C:\\Users\\luism\\OneDrive\\Documents\\Proyectos\\WMS-ARCOSA-NEW\\vendor\\laravel\\framework\\src\\Illuminate\\Pipeline\\Pipeline.php(144): Illuminate\\Foundation\\Http\\Kernel->Illuminate\\Foundation\\Http\\{closure}(Object(Illuminate\\Http\\Request))
#35 C:\\Users\\luism\\OneDrive\\Documents\\Proyectos\\WMS-ARCOSA-NEW\\vendor\\laravel\\framework\\src\\Illuminate\\Foundation\\Http\\Middleware\\TransformsRequest.php(21): Illuminate\\Pipeline\\Pipeline->Illuminate\\Pipeline\\{closure}(Object(Illuminate\\Http\\Request))
#36 C:\\Users\\luism\\OneDrive\\Documents\\Proyectos\\WMS-ARCOSA-NEW\\vendor\\laravel\\framework\\src\\Illuminate\\Foundation\\Http\\Middleware\\ConvertEmptyStringsToNull.php(31): Illuminate\\Foundation\\Http\\Middleware\\TransformsRequest->handle(Object(Illuminate\\Http\\Request), Object(Closure))
#37 C:\\Users\\luism\\OneDrive\\Documents\\Proyectos\\WMS-ARCOSA-NEW\\vendor\\laravel\\framework\\src\\Illuminate\\Pipeline\\Pipeline.php(183): Illuminate\\Foundation\\Http\\Middleware\\ConvertEmptyStringsToNull->handle(Object(Illuminate\\Http\\Request), Object(Closure))
#38 C:\\Users\\luism\\OneDrive\\Documents\\Proyectos\\WMS-ARCOSA-NEW\\vendor\\laravel\\framework\\src\\Illuminate\\Foundation\\Http\\Middleware\\TransformsRequest.php(21): Illuminate\\Pipeline\\Pipeline->Illuminate\\Pipeline\\{closure}(Object(Illuminate\\Http\\Request))
#39 C:\\Users\\luism\\OneDrive\\Documents\\Proyectos\\WMS-ARCOSA-NEW\\vendor\\laravel\\framework\\src\\Illuminate\\Foundation\\Http\\Middleware\\TrimStrings.php(51): Illuminate\\Foundation\\Http\\Middleware\\TransformsRequest->handle(Object(Illuminate\\Http\\Request), Object(Closure))
#40 C:\\Users\\luism\\OneDrive\\Documents\\Proyectos\\WMS-ARCOSA-NEW\\vendor\\laravel\\framework\\src\\Illuminate\\Pipeline\\Pipeline.php(183): Illuminate\\Foundation\\Http\\Middleware\\TrimStrings->handle(Object(Illuminate\\Http\\Request), Object(Closure))
#41 C:\\Users\\luism\\OneDrive\\Documents\\Proyectos\\WMS-ARCOSA-NEW\\vendor\\laravel\\framework\\src\\Illuminate\\Http\\Middleware\\ValidatePostSize.php(27): Illuminate\\Pipeline\\Pipeline->Illuminate\\Pipeline\\{closure}(Object(Illuminate\\Http\\Request))
#42 C:\\Users\\luism\\OneDrive\\Documents\\Proyectos\\WMS-ARCOSA-NEW\\vendor\\laravel\\framework\\src\\Illuminate\\Pipeline\\Pipeline.php(183): Illuminate\\Http\\Middleware\\ValidatePostSize->handle(Object(Illuminate\\Http\\Request), Object(Closure))
#43 C:\\Users\\luism\\OneDrive\\Documents\\Proyectos\\WMS-ARCOSA-NEW\\vendor\\laravel\\framework\\src\\Illuminate\\Foundation\\Http\\Middleware\\PreventRequestsDuringMaintenance.php(110): Illuminate\\Pipeline\\Pipeline->Illuminate\\Pipeline\\{closure}(Object(Illuminate\\Http\\Request))
#44 C:\\Users\\luism\\OneDrive\\Documents\\Proyectos\\WMS-ARCOSA-NEW\\vendor\\laravel\\framework\\src\\Illuminate\\Pipeline\\Pipeline.php(183): Illuminate\\Foundation\\Http\\Middleware\\PreventRequestsDuringMaintenance->handle(Object(Illuminate\\Http\\Request), Object(Closure))
#45 C:\\Users\\luism\\OneDrive\\Documents\\Proyectos\\WMS-ARCOSA-NEW\\vendor\\laravel\\framework\\src\\Illuminate\\Http\\Middleware\\HandleCors.php(49): Illuminate\\Pipeline\\Pipeline->Illuminate\\Pipeline\\{closure}(Object(Illuminate\\Http\\Request))
#46 C:\\Users\\luism\\OneDrive\\Documents\\Proyectos\\WMS-ARCOSA-NEW\\vendor\\laravel\\framework\\src\\Illuminate\\Pipeline\\Pipeline.php(183): Illuminate\\Http\\Middleware\\HandleCors->handle(Object(Illuminate\\Http\\Request), Object(Closure))
#47 C:\\Users\\luism\\OneDrive\\Documents\\Proyectos\\WMS-ARCOSA-NEW\\vendor\\laravel\\framework\\src\\Illuminate\\Http\\Middleware\\TrustProxies.php(57): Illuminate\\Pipeline\\Pipeline->Illuminate\\Pipeline\\{closure}(Object(Illuminate\\Http\\Request))
#48 C:\\Users\\luism\\OneDrive\\Documents\\Proyectos\\WMS-ARCOSA-NEW\\vendor\\laravel\\framework\\src\\Illuminate\\Pipeline\\Pipeline.php(183): Illuminate\\Http\\Middleware\\TrustProxies->handle(Object(Illuminate\\Http\\Request), Object(Closure))
#49 C:\\Users\\luism\\OneDrive\\Documents\\Proyectos\\WMS-ARCOSA-NEW\\vendor\\laravel\\framework\\src\\Illuminate\\Pipeline\\Pipeline.php(119): Illuminate\\Pipeline\\Pipeline->Illuminate\\Pipeline\\{closure}(Object(Illuminate\\Http\\Request))
#50 C:\\Users\\luism\\OneDrive\\Documents\\Proyectos\\WMS-ARCOSA-NEW\\vendor\\laravel\\framework\\src\\Illuminate\\Foundation\\Http\\Kernel.php(175): Illuminate\\Pipeline\\Pipeline->then(Object(Closure))
#51 C:\\Users\\luism\\OneDrive\\Documents\\Proyectos\\WMS-ARCOSA-NEW\\vendor\\laravel\\framework\\src\\Illuminate\\Foundation\\Http\\Kernel.php(144): Illuminate\\Foundation\\Http\\Kernel->sendRequestThroughRouter(Object(Illuminate\\Http\\Request))
#52 C:\\Users\\luism\\OneDrive\\Documents\\Proyectos\\WMS-ARCOSA-NEW\\vendor\\laravel\\framework\\src\\Illuminate\\Foundation\\Application.php(1183): Illuminate\\Foundation\\Http\\Kernel->handle(Object(Illuminate\\Http\\Request))
#53 C:\\Users\\luism\\OneDrive\\Documents\\Proyectos\\WMS-ARCOSA-NEW\\public\\index.php(17): Illuminate\\Foundation\\Application->handleRequest(Object(Illuminate\\Http\\Request))
#54 C:\\Users\\luism\\OneDrive\\Documents\\Proyectos\\WMS-ARCOSA-NEW\\vendor\\laravel\\framework\\src\\Illuminate\\Foundation\\resources\\server.php(16): require_once('C:\\\\Users\\\\luism\\\\...')
#55 {main}
"} 
[2024-07-26 15:32:02] local.ERROR: Call to undefined method App\Models\User::ids_plantas() {"userId":1,"exception":"[object] (BadMethodCallException(code: 0): Call to undefined method App\\Models\\User::ids_plantas() at C:\\Users\\luism\\OneDrive\\Documents\\Proyectos\\WMS-ARCOSA-NEW\\vendor\\laravel\\framework\\src\\Illuminate\\Support\\Traits\\ForwardsCalls.php:67)
[stacktrace]
#0 C:\\Users\\luism\\OneDrive\\Documents\\Proyectos\\WMS-ARCOSA-NEW\\vendor\\laravel\\framework\\src\\Illuminate\\Support\\Traits\\ForwardsCalls.php(36): Illuminate\\Database\\Eloquent\\Model::throwBadMethodCallException('ids_plantas')
#1 C:\\Users\\luism\\OneDrive\\Documents\\Proyectos\\WMS-ARCOSA-NEW\\vendor\\laravel\\framework\\src\\Illuminate\\Database\\Eloquent\\Model.php(2340): Illuminate\\Database\\Eloquent\\Model->forwardCallTo(Object(Illuminate\\Database\\Eloquent\\Builder), 'ids_plantas', Array)
#2 C:\\Users\\luism\\OneDrive\\Documents\\Proyectos\\WMS-ARCOSA-NEW\\app\\Http\\Controllers\\Administracion\\CatalogoCamaraController.php(70): Illuminate\\Database\\Eloquent\\Model->__call('ids_plantas', Array)
#3 C:\\Users\\luism\\OneDrive\\Documents\\Proyectos\\WMS-ARCOSA-NEW\\vendor\\laravel\\framework\\src\\Illuminate\\Routing\\ControllerDispatcher.php(46): App\\Http\\Controllers\\Administracion\\CatalogoCamaraController->getCamarasByPlanta()
#4 C:\\Users\\luism\\OneDrive\\Documents\\Proyectos\\WMS-ARCOSA-NEW\\vendor\\laravel\\framework\\src\\Illuminate\\Routing\\Route.php(260): Illuminate\\Routing\\ControllerDispatcher->dispatch(Object(Illuminate\\Routing\\Route), Object(App\\Http\\Controllers\\Administracion\\CatalogoCamaraController), 'getCamarasByPla...')
#5 C:\\Users\\luism\\OneDrive\\Documents\\Proyectos\\WMS-ARCOSA-NEW\\vendor\\laravel\\framework\\src\\Illuminate\\Routing\\Route.php(206): Illuminate\\Routing\\Route->runController()
#6 C:\\Users\\luism\\OneDrive\\Documents\\Proyectos\\WMS-ARCOSA-NEW\\vendor\\laravel\\framework\\src\\Illuminate\\Routing\\Router.php(806): Illuminate\\Routing\\Route->run()
#7 C:\\Users\\luism\\OneDrive\\Documents\\Proyectos\\WMS-ARCOSA-NEW\\vendor\\laravel\\framework\\src\\Illuminate\\Pipeline\\Pipeline.php(144): Illuminate\\Routing\\Router->Illuminate\\Routing\\{closure}(Object(Illuminate\\Http\\Request))
#8 C:\\Users\\luism\\OneDrive\\Documents\\Proyectos\\WMS-ARCOSA-NEW\\vendor\\laravel\\framework\\src\\Illuminate\\Routing\\Middleware\\SubstituteBindings.php(50): Illuminate\\Pipeline\\Pipeline->Illuminate\\Pipeline\\{closure}(Object(Illuminate\\Http\\Request))
#9 C:\\Users\\luism\\OneDrive\\Documents\\Proyectos\\WMS-ARCOSA-NEW\\vendor\\laravel\\framework\\src\\Illuminate\\Pipeline\\Pipeline.php(183): Illuminate\\Routing\\Middleware\\SubstituteBindings->handle(Object(Illuminate\\Http\\Request), Object(Closure))
#10 C:\\Users\\luism\\OneDrive\\Documents\\Proyectos\\WMS-ARCOSA-NEW\\vendor\\laravel\\framework\\src\\Illuminate\\Auth\\Middleware\\Authenticate.php(64): Illuminate\\Pipeline\\Pipeline->Illuminate\\Pipeline\\{closure}(Object(Illuminate\\Http\\Request))
#11 C:\\Users\\luism\\OneDrive\\Documents\\Proyectos\\WMS-ARCOSA-NEW\\vendor\\laravel\\framework\\src\\Illuminate\\Pipeline\\Pipeline.php(183): Illuminate\\Auth\\Middleware\\Authenticate->handle(Object(Illuminate\\Http\\Request), Object(Closure), 'sanctum')
#12 C:\\Users\\luism\\OneDrive\\Documents\\Proyectos\\WMS-ARCOSA-NEW\\vendor\\laravel\\framework\\src\\Illuminate\\Pipeline\\Pipeline.php(119): Illuminate\\Pipeline\\Pipeline->Illuminate\\Pipeline\\{closure}(Object(Illuminate\\Http\\Request))
#13 C:\\Users\\luism\\OneDrive\\Documents\\Proyectos\\WMS-ARCOSA-NEW\\vendor\\laravel\\framework\\src\\Illuminate\\Routing\\Router.php(805): Illuminate\\Pipeline\\Pipeline->then(Object(Closure))
#14 C:\\Users\\luism\\OneDrive\\Documents\\Proyectos\\WMS-ARCOSA-NEW\\vendor\\laravel\\framework\\src\\Illuminate\\Routing\\Router.php(784): Illuminate\\Routing\\Router->runRouteWithinStack(Object(Illuminate\\Routing\\Route), Object(Illuminate\\Http\\Request))
#15 C:\\Users\\luism\\OneDrive\\Documents\\Proyectos\\WMS-ARCOSA-NEW\\vendor\\laravel\\framework\\src\\Illuminate\\Routing\\Router.php(748): Illuminate\\Routing\\Router->runRoute(Object(Illuminate\\Http\\Request), Object(Illuminate\\Routing\\Route))
#16 C:\\Users\\luism\\OneDrive\\Documents\\Proyectos\\WMS-ARCOSA-NEW\\vendor\\laravel\\framework\\src\\Illuminate\\Routing\\Router.php(737): Illuminate\\Routing\\Router->dispatchToRoute(Object(Illuminate\\Http\\Request))
#17 C:\\Users\\luism\\OneDrive\\Documents\\Proyectos\\WMS-ARCOSA-NEW\\vendor\\laravel\\framework\\src\\Illuminate\\Foundation\\Http\\Kernel.php(200): Illuminate\\Routing\\Router->dispatch(Object(Illuminate\\Http\\Request))
#18 C:\\Users\\luism\\OneDrive\\Documents\\Proyectos\\WMS-ARCOSA-NEW\\vendor\\laravel\\framework\\src\\Illuminate\\Pipeline\\Pipeline.php(144): Illuminate\\Foundation\\Http\\Kernel->Illuminate\\Foundation\\Http\\{closure}(Object(Illuminate\\Http\\Request))
#19 C:\\Users\\luism\\OneDrive\\Documents\\Proyectos\\WMS-ARCOSA-NEW\\vendor\\laravel\\framework\\src\\Illuminate\\Foundation\\Http\\Middleware\\TransformsRequest.php(21): Illuminate\\Pipeline\\Pipeline->Illuminate\\Pipeline\\{closure}(Object(Illuminate\\Http\\Request))
#20 C:\\Users\\luism\\OneDrive\\Documents\\Proyectos\\WMS-ARCOSA-NEW\\vendor\\laravel\\framework\\src\\Illuminate\\Foundation\\Http\\Middleware\\ConvertEmptyStringsToNull.php(31): Illuminate\\Foundation\\Http\\Middleware\\TransformsRequest->handle(Object(Illuminate\\Http\\Request), Object(Closure))
#21 C:\\Users\\luism\\OneDrive\\Documents\\Proyectos\\WMS-ARCOSA-NEW\\vendor\\laravel\\framework\\src\\Illuminate\\Pipeline\\Pipeline.php(183): Illuminate\\Foundation\\Http\\Middleware\\ConvertEmptyStringsToNull->handle(Object(Illuminate\\Http\\Request), Object(Closure))
#22 C:\\Users\\luism\\OneDrive\\Documents\\Proyectos\\WMS-ARCOSA-NEW\\vendor\\laravel\\framework\\src\\Illuminate\\Foundation\\Http\\Middleware\\TransformsRequest.php(21): Illuminate\\Pipeline\\Pipeline->Illuminate\\Pipeline\\{closure}(Object(Illuminate\\Http\\Request))
#23 C:\\Users\\luism\\OneDrive\\Documents\\Proyectos\\WMS-ARCOSA-NEW\\vendor\\laravel\\framework\\src\\Illuminate\\Foundation\\Http\\Middleware\\TrimStrings.php(51): Illuminate\\Foundation\\Http\\Middleware\\TransformsRequest->handle(Object(Illuminate\\Http\\Request), Object(Closure))
#24 C:\\Users\\luism\\OneDrive\\Documents\\Proyectos\\WMS-ARCOSA-NEW\\vendor\\laravel\\framework\\src\\Illuminate\\Pipeline\\Pipeline.php(183): Illuminate\\Foundation\\Http\\Middleware\\TrimStrings->handle(Object(Illuminate\\Http\\Request), Object(Closure))
#25 C:\\Users\\luism\\OneDrive\\Documents\\Proyectos\\WMS-ARCOSA-NEW\\vendor\\laravel\\framework\\src\\Illuminate\\Http\\Middleware\\ValidatePostSize.php(27): Illuminate\\Pipeline\\Pipeline->Illuminate\\Pipeline\\{closure}(Object(Illuminate\\Http\\Request))
#26 C:\\Users\\luism\\OneDrive\\Documents\\Proyectos\\WMS-ARCOSA-NEW\\vendor\\laravel\\framework\\src\\Illuminate\\Pipeline\\Pipeline.php(183): Illuminate\\Http\\Middleware\\ValidatePostSize->handle(Object(Illuminate\\Http\\Request), Object(Closure))
#27 C:\\Users\\luism\\OneDrive\\Documents\\Proyectos\\WMS-ARCOSA-NEW\\vendor\\laravel\\framework\\src\\Illuminate\\Foundation\\Http\\Middleware\\PreventRequestsDuringMaintenance.php(110): Illuminate\\Pipeline\\Pipeline->Illuminate\\Pipeline\\{closure}(Object(Illuminate\\Http\\Request))
#28 C:\\Users\\luism\\OneDrive\\Documents\\Proyectos\\WMS-ARCOSA-NEW\\vendor\\laravel\\framework\\src\\Illuminate\\Pipeline\\Pipeline.php(183): Illuminate\\Foundation\\Http\\Middleware\\PreventRequestsDuringMaintenance->handle(Object(Illuminate\\Http\\Request), Object(Closure))
#29 C:\\Users\\luism\\OneDrive\\Documents\\Proyectos\\WMS-ARCOSA-NEW\\vendor\\laravel\\framework\\src\\Illuminate\\Http\\Middleware\\HandleCors.php(62): Illuminate\\Pipeline\\Pipeline->Illuminate\\Pipeline\\{closure}(Object(Illuminate\\Http\\Request))
#30 C:\\Users\\luism\\OneDrive\\Documents\\Proyectos\\WMS-ARCOSA-NEW\\vendor\\laravel\\framework\\src\\Illuminate\\Pipeline\\Pipeline.php(183): Illuminate\\Http\\Middleware\\HandleCors->handle(Object(Illuminate\\Http\\Request), Object(Closure))
#31 C:\\Users\\luism\\OneDrive\\Documents\\Proyectos\\WMS-ARCOSA-NEW\\vendor\\laravel\\framework\\src\\Illuminate\\Http\\Middleware\\TrustProxies.php(57): Illuminate\\Pipeline\\Pipeline->Illuminate\\Pipeline\\{closure}(Object(Illuminate\\Http\\Request))
#32 C:\\Users\\luism\\OneDrive\\Documents\\Proyectos\\WMS-ARCOSA-NEW\\vendor\\laravel\\framework\\src\\Illuminate\\Pipeline\\Pipeline.php(183): Illuminate\\Http\\Middleware\\TrustProxies->handle(Object(Illuminate\\Http\\Request), Object(Closure))
#33 C:\\Users\\luism\\OneDrive\\Documents\\Proyectos\\WMS-ARCOSA-NEW\\vendor\\laravel\\framework\\src\\Illuminate\\Pipeline\\Pipeline.php(119): Illuminate\\Pipeline\\Pipeline->Illuminate\\Pipeline\\{closure}(Object(Illuminate\\Http\\Request))
#34 C:\\Users\\luism\\OneDrive\\Documents\\Proyectos\\WMS-ARCOSA-NEW\\vendor\\laravel\\framework\\src\\Illuminate\\Foundation\\Http\\Kernel.php(175): Illuminate\\Pipeline\\Pipeline->then(Object(Closure))
#35 C:\\Users\\luism\\OneDrive\\Documents\\Proyectos\\WMS-ARCOSA-NEW\\vendor\\laravel\\framework\\src\\Illuminate\\Foundation\\Http\\Kernel.php(144): Illuminate\\Foundation\\Http\\Kernel->sendRequestThroughRouter(Object(Illuminate\\Http\\Request))
#36 C:\\Users\\luism\\OneDrive\\Documents\\Proyectos\\WMS-ARCOSA-NEW\\vendor\\laravel\\framework\\src\\Illuminate\\Foundation\\Application.php(1183): Illuminate\\Foundation\\Http\\Kernel->handle(Object(Illuminate\\Http\\Request))
#37 C:\\Users\\luism\\OneDrive\\Documents\\Proyectos\\WMS-ARCOSA-NEW\\public\\index.php(17): Illuminate\\Foundation\\Application->handleRequest(Object(Illuminate\\Http\\Request))
#38 C:\\Users\\luism\\OneDrive\\Documents\\Proyectos\\WMS-ARCOSA-NEW\\vendor\\laravel\\framework\\src\\Illuminate\\Foundation\\resources\\server.php(16): require_once('C:\\\\Users\\\\luism\\\\...')
#39 {main}
"} 
[2024-07-26 15:34:03] local.ERROR: Call to undefined method App\Models\User::ids_plantas() {"userId":1,"exception":"[object] (BadMethodCallException(code: 0): Call to undefined method App\\Models\\User::ids_plantas() at C:\\Users\\luism\\OneDrive\\Documents\\Proyectos\\WMS-ARCOSA-NEW\\vendor\\laravel\\framework\\src\\Illuminate\\Support\\Traits\\ForwardsCalls.php:67)
[stacktrace]
#0 C:\\Users\\luism\\OneDrive\\Documents\\Proyectos\\WMS-ARCOSA-NEW\\vendor\\laravel\\framework\\src\\Illuminate\\Support\\Traits\\ForwardsCalls.php(36): Illuminate\\Database\\Eloquent\\Model::throwBadMethodCallException('ids_plantas')
#1 C:\\Users\\luism\\OneDrive\\Documents\\Proyectos\\WMS-ARCOSA-NEW\\vendor\\laravel\\framework\\src\\Illuminate\\Database\\Eloquent\\Model.php(2340): Illuminate\\Database\\Eloquent\\Model->forwardCallTo(Object(Illuminate\\Database\\Eloquent\\Builder), 'ids_plantas', Array)
#2 C:\\Users\\luism\\OneDrive\\Documents\\Proyectos\\WMS-ARCOSA-NEW\\app\\Http\\Controllers\\Administracion\\CatalogoCamaraController.php(70): Illuminate\\Database\\Eloquent\\Model->__call('ids_plantas', Array)
#3 C:\\Users\\luism\\OneDrive\\Documents\\Proyectos\\WMS-ARCOSA-NEW\\vendor\\laravel\\framework\\src\\Illuminate\\Routing\\ControllerDispatcher.php(46): App\\Http\\Controllers\\Administracion\\CatalogoCamaraController->getCamarasByPlanta()
#4 C:\\Users\\luism\\OneDrive\\Documents\\Proyectos\\WMS-ARCOSA-NEW\\vendor\\laravel\\framework\\src\\Illuminate\\Routing\\Route.php(260): Illuminate\\Routing\\ControllerDispatcher->dispatch(Object(Illuminate\\Routing\\Route), Object(App\\Http\\Controllers\\Administracion\\CatalogoCamaraController), 'getCamarasByPla...')
#5 C:\\Users\\luism\\OneDrive\\Documents\\Proyectos\\WMS-ARCOSA-NEW\\vendor\\laravel\\framework\\src\\Illuminate\\Routing\\Route.php(206): Illuminate\\Routing\\Route->runController()
#6 C:\\Users\\luism\\OneDrive\\Documents\\Proyectos\\WMS-ARCOSA-NEW\\vendor\\laravel\\framework\\src\\Illuminate\\Routing\\Router.php(806): Illuminate\\Routing\\Route->run()
#7 C:\\Users\\luism\\OneDrive\\Documents\\Proyectos\\WMS-ARCOSA-NEW\\vendor\\laravel\\framework\\src\\Illuminate\\Pipeline\\Pipeline.php(144): Illuminate\\Routing\\Router->Illuminate\\Routing\\{closure}(Object(Illuminate\\Http\\Request))
#8 C:\\Users\\luism\\OneDrive\\Documents\\Proyectos\\WMS-ARCOSA-NEW\\vendor\\laravel\\framework\\src\\Illuminate\\Routing\\Middleware\\SubstituteBindings.php(50): Illuminate\\Pipeline\\Pipeline->Illuminate\\Pipeline\\{closure}(Object(Illuminate\\Http\\Request))
#9 C:\\Users\\luism\\OneDrive\\Documents\\Proyectos\\WMS-ARCOSA-NEW\\vendor\\laravel\\framework\\src\\Illuminate\\Pipeline\\Pipeline.php(183): Illuminate\\Routing\\Middleware\\SubstituteBindings->handle(Object(Illuminate\\Http\\Request), Object(Closure))
#10 C:\\Users\\luism\\OneDrive\\Documents\\Proyectos\\WMS-ARCOSA-NEW\\vendor\\laravel\\framework\\src\\Illuminate\\Auth\\Middleware\\Authenticate.php(64): Illuminate\\Pipeline\\Pipeline->Illuminate\\Pipeline\\{closure}(Object(Illuminate\\Http\\Request))
#11 C:\\Users\\luism\\OneDrive\\Documents\\Proyectos\\WMS-ARCOSA-NEW\\vendor\\laravel\\framework\\src\\Illuminate\\Pipeline\\Pipeline.php(183): Illuminate\\Auth\\Middleware\\Authenticate->handle(Object(Illuminate\\Http\\Request), Object(Closure), 'sanctum')
#12 C:\\Users\\luism\\OneDrive\\Documents\\Proyectos\\WMS-ARCOSA-NEW\\vendor\\laravel\\framework\\src\\Illuminate\\Pipeline\\Pipeline.php(119): Illuminate\\Pipeline\\Pipeline->Illuminate\\Pipeline\\{closure}(Object(Illuminate\\Http\\Request))
#13 C:\\Users\\luism\\OneDrive\\Documents\\Proyectos\\WMS-ARCOSA-NEW\\vendor\\laravel\\framework\\src\\Illuminate\\Routing\\Router.php(805): Illuminate\\Pipeline\\Pipeline->then(Object(Closure))
#14 C:\\Users\\luism\\OneDrive\\Documents\\Proyectos\\WMS-ARCOSA-NEW\\vendor\\laravel\\framework\\src\\Illuminate\\Routing\\Router.php(784): Illuminate\\Routing\\Router->runRouteWithinStack(Object(Illuminate\\Routing\\Route), Object(Illuminate\\Http\\Request))
#15 C:\\Users\\luism\\OneDrive\\Documents\\Proyectos\\WMS-ARCOSA-NEW\\vendor\\laravel\\framework\\src\\Illuminate\\Routing\\Router.php(748): Illuminate\\Routing\\Router->runRoute(Object(Illuminate\\Http\\Request), Object(Illuminate\\Routing\\Route))
#16 C:\\Users\\luism\\OneDrive\\Documents\\Proyectos\\WMS-ARCOSA-NEW\\vendor\\laravel\\framework\\src\\Illuminate\\Routing\\Router.php(737): Illuminate\\Routing\\Router->dispatchToRoute(Object(Illuminate\\Http\\Request))
#17 C:\\Users\\luism\\OneDrive\\Documents\\Proyectos\\WMS-ARCOSA-NEW\\vendor\\laravel\\framework\\src\\Illuminate\\Foundation\\Http\\Kernel.php(200): Illuminate\\Routing\\Router->dispatch(Object(Illuminate\\Http\\Request))
#18 C:\\Users\\luism\\OneDrive\\Documents\\Proyectos\\WMS-ARCOSA-NEW\\vendor\\laravel\\framework\\src\\Illuminate\\Pipeline\\Pipeline.php(144): Illuminate\\Foundation\\Http\\Kernel->Illuminate\\Foundation\\Http\\{closure}(Object(Illuminate\\Http\\Request))
#19 C:\\Users\\luism\\OneDrive\\Documents\\Proyectos\\WMS-ARCOSA-NEW\\vendor\\laravel\\framework\\src\\Illuminate\\Foundation\\Http\\Middleware\\TransformsRequest.php(21): Illuminate\\Pipeline\\Pipeline->Illuminate\\Pipeline\\{closure}(Object(Illuminate\\Http\\Request))
#20 C:\\Users\\luism\\OneDrive\\Documents\\Proyectos\\WMS-ARCOSA-NEW\\vendor\\laravel\\framework\\src\\Illuminate\\Foundation\\Http\\Middleware\\ConvertEmptyStringsToNull.php(31): Illuminate\\Foundation\\Http\\Middleware\\TransformsRequest->handle(Object(Illuminate\\Http\\Request), Object(Closure))
#21 C:\\Users\\luism\\OneDrive\\Documents\\Proyectos\\WMS-ARCOSA-NEW\\vendor\\laravel\\framework\\src\\Illuminate\\Pipeline\\Pipeline.php(183): Illuminate\\Foundation\\Http\\Middleware\\ConvertEmptyStringsToNull->handle(Object(Illuminate\\Http\\Request), Object(Closure))
#22 C:\\Users\\luism\\OneDrive\\Documents\\Proyectos\\WMS-ARCOSA-NEW\\vendor\\laravel\\framework\\src\\Illuminate\\Foundation\\Http\\Middleware\\TransformsRequest.php(21): Illuminate\\Pipeline\\Pipeline->Illuminate\\Pipeline\\{closure}(Object(Illuminate\\Http\\Request))
#23 C:\\Users\\luism\\OneDrive\\Documents\\Proyectos\\WMS-ARCOSA-NEW\\vendor\\laravel\\framework\\src\\Illuminate\\Foundation\\Http\\Middleware\\TrimStrings.php(51): Illuminate\\Foundation\\Http\\Middleware\\TransformsRequest->handle(Object(Illuminate\\Http\\Request), Object(Closure))
#24 C:\\Users\\luism\\OneDrive\\Documents\\Proyectos\\WMS-ARCOSA-NEW\\vendor\\laravel\\framework\\src\\Illuminate\\Pipeline\\Pipeline.php(183): Illuminate\\Foundation\\Http\\Middleware\\TrimStrings->handle(Object(Illuminate\\Http\\Request), Object(Closure))
#25 C:\\Users\\luism\\OneDrive\\Documents\\Proyectos\\WMS-ARCOSA-NEW\\vendor\\laravel\\framework\\src\\Illuminate\\Http\\Middleware\\ValidatePostSize.php(27): Illuminate\\Pipeline\\Pipeline->Illuminate\\Pipeline\\{closure}(Object(Illuminate\\Http\\Request))
#26 C:\\Users\\luism\\OneDrive\\Documents\\Proyectos\\WMS-ARCOSA-NEW\\vendor\\laravel\\framework\\src\\Illuminate\\Pipeline\\Pipeline.php(183): Illuminate\\Http\\Middleware\\ValidatePostSize->handle(Object(Illuminate\\Http\\Request), Object(Closure))
#27 C:\\Users\\luism\\OneDrive\\Documents\\Proyectos\\WMS-ARCOSA-NEW\\vendor\\laravel\\framework\\src\\Illuminate\\Foundation\\Http\\Middleware\\PreventRequestsDuringMaintenance.php(110): Illuminate\\Pipeline\\Pipeline->Illuminate\\Pipeline\\{closure}(Object(Illuminate\\Http\\Request))
#28 C:\\Users\\luism\\OneDrive\\Documents\\Proyectos\\WMS-ARCOSA-NEW\\vendor\\laravel\\framework\\src\\Illuminate\\Pipeline\\Pipeline.php(183): Illuminate\\Foundation\\Http\\Middleware\\PreventRequestsDuringMaintenance->handle(Object(Illuminate\\Http\\Request), Object(Closure))
#29 C:\\Users\\luism\\OneDrive\\Documents\\Proyectos\\WMS-ARCOSA-NEW\\vendor\\laravel\\framework\\src\\Illuminate\\Http\\Middleware\\HandleCors.php(62): Illuminate\\Pipeline\\Pipeline->Illuminate\\Pipeline\\{closure}(Object(Illuminate\\Http\\Request))
#30 C:\\Users\\luism\\OneDrive\\Documents\\Proyectos\\WMS-ARCOSA-NEW\\vendor\\laravel\\framework\\src\\Illuminate\\Pipeline\\Pipeline.php(183): Illuminate\\Http\\Middleware\\HandleCors->handle(Object(Illuminate\\Http\\Request), Object(Closure))
#31 C:\\Users\\luism\\OneDrive\\Documents\\Proyectos\\WMS-ARCOSA-NEW\\vendor\\laravel\\framework\\src\\Illuminate\\Http\\Middleware\\TrustProxies.php(57): Illuminate\\Pipeline\\Pipeline->Illuminate\\Pipeline\\{closure}(Object(Illuminate\\Http\\Request))
#32 C:\\Users\\luism\\OneDrive\\Documents\\Proyectos\\WMS-ARCOSA-NEW\\vendor\\laravel\\framework\\src\\Illuminate\\Pipeline\\Pipeline.php(183): Illuminate\\Http\\Middleware\\TrustProxies->handle(Object(Illuminate\\Http\\Request), Object(Closure))
#33 C:\\Users\\luism\\OneDrive\\Documents\\Proyectos\\WMS-ARCOSA-NEW\\vendor\\laravel\\framework\\src\\Illuminate\\Pipeline\\Pipeline.php(119): Illuminate\\Pipeline\\Pipeline->Illuminate\\Pipeline\\{closure}(Object(Illuminate\\Http\\Request))
#34 C:\\Users\\luism\\OneDrive\\Documents\\Proyectos\\WMS-ARCOSA-NEW\\vendor\\laravel\\framework\\src\\Illuminate\\Foundation\\Http\\Kernel.php(175): Illuminate\\Pipeline\\Pipeline->then(Object(Closure))
#35 C:\\Users\\luism\\OneDrive\\Documents\\Proyectos\\WMS-ARCOSA-NEW\\vendor\\laravel\\framework\\src\\Illuminate\\Foundation\\Http\\Kernel.php(144): Illuminate\\Foundation\\Http\\Kernel->sendRequestThroughRouter(Object(Illuminate\\Http\\Request))
#36 C:\\Users\\luism\\OneDrive\\Documents\\Proyectos\\WMS-ARCOSA-NEW\\vendor\\laravel\\framework\\src\\Illuminate\\Foundation\\Application.php(1183): Illuminate\\Foundation\\Http\\Kernel->handle(Object(Illuminate\\Http\\Request))
#37 C:\\Users\\luism\\OneDrive\\Documents\\Proyectos\\WMS-ARCOSA-NEW\\public\\index.php(17): Illuminate\\Foundation\\Application->handleRequest(Object(Illuminate\\Http\\Request))
#38 C:\\Users\\luism\\OneDrive\\Documents\\Proyectos\\WMS-ARCOSA-NEW\\vendor\\laravel\\framework\\src\\Illuminate\\Foundation\\resources\\server.php(16): require_once('C:\\\\Users\\\\luism\\\\...')
#39 {main}
"} 
[2024-07-26 16:37:56] local.ERROR: Attempt to read property "nombre" on null {"userId":1,"exception":"[object] (ErrorException(code: 0): Attempt to read property \"nombre\" on null at C:\\Users\\luism\\OneDrive\\Documents\\Proyectos\\WMS-ARCOSA-NEW\\app\\Http\\Controllers\\Administracion\\CatalogoCamaraController.php:80)
[stacktrace]
#0 C:\\Users\\luism\\OneDrive\\Documents\\Proyectos\\WMS-ARCOSA-NEW\\vendor\\laravel\\framework\\src\\Illuminate\\Foundation\\Bootstrap\\HandleExceptions.php(256): Illuminate\\Foundation\\Bootstrap\\HandleExceptions->handleError(2, 'Attempt to read...', 'C:\\\\Users\\\\luism\\\\...', 80)
#1 C:\\Users\\luism\\OneDrive\\Documents\\Proyectos\\WMS-ARCOSA-NEW\\app\\Http\\Controllers\\Administracion\\CatalogoCamaraController.php(80): Illuminate\\Foundation\\Bootstrap\\HandleExceptions->Illuminate\\Foundation\\Bootstrap\\{closure}(2, 'Attempt to read...', 'C:\\\\Users\\\\luism\\\\...', 80)
#2 C:\\Users\\luism\\OneDrive\\Documents\\Proyectos\\WMS-ARCOSA-NEW\\vendor\\laravel\\framework\\src\\Illuminate\\Routing\\ControllerDispatcher.php(46): App\\Http\\Controllers\\Administracion\\CatalogoCamaraController->getCamarasByPlanta(Object(Illuminate\\Http\\Request))
#3 C:\\Users\\luism\\OneDrive\\Documents\\Proyectos\\WMS-ARCOSA-NEW\\vendor\\laravel\\framework\\src\\Illuminate\\Routing\\Route.php(260): Illuminate\\Routing\\ControllerDispatcher->dispatch(Object(Illuminate\\Routing\\Route), Object(App\\Http\\Controllers\\Administracion\\CatalogoCamaraController), 'getCamarasByPla...')
#4 C:\\Users\\luism\\OneDrive\\Documents\\Proyectos\\WMS-ARCOSA-NEW\\vendor\\laravel\\framework\\src\\Illuminate\\Routing\\Route.php(206): Illuminate\\Routing\\Route->runController()
#5 C:\\Users\\luism\\OneDrive\\Documents\\Proyectos\\WMS-ARCOSA-NEW\\vendor\\laravel\\framework\\src\\Illuminate\\Routing\\Router.php(806): Illuminate\\Routing\\Route->run()
#6 C:\\Users\\luism\\OneDrive\\Documents\\Proyectos\\WMS-ARCOSA-NEW\\vendor\\laravel\\framework\\src\\Illuminate\\Pipeline\\Pipeline.php(144): Illuminate\\Routing\\Router->Illuminate\\Routing\\{closure}(Object(Illuminate\\Http\\Request))
#7 C:\\Users\\luism\\OneDrive\\Documents\\Proyectos\\WMS-ARCOSA-NEW\\vendor\\laravel\\framework\\src\\Illuminate\\Routing\\Middleware\\SubstituteBindings.php(50): Illuminate\\Pipeline\\Pipeline->Illuminate\\Pipeline\\{closure}(Object(Illuminate\\Http\\Request))
#8 C:\\Users\\luism\\OneDrive\\Documents\\Proyectos\\WMS-ARCOSA-NEW\\vendor\\laravel\\framework\\src\\Illuminate\\Pipeline\\Pipeline.php(183): Illuminate\\Routing\\Middleware\\SubstituteBindings->handle(Object(Illuminate\\Http\\Request), Object(Closure))
#9 C:\\Users\\luism\\OneDrive\\Documents\\Proyectos\\WMS-ARCOSA-NEW\\vendor\\laravel\\framework\\src\\Illuminate\\Auth\\Middleware\\Authenticate.php(64): Illuminate\\Pipeline\\Pipeline->Illuminate\\Pipeline\\{closure}(Object(Illuminate\\Http\\Request))
#10 C:\\Users\\luism\\OneDrive\\Documents\\Proyectos\\WMS-ARCOSA-NEW\\vendor\\laravel\\framework\\src\\Illuminate\\Pipeline\\Pipeline.php(183): Illuminate\\Auth\\Middleware\\Authenticate->handle(Object(Illuminate\\Http\\Request), Object(Closure), 'sanctum')
#11 C:\\Users\\luism\\OneDrive\\Documents\\Proyectos\\WMS-ARCOSA-NEW\\vendor\\laravel\\framework\\src\\Illuminate\\Pipeline\\Pipeline.php(119): Illuminate\\Pipeline\\Pipeline->Illuminate\\Pipeline\\{closure}(Object(Illuminate\\Http\\Request))
#12 C:\\Users\\luism\\OneDrive\\Documents\\Proyectos\\WMS-ARCOSA-NEW\\vendor\\laravel\\framework\\src\\Illuminate\\Routing\\Router.php(805): Illuminate\\Pipeline\\Pipeline->then(Object(Closure))
#13 C:\\Users\\luism\\OneDrive\\Documents\\Proyectos\\WMS-ARCOSA-NEW\\vendor\\laravel\\framework\\src\\Illuminate\\Routing\\Router.php(784): Illuminate\\Routing\\Router->runRouteWithinStack(Object(Illuminate\\Routing\\Route), Object(Illuminate\\Http\\Request))
#14 C:\\Users\\luism\\OneDrive\\Documents\\Proyectos\\WMS-ARCOSA-NEW\\vendor\\laravel\\framework\\src\\Illuminate\\Routing\\Router.php(748): Illuminate\\Routing\\Router->runRoute(Object(Illuminate\\Http\\Request), Object(Illuminate\\Routing\\Route))
#15 C:\\Users\\luism\\OneDrive\\Documents\\Proyectos\\WMS-ARCOSA-NEW\\vendor\\laravel\\framework\\src\\Illuminate\\Routing\\Router.php(737): Illuminate\\Routing\\Router->dispatchToRoute(Object(Illuminate\\Http\\Request))
#16 C:\\Users\\luism\\OneDrive\\Documents\\Proyectos\\WMS-ARCOSA-NEW\\vendor\\laravel\\framework\\src\\Illuminate\\Foundation\\Http\\Kernel.php(200): Illuminate\\Routing\\Router->dispatch(Object(Illuminate\\Http\\Request))
#17 C:\\Users\\luism\\OneDrive\\Documents\\Proyectos\\WMS-ARCOSA-NEW\\vendor\\laravel\\framework\\src\\Illuminate\\Pipeline\\Pipeline.php(144): Illuminate\\Foundation\\Http\\Kernel->Illuminate\\Foundation\\Http\\{closure}(Object(Illuminate\\Http\\Request))
#18 C:\\Users\\luism\\OneDrive\\Documents\\Proyectos\\WMS-ARCOSA-NEW\\vendor\\laravel\\framework\\src\\Illuminate\\Foundation\\Http\\Middleware\\TransformsRequest.php(21): Illuminate\\Pipeline\\Pipeline->Illuminate\\Pipeline\\{closure}(Object(Illuminate\\Http\\Request))
#19 C:\\Users\\luism\\OneDrive\\Documents\\Proyectos\\WMS-ARCOSA-NEW\\vendor\\laravel\\framework\\src\\Illuminate\\Foundation\\Http\\Middleware\\ConvertEmptyStringsToNull.php(31): Illuminate\\Foundation\\Http\\Middleware\\TransformsRequest->handle(Object(Illuminate\\Http\\Request), Object(Closure))
#20 C:\\Users\\luism\\OneDrive\\Documents\\Proyectos\\WMS-ARCOSA-NEW\\vendor\\laravel\\framework\\src\\Illuminate\\Pipeline\\Pipeline.php(183): Illuminate\\Foundation\\Http\\Middleware\\ConvertEmptyStringsToNull->handle(Object(Illuminate\\Http\\Request), Object(Closure))
#21 C:\\Users\\luism\\OneDrive\\Documents\\Proyectos\\WMS-ARCOSA-NEW\\vendor\\laravel\\framework\\src\\Illuminate\\Foundation\\Http\\Middleware\\TransformsRequest.php(21): Illuminate\\Pipeline\\Pipeline->Illuminate\\Pipeline\\{closure}(Object(Illuminate\\Http\\Request))
#22 C:\\Users\\luism\\OneDrive\\Documents\\Proyectos\\WMS-ARCOSA-NEW\\vendor\\laravel\\framework\\src\\Illuminate\\Foundation\\Http\\Middleware\\TrimStrings.php(51): Illuminate\\Foundation\\Http\\Middleware\\TransformsRequest->handle(Object(Illuminate\\Http\\Request), Object(Closure))
#23 C:\\Users\\luism\\OneDrive\\Documents\\Proyectos\\WMS-ARCOSA-NEW\\vendor\\laravel\\framework\\src\\Illuminate\\Pipeline\\Pipeline.php(183): Illuminate\\Foundation\\Http\\Middleware\\TrimStrings->handle(Object(Illuminate\\Http\\Request), Object(Closure))
#24 C:\\Users\\luism\\OneDrive\\Documents\\Proyectos\\WMS-ARCOSA-NEW\\vendor\\laravel\\framework\\src\\Illuminate\\Http\\Middleware\\ValidatePostSize.php(27): Illuminate\\Pipeline\\Pipeline->Illuminate\\Pipeline\\{closure}(Object(Illuminate\\Http\\Request))
#25 C:\\Users\\luism\\OneDrive\\Documents\\Proyectos\\WMS-ARCOSA-NEW\\vendor\\laravel\\framework\\src\\Illuminate\\Pipeline\\Pipeline.php(183): Illuminate\\Http\\Middleware\\ValidatePostSize->handle(Object(Illuminate\\Http\\Request), Object(Closure))
#26 C:\\Users\\luism\\OneDrive\\Documents\\Proyectos\\WMS-ARCOSA-NEW\\vendor\\laravel\\framework\\src\\Illuminate\\Foundation\\Http\\Middleware\\PreventRequestsDuringMaintenance.php(110): Illuminate\\Pipeline\\Pipeline->Illuminate\\Pipeline\\{closure}(Object(Illuminate\\Http\\Request))
#27 C:\\Users\\luism\\OneDrive\\Documents\\Proyectos\\WMS-ARCOSA-NEW\\vendor\\laravel\\framework\\src\\Illuminate\\Pipeline\\Pipeline.php(183): Illuminate\\Foundation\\Http\\Middleware\\PreventRequestsDuringMaintenance->handle(Object(Illuminate\\Http\\Request), Object(Closure))
#28 C:\\Users\\luism\\OneDrive\\Documents\\Proyectos\\WMS-ARCOSA-NEW\\vendor\\laravel\\framework\\src\\Illuminate\\Http\\Middleware\\HandleCors.php(62): Illuminate\\Pipeline\\Pipeline->Illuminate\\Pipeline\\{closure}(Object(Illuminate\\Http\\Request))
#29 C:\\Users\\luism\\OneDrive\\Documents\\Proyectos\\WMS-ARCOSA-NEW\\vendor\\laravel\\framework\\src\\Illuminate\\Pipeline\\Pipeline.php(183): Illuminate\\Http\\Middleware\\HandleCors->handle(Object(Illuminate\\Http\\Request), Object(Closure))
#30 C:\\Users\\luism\\OneDrive\\Documents\\Proyectos\\WMS-ARCOSA-NEW\\vendor\\laravel\\framework\\src\\Illuminate\\Http\\Middleware\\TrustProxies.php(57): Illuminate\\Pipeline\\Pipeline->Illuminate\\Pipeline\\{closure}(Object(Illuminate\\Http\\Request))
#31 C:\\Users\\luism\\OneDrive\\Documents\\Proyectos\\WMS-ARCOSA-NEW\\vendor\\laravel\\framework\\src\\Illuminate\\Pipeline\\Pipeline.php(183): Illuminate\\Http\\Middleware\\TrustProxies->handle(Object(Illuminate\\Http\\Request), Object(Closure))
#32 C:\\Users\\luism\\OneDrive\\Documents\\Proyectos\\WMS-ARCOSA-NEW\\vendor\\laravel\\framework\\src\\Illuminate\\Pipeline\\Pipeline.php(119): Illuminate\\Pipeline\\Pipeline->Illuminate\\Pipeline\\{closure}(Object(Illuminate\\Http\\Request))
#33 C:\\Users\\luism\\OneDrive\\Documents\\Proyectos\\WMS-ARCOSA-NEW\\vendor\\laravel\\framework\\src\\Illuminate\\Foundation\\Http\\Kernel.php(175): Illuminate\\Pipeline\\Pipeline->then(Object(Closure))
#34 C:\\Users\\luism\\OneDrive\\Documents\\Proyectos\\WMS-ARCOSA-NEW\\vendor\\laravel\\framework\\src\\Illuminate\\Foundation\\Http\\Kernel.php(144): Illuminate\\Foundation\\Http\\Kernel->sendRequestThroughRouter(Object(Illuminate\\Http\\Request))
#35 C:\\Users\\luism\\OneDrive\\Documents\\Proyectos\\WMS-ARCOSA-NEW\\vendor\\laravel\\framework\\src\\Illuminate\\Foundation\\Application.php(1183): Illuminate\\Foundation\\Http\\Kernel->handle(Object(Illuminate\\Http\\Request))
#36 C:\\Users\\luism\\OneDrive\\Documents\\Proyectos\\WMS-ARCOSA-NEW\\public\\index.php(17): Illuminate\\Foundation\\Application->handleRequest(Object(Illuminate\\Http\\Request))
#37 C:\\Users\\luism\\OneDrive\\Documents\\Proyectos\\WMS-ARCOSA-NEW\\vendor\\laravel\\framework\\src\\Illuminate\\Foundation\\resources\\server.php(16): require_once('C:\\\\Users\\\\luism\\\\...')
#38 {main}
"} 
[2024-07-26 16:38:59] local.ERROR: Undefined property: Illuminate\Database\Eloquent\Relations\BelongsTo::$nombre {"userId":1,"exception":"[object] (ErrorException(code: 0): Undefined property: Illuminate\\Database\\Eloquent\\Relations\\BelongsTo::$nombre at C:\\Users\\luism\\OneDrive\\Documents\\Proyectos\\WMS-ARCOSA-NEW\\app\\Http\\Controllers\\Administracion\\CatalogoCamaraController.php:80)
[stacktrace]
#0 C:\\Users\\luism\\OneDrive\\Documents\\Proyectos\\WMS-ARCOSA-NEW\\vendor\\laravel\\framework\\src\\Illuminate\\Foundation\\Bootstrap\\HandleExceptions.php(256): Illuminate\\Foundation\\Bootstrap\\HandleExceptions->handleError(2, 'Undefined prope...', 'C:\\\\Users\\\\luism\\\\...', 80)
#1 C:\\Users\\luism\\OneDrive\\Documents\\Proyectos\\WMS-ARCOSA-NEW\\app\\Http\\Controllers\\Administracion\\CatalogoCamaraController.php(80): Illuminate\\Foundation\\Bootstrap\\HandleExceptions->Illuminate\\Foundation\\Bootstrap\\{closure}(2, 'Undefined prope...', 'C:\\\\Users\\\\luism\\\\...', 80)
#2 C:\\Users\\luism\\OneDrive\\Documents\\Proyectos\\WMS-ARCOSA-NEW\\vendor\\laravel\\framework\\src\\Illuminate\\Routing\\ControllerDispatcher.php(46): App\\Http\\Controllers\\Administracion\\CatalogoCamaraController->getCamarasByPlanta(Object(Illuminate\\Http\\Request))
#3 C:\\Users\\luism\\OneDrive\\Documents\\Proyectos\\WMS-ARCOSA-NEW\\vendor\\laravel\\framework\\src\\Illuminate\\Routing\\Route.php(260): Illuminate\\Routing\\ControllerDispatcher->dispatch(Object(Illuminate\\Routing\\Route), Object(App\\Http\\Controllers\\Administracion\\CatalogoCamaraController), 'getCamarasByPla...')
#4 C:\\Users\\luism\\OneDrive\\Documents\\Proyectos\\WMS-ARCOSA-NEW\\vendor\\laravel\\framework\\src\\Illuminate\\Routing\\Route.php(206): Illuminate\\Routing\\Route->runController()
#5 C:\\Users\\luism\\OneDrive\\Documents\\Proyectos\\WMS-ARCOSA-NEW\\vendor\\laravel\\framework\\src\\Illuminate\\Routing\\Router.php(806): Illuminate\\Routing\\Route->run()
#6 C:\\Users\\luism\\OneDrive\\Documents\\Proyectos\\WMS-ARCOSA-NEW\\vendor\\laravel\\framework\\src\\Illuminate\\Pipeline\\Pipeline.php(144): Illuminate\\Routing\\Router->Illuminate\\Routing\\{closure}(Object(Illuminate\\Http\\Request))
#7 C:\\Users\\luism\\OneDrive\\Documents\\Proyectos\\WMS-ARCOSA-NEW\\vendor\\laravel\\framework\\src\\Illuminate\\Routing\\Middleware\\SubstituteBindings.php(50): Illuminate\\Pipeline\\Pipeline->Illuminate\\Pipeline\\{closure}(Object(Illuminate\\Http\\Request))
#8 C:\\Users\\luism\\OneDrive\\Documents\\Proyectos\\WMS-ARCOSA-NEW\\vendor\\laravel\\framework\\src\\Illuminate\\Pipeline\\Pipeline.php(183): Illuminate\\Routing\\Middleware\\SubstituteBindings->handle(Object(Illuminate\\Http\\Request), Object(Closure))
#9 C:\\Users\\luism\\OneDrive\\Documents\\Proyectos\\WMS-ARCOSA-NEW\\vendor\\laravel\\framework\\src\\Illuminate\\Auth\\Middleware\\Authenticate.php(64): Illuminate\\Pipeline\\Pipeline->Illuminate\\Pipeline\\{closure}(Object(Illuminate\\Http\\Request))
#10 C:\\Users\\luism\\OneDrive\\Documents\\Proyectos\\WMS-ARCOSA-NEW\\vendor\\laravel\\framework\\src\\Illuminate\\Pipeline\\Pipeline.php(183): Illuminate\\Auth\\Middleware\\Authenticate->handle(Object(Illuminate\\Http\\Request), Object(Closure), 'sanctum')
#11 C:\\Users\\luism\\OneDrive\\Documents\\Proyectos\\WMS-ARCOSA-NEW\\vendor\\laravel\\framework\\src\\Illuminate\\Pipeline\\Pipeline.php(119): Illuminate\\Pipeline\\Pipeline->Illuminate\\Pipeline\\{closure}(Object(Illuminate\\Http\\Request))
#12 C:\\Users\\luism\\OneDrive\\Documents\\Proyectos\\WMS-ARCOSA-NEW\\vendor\\laravel\\framework\\src\\Illuminate\\Routing\\Router.php(805): Illuminate\\Pipeline\\Pipeline->then(Object(Closure))
#13 C:\\Users\\luism\\OneDrive\\Documents\\Proyectos\\WMS-ARCOSA-NEW\\vendor\\laravel\\framework\\src\\Illuminate\\Routing\\Router.php(784): Illuminate\\Routing\\Router->runRouteWithinStack(Object(Illuminate\\Routing\\Route), Object(Illuminate\\Http\\Request))
#14 C:\\Users\\luism\\OneDrive\\Documents\\Proyectos\\WMS-ARCOSA-NEW\\vendor\\laravel\\framework\\src\\Illuminate\\Routing\\Router.php(748): Illuminate\\Routing\\Router->runRoute(Object(Illuminate\\Http\\Request), Object(Illuminate\\Routing\\Route))
#15 C:\\Users\\luism\\OneDrive\\Documents\\Proyectos\\WMS-ARCOSA-NEW\\vendor\\laravel\\framework\\src\\Illuminate\\Routing\\Router.php(737): Illuminate\\Routing\\Router->dispatchToRoute(Object(Illuminate\\Http\\Request))
#16 C:\\Users\\luism\\OneDrive\\Documents\\Proyectos\\WMS-ARCOSA-NEW\\vendor\\laravel\\framework\\src\\Illuminate\\Foundation\\Http\\Kernel.php(200): Illuminate\\Routing\\Router->dispatch(Object(Illuminate\\Http\\Request))
#17 C:\\Users\\luism\\OneDrive\\Documents\\Proyectos\\WMS-ARCOSA-NEW\\vendor\\laravel\\framework\\src\\Illuminate\\Pipeline\\Pipeline.php(144): Illuminate\\Foundation\\Http\\Kernel->Illuminate\\Foundation\\Http\\{closure}(Object(Illuminate\\Http\\Request))
#18 C:\\Users\\luism\\OneDrive\\Documents\\Proyectos\\WMS-ARCOSA-NEW\\vendor\\laravel\\framework\\src\\Illuminate\\Foundation\\Http\\Middleware\\TransformsRequest.php(21): Illuminate\\Pipeline\\Pipeline->Illuminate\\Pipeline\\{closure}(Object(Illuminate\\Http\\Request))
#19 C:\\Users\\luism\\OneDrive\\Documents\\Proyectos\\WMS-ARCOSA-NEW\\vendor\\laravel\\framework\\src\\Illuminate\\Foundation\\Http\\Middleware\\ConvertEmptyStringsToNull.php(31): Illuminate\\Foundation\\Http\\Middleware\\TransformsRequest->handle(Object(Illuminate\\Http\\Request), Object(Closure))
#20 C:\\Users\\luism\\OneDrive\\Documents\\Proyectos\\WMS-ARCOSA-NEW\\vendor\\laravel\\framework\\src\\Illuminate\\Pipeline\\Pipeline.php(183): Illuminate\\Foundation\\Http\\Middleware\\ConvertEmptyStringsToNull->handle(Object(Illuminate\\Http\\Request), Object(Closure))
#21 C:\\Users\\luism\\OneDrive\\Documents\\Proyectos\\WMS-ARCOSA-NEW\\vendor\\laravel\\framework\\src\\Illuminate\\Foundation\\Http\\Middleware\\TransformsRequest.php(21): Illuminate\\Pipeline\\Pipeline->Illuminate\\Pipeline\\{closure}(Object(Illuminate\\Http\\Request))
#22 C:\\Users\\luism\\OneDrive\\Documents\\Proyectos\\WMS-ARCOSA-NEW\\vendor\\laravel\\framework\\src\\Illuminate\\Foundation\\Http\\Middleware\\TrimStrings.php(51): Illuminate\\Foundation\\Http\\Middleware\\TransformsRequest->handle(Object(Illuminate\\Http\\Request), Object(Closure))
#23 C:\\Users\\luism\\OneDrive\\Documents\\Proyectos\\WMS-ARCOSA-NEW\\vendor\\laravel\\framework\\src\\Illuminate\\Pipeline\\Pipeline.php(183): Illuminate\\Foundation\\Http\\Middleware\\TrimStrings->handle(Object(Illuminate\\Http\\Request), Object(Closure))
#24 C:\\Users\\luism\\OneDrive\\Documents\\Proyectos\\WMS-ARCOSA-NEW\\vendor\\laravel\\framework\\src\\Illuminate\\Http\\Middleware\\ValidatePostSize.php(27): Illuminate\\Pipeline\\Pipeline->Illuminate\\Pipeline\\{closure}(Object(Illuminate\\Http\\Request))
#25 C:\\Users\\luism\\OneDrive\\Documents\\Proyectos\\WMS-ARCOSA-NEW\\vendor\\laravel\\framework\\src\\Illuminate\\Pipeline\\Pipeline.php(183): Illuminate\\Http\\Middleware\\ValidatePostSize->handle(Object(Illuminate\\Http\\Request), Object(Closure))
#26 C:\\Users\\luism\\OneDrive\\Documents\\Proyectos\\WMS-ARCOSA-NEW\\vendor\\laravel\\framework\\src\\Illuminate\\Foundation\\Http\\Middleware\\PreventRequestsDuringMaintenance.php(110): Illuminate\\Pipeline\\Pipeline->Illuminate\\Pipeline\\{closure}(Object(Illuminate\\Http\\Request))
#27 C:\\Users\\luism\\OneDrive\\Documents\\Proyectos\\WMS-ARCOSA-NEW\\vendor\\laravel\\framework\\src\\Illuminate\\Pipeline\\Pipeline.php(183): Illuminate\\Foundation\\Http\\Middleware\\PreventRequestsDuringMaintenance->handle(Object(Illuminate\\Http\\Request), Object(Closure))
#28 C:\\Users\\luism\\OneDrive\\Documents\\Proyectos\\WMS-ARCOSA-NEW\\vendor\\laravel\\framework\\src\\Illuminate\\Http\\Middleware\\HandleCors.php(62): Illuminate\\Pipeline\\Pipeline->Illuminate\\Pipeline\\{closure}(Object(Illuminate\\Http\\Request))
#29 C:\\Users\\luism\\OneDrive\\Documents\\Proyectos\\WMS-ARCOSA-NEW\\vendor\\laravel\\framework\\src\\Illuminate\\Pipeline\\Pipeline.php(183): Illuminate\\Http\\Middleware\\HandleCors->handle(Object(Illuminate\\Http\\Request), Object(Closure))
#30 C:\\Users\\luism\\OneDrive\\Documents\\Proyectos\\WMS-ARCOSA-NEW\\vendor\\laravel\\framework\\src\\Illuminate\\Http\\Middleware\\TrustProxies.php(57): Illuminate\\Pipeline\\Pipeline->Illuminate\\Pipeline\\{closure}(Object(Illuminate\\Http\\Request))
#31 C:\\Users\\luism\\OneDrive\\Documents\\Proyectos\\WMS-ARCOSA-NEW\\vendor\\laravel\\framework\\src\\Illuminate\\Pipeline\\Pipeline.php(183): Illuminate\\Http\\Middleware\\TrustProxies->handle(Object(Illuminate\\Http\\Request), Object(Closure))
#32 C:\\Users\\luism\\OneDrive\\Documents\\Proyectos\\WMS-ARCOSA-NEW\\vendor\\laravel\\framework\\src\\Illuminate\\Pipeline\\Pipeline.php(119): Illuminate\\Pipeline\\Pipeline->Illuminate\\Pipeline\\{closure}(Object(Illuminate\\Http\\Request))
#33 C:\\Users\\luism\\OneDrive\\Documents\\Proyectos\\WMS-ARCOSA-NEW\\vendor\\laravel\\framework\\src\\Illuminate\\Foundation\\Http\\Kernel.php(175): Illuminate\\Pipeline\\Pipeline->then(Object(Closure))
#34 C:\\Users\\luism\\OneDrive\\Documents\\Proyectos\\WMS-ARCOSA-NEW\\vendor\\laravel\\framework\\src\\Illuminate\\Foundation\\Http\\Kernel.php(144): Illuminate\\Foundation\\Http\\Kernel->sendRequestThroughRouter(Object(Illuminate\\Http\\Request))
#35 C:\\Users\\luism\\OneDrive\\Documents\\Proyectos\\WMS-ARCOSA-NEW\\vendor\\laravel\\framework\\src\\Illuminate\\Foundation\\Application.php(1183): Illuminate\\Foundation\\Http\\Kernel->handle(Object(Illuminate\\Http\\Request))
#36 C:\\Users\\luism\\OneDrive\\Documents\\Proyectos\\WMS-ARCOSA-NEW\\public\\index.php(17): Illuminate\\Foundation\\Application->handleRequest(Object(Illuminate\\Http\\Request))
#37 C:\\Users\\luism\\OneDrive\\Documents\\Proyectos\\WMS-ARCOSA-NEW\\vendor\\laravel\\framework\\src\\Illuminate\\Foundation\\resources\\server.php(16): require_once('C:\\\\Users\\\\luism\\\\...')
#38 {main}
"} 
[2024-07-26 16:51:26] local.ERROR: Class "http\Env\Request" does not exist {"userId":1,"exception":"[object] (ReflectionException(code: -1): Class \"http\\Env\\Request\" does not exist at C:\\Users\\luism\\OneDrive\\Documents\\Proyectos\\WMS-ARCOSA-NEW\\vendor\\laravel\\framework\\src\\Illuminate\\Routing\\ResolvesRouteDependencies.php:81)
[stacktrace]
#0 C:\\Users\\luism\\OneDrive\\Documents\\Proyectos\\WMS-ARCOSA-NEW\\vendor\\laravel\\framework\\src\\Illuminate\\Routing\\ResolvesRouteDependencies.php(81): ReflectionClass->__construct('http\\\\Env\\\\Reques...')
#1 C:\\Users\\luism\\OneDrive\\Documents\\Proyectos\\WMS-ARCOSA-NEW\\vendor\\laravel\\framework\\src\\Illuminate\\Routing\\ResolvesRouteDependencies.php(50): Illuminate\\Routing\\ControllerDispatcher->transformDependency(Object(ReflectionParameter), Array, Object(stdClass))
#2 C:\\Users\\luism\\OneDrive\\Documents\\Proyectos\\WMS-ARCOSA-NEW\\vendor\\laravel\\framework\\src\\Illuminate\\Routing\\ResolvesRouteDependencies.php(29): Illuminate\\Routing\\ControllerDispatcher->resolveMethodDependencies(Array, Object(ReflectionMethod))
#3 C:\\Users\\luism\\OneDrive\\Documents\\Proyectos\\WMS-ARCOSA-NEW\\vendor\\laravel\\framework\\src\\Illuminate\\Routing\\ControllerDispatcher.php(59): Illuminate\\Routing\\ControllerDispatcher->resolveClassMethodDependencies(Array, Object(App\\Http\\Controllers\\Administracion\\ClientesController), 'getClientesByPl...')
#4 C:\\Users\\luism\\OneDrive\\Documents\\Proyectos\\WMS-ARCOSA-NEW\\vendor\\laravel\\framework\\src\\Illuminate\\Routing\\ControllerDispatcher.php(40): Illuminate\\Routing\\ControllerDispatcher->resolveParameters(Object(Illuminate\\Routing\\Route), Object(App\\Http\\Controllers\\Administracion\\ClientesController), 'getClientesByPl...')
#5 C:\\Users\\luism\\OneDrive\\Documents\\Proyectos\\WMS-ARCOSA-NEW\\vendor\\laravel\\framework\\src\\Illuminate\\Routing\\Route.php(260): Illuminate\\Routing\\ControllerDispatcher->dispatch(Object(Illuminate\\Routing\\Route), Object(App\\Http\\Controllers\\Administracion\\ClientesController), 'getClientesByPl...')
#6 C:\\Users\\luism\\OneDrive\\Documents\\Proyectos\\WMS-ARCOSA-NEW\\vendor\\laravel\\framework\\src\\Illuminate\\Routing\\Route.php(206): Illuminate\\Routing\\Route->runController()
#7 C:\\Users\\luism\\OneDrive\\Documents\\Proyectos\\WMS-ARCOSA-NEW\\vendor\\laravel\\framework\\src\\Illuminate\\Routing\\Router.php(806): Illuminate\\Routing\\Route->run()
#8 C:\\Users\\luism\\OneDrive\\Documents\\Proyectos\\WMS-ARCOSA-NEW\\vendor\\laravel\\framework\\src\\Illuminate\\Pipeline\\Pipeline.php(144): Illuminate\\Routing\\Router->Illuminate\\Routing\\{closure}(Object(Illuminate\\Http\\Request))
#9 C:\\Users\\luism\\OneDrive\\Documents\\Proyectos\\WMS-ARCOSA-NEW\\vendor\\laravel\\framework\\src\\Illuminate\\Routing\\Middleware\\SubstituteBindings.php(50): Illuminate\\Pipeline\\Pipeline->Illuminate\\Pipeline\\{closure}(Object(Illuminate\\Http\\Request))
#10 C:\\Users\\luism\\OneDrive\\Documents\\Proyectos\\WMS-ARCOSA-NEW\\vendor\\laravel\\framework\\src\\Illuminate\\Pipeline\\Pipeline.php(183): Illuminate\\Routing\\Middleware\\SubstituteBindings->handle(Object(Illuminate\\Http\\Request), Object(Closure))
#11 C:\\Users\\luism\\OneDrive\\Documents\\Proyectos\\WMS-ARCOSA-NEW\\vendor\\laravel\\framework\\src\\Illuminate\\Auth\\Middleware\\Authenticate.php(64): Illuminate\\Pipeline\\Pipeline->Illuminate\\Pipeline\\{closure}(Object(Illuminate\\Http\\Request))
#12 C:\\Users\\luism\\OneDrive\\Documents\\Proyectos\\WMS-ARCOSA-NEW\\vendor\\laravel\\framework\\src\\Illuminate\\Pipeline\\Pipeline.php(183): Illuminate\\Auth\\Middleware\\Authenticate->handle(Object(Illuminate\\Http\\Request), Object(Closure), 'sanctum')
#13 C:\\Users\\luism\\OneDrive\\Documents\\Proyectos\\WMS-ARCOSA-NEW\\vendor\\laravel\\framework\\src\\Illuminate\\Pipeline\\Pipeline.php(119): Illuminate\\Pipeline\\Pipeline->Illuminate\\Pipeline\\{closure}(Object(Illuminate\\Http\\Request))
#14 C:\\Users\\luism\\OneDrive\\Documents\\Proyectos\\WMS-ARCOSA-NEW\\vendor\\laravel\\framework\\src\\Illuminate\\Routing\\Router.php(805): Illuminate\\Pipeline\\Pipeline->then(Object(Closure))
#15 C:\\Users\\luism\\OneDrive\\Documents\\Proyectos\\WMS-ARCOSA-NEW\\vendor\\laravel\\framework\\src\\Illuminate\\Routing\\Router.php(784): Illuminate\\Routing\\Router->runRouteWithinStack(Object(Illuminate\\Routing\\Route), Object(Illuminate\\Http\\Request))
#16 C:\\Users\\luism\\OneDrive\\Documents\\Proyectos\\WMS-ARCOSA-NEW\\vendor\\laravel\\framework\\src\\Illuminate\\Routing\\Router.php(748): Illuminate\\Routing\\Router->runRoute(Object(Illuminate\\Http\\Request), Object(Illuminate\\Routing\\Route))
#17 C:\\Users\\luism\\OneDrive\\Documents\\Proyectos\\WMS-ARCOSA-NEW\\vendor\\laravel\\framework\\src\\Illuminate\\Routing\\Router.php(737): Illuminate\\Routing\\Router->dispatchToRoute(Object(Illuminate\\Http\\Request))
#18 C:\\Users\\luism\\OneDrive\\Documents\\Proyectos\\WMS-ARCOSA-NEW\\vendor\\laravel\\framework\\src\\Illuminate\\Foundation\\Http\\Kernel.php(200): Illuminate\\Routing\\Router->dispatch(Object(Illuminate\\Http\\Request))
#19 C:\\Users\\luism\\OneDrive\\Documents\\Proyectos\\WMS-ARCOSA-NEW\\vendor\\laravel\\framework\\src\\Illuminate\\Pipeline\\Pipeline.php(144): Illuminate\\Foundation\\Http\\Kernel->Illuminate\\Foundation\\Http\\{closure}(Object(Illuminate\\Http\\Request))
#20 C:\\Users\\luism\\OneDrive\\Documents\\Proyectos\\WMS-ARCOSA-NEW\\vendor\\laravel\\framework\\src\\Illuminate\\Foundation\\Http\\Middleware\\TransformsRequest.php(21): Illuminate\\Pipeline\\Pipeline->Illuminate\\Pipeline\\{closure}(Object(Illuminate\\Http\\Request))
#21 C:\\Users\\luism\\OneDrive\\Documents\\Proyectos\\WMS-ARCOSA-NEW\\vendor\\laravel\\framework\\src\\Illuminate\\Foundation\\Http\\Middleware\\ConvertEmptyStringsToNull.php(31): Illuminate\\Foundation\\Http\\Middleware\\TransformsRequest->handle(Object(Illuminate\\Http\\Request), Object(Closure))
#22 C:\\Users\\luism\\OneDrive\\Documents\\Proyectos\\WMS-ARCOSA-NEW\\vendor\\laravel\\framework\\src\\Illuminate\\Pipeline\\Pipeline.php(183): Illuminate\\Foundation\\Http\\Middleware\\ConvertEmptyStringsToNull->handle(Object(Illuminate\\Http\\Request), Object(Closure))
#23 C:\\Users\\luism\\OneDrive\\Documents\\Proyectos\\WMS-ARCOSA-NEW\\vendor\\laravel\\framework\\src\\Illuminate\\Foundation\\Http\\Middleware\\TransformsRequest.php(21): Illuminate\\Pipeline\\Pipeline->Illuminate\\Pipeline\\{closure}(Object(Illuminate\\Http\\Request))
#24 C:\\Users\\luism\\OneDrive\\Documents\\Proyectos\\WMS-ARCOSA-NEW\\vendor\\laravel\\framework\\src\\Illuminate\\Foundation\\Http\\Middleware\\TrimStrings.php(51): Illuminate\\Foundation\\Http\\Middleware\\TransformsRequest->handle(Object(Illuminate\\Http\\Request), Object(Closure))
#25 C:\\Users\\luism\\OneDrive\\Documents\\Proyectos\\WMS-ARCOSA-NEW\\vendor\\laravel\\framework\\src\\Illuminate\\Pipeline\\Pipeline.php(183): Illuminate\\Foundation\\Http\\Middleware\\TrimStrings->handle(Object(Illuminate\\Http\\Request), Object(Closure))
#26 C:\\Users\\luism\\OneDrive\\Documents\\Proyectos\\WMS-ARCOSA-NEW\\vendor\\laravel\\framework\\src\\Illuminate\\Http\\Middleware\\ValidatePostSize.php(27): Illuminate\\Pipeline\\Pipeline->Illuminate\\Pipeline\\{closure}(Object(Illuminate\\Http\\Request))
#27 C:\\Users\\luism\\OneDrive\\Documents\\Proyectos\\WMS-ARCOSA-NEW\\vendor\\laravel\\framework\\src\\Illuminate\\Pipeline\\Pipeline.php(183): Illuminate\\Http\\Middleware\\ValidatePostSize->handle(Object(Illuminate\\Http\\Request), Object(Closure))
#28 C:\\Users\\luism\\OneDrive\\Documents\\Proyectos\\WMS-ARCOSA-NEW\\vendor\\laravel\\framework\\src\\Illuminate\\Foundation\\Http\\Middleware\\PreventRequestsDuringMaintenance.php(110): Illuminate\\Pipeline\\Pipeline->Illuminate\\Pipeline\\{closure}(Object(Illuminate\\Http\\Request))
#29 C:\\Users\\luism\\OneDrive\\Documents\\Proyectos\\WMS-ARCOSA-NEW\\vendor\\laravel\\framework\\src\\Illuminate\\Pipeline\\Pipeline.php(183): Illuminate\\Foundation\\Http\\Middleware\\PreventRequestsDuringMaintenance->handle(Object(Illuminate\\Http\\Request), Object(Closure))
#30 C:\\Users\\luism\\OneDrive\\Documents\\Proyectos\\WMS-ARCOSA-NEW\\vendor\\laravel\\framework\\src\\Illuminate\\Http\\Middleware\\HandleCors.php(62): Illuminate\\Pipeline\\Pipeline->Illuminate\\Pipeline\\{closure}(Object(Illuminate\\Http\\Request))
#31 C:\\Users\\luism\\OneDrive\\Documents\\Proyectos\\WMS-ARCOSA-NEW\\vendor\\laravel\\framework\\src\\Illuminate\\Pipeline\\Pipeline.php(183): Illuminate\\Http\\Middleware\\HandleCors->handle(Object(Illuminate\\Http\\Request), Object(Closure))
#32 C:\\Users\\luism\\OneDrive\\Documents\\Proyectos\\WMS-ARCOSA-NEW\\vendor\\laravel\\framework\\src\\Illuminate\\Http\\Middleware\\TrustProxies.php(57): Illuminate\\Pipeline\\Pipeline->Illuminate\\Pipeline\\{closure}(Object(Illuminate\\Http\\Request))
#33 C:\\Users\\luism\\OneDrive\\Documents\\Proyectos\\WMS-ARCOSA-NEW\\vendor\\laravel\\framework\\src\\Illuminate\\Pipeline\\Pipeline.php(183): Illuminate\\Http\\Middleware\\TrustProxies->handle(Object(Illuminate\\Http\\Request), Object(Closure))
#34 C:\\Users\\luism\\OneDrive\\Documents\\Proyectos\\WMS-ARCOSA-NEW\\vendor\\laravel\\framework\\src\\Illuminate\\Pipeline\\Pipeline.php(119): Illuminate\\Pipeline\\Pipeline->Illuminate\\Pipeline\\{closure}(Object(Illuminate\\Http\\Request))
#35 C:\\Users\\luism\\OneDrive\\Documents\\Proyectos\\WMS-ARCOSA-NEW\\vendor\\laravel\\framework\\src\\Illuminate\\Foundation\\Http\\Kernel.php(175): Illuminate\\Pipeline\\Pipeline->then(Object(Closure))
#36 C:\\Users\\luism\\OneDrive\\Documents\\Proyectos\\WMS-ARCOSA-NEW\\vendor\\laravel\\framework\\src\\Illuminate\\Foundation\\Http\\Kernel.php(144): Illuminate\\Foundation\\Http\\Kernel->sendRequestThroughRouter(Object(Illuminate\\Http\\Request))
#37 C:\\Users\\luism\\OneDrive\\Documents\\Proyectos\\WMS-ARCOSA-NEW\\vendor\\laravel\\framework\\src\\Illuminate\\Foundation\\Application.php(1183): Illuminate\\Foundation\\Http\\Kernel->handle(Object(Illuminate\\Http\\Request))
#38 C:\\Users\\luism\\OneDrive\\Documents\\Proyectos\\WMS-ARCOSA-NEW\\public\\index.php(17): Illuminate\\Foundation\\Application->handleRequest(Object(Illuminate\\Http\\Request))
#39 C:\\Users\\luism\\OneDrive\\Documents\\Proyectos\\WMS-ARCOSA-NEW\\vendor\\laravel\\framework\\src\\Illuminate\\Foundation\\resources\\server.php(16): require_once('C:\\\\Users\\\\luism\\\\...')
#40 {main}
"} 
[2024-07-26 16:51:43] local.ERROR: Class "http\Env\Request" does not exist {"userId":1,"exception":"[object] (ReflectionException(code: -1): Class \"http\\Env\\Request\" does not exist at C:\\Users\\luism\\OneDrive\\Documents\\Proyectos\\WMS-ARCOSA-NEW\\vendor\\laravel\\framework\\src\\Illuminate\\Routing\\ResolvesRouteDependencies.php:81)
[stacktrace]
#0 C:\\Users\\luism\\OneDrive\\Documents\\Proyectos\\WMS-ARCOSA-NEW\\vendor\\laravel\\framework\\src\\Illuminate\\Routing\\ResolvesRouteDependencies.php(81): ReflectionClass->__construct('http\\\\Env\\\\Reques...')
#1 C:\\Users\\luism\\OneDrive\\Documents\\Proyectos\\WMS-ARCOSA-NEW\\vendor\\laravel\\framework\\src\\Illuminate\\Routing\\ResolvesRouteDependencies.php(50): Illuminate\\Routing\\ControllerDispatcher->transformDependency(Object(ReflectionParameter), Array, Object(stdClass))
#2 C:\\Users\\luism\\OneDrive\\Documents\\Proyectos\\WMS-ARCOSA-NEW\\vendor\\laravel\\framework\\src\\Illuminate\\Routing\\ResolvesRouteDependencies.php(29): Illuminate\\Routing\\ControllerDispatcher->resolveMethodDependencies(Array, Object(ReflectionMethod))
#3 C:\\Users\\luism\\OneDrive\\Documents\\Proyectos\\WMS-ARCOSA-NEW\\vendor\\laravel\\framework\\src\\Illuminate\\Routing\\ControllerDispatcher.php(59): Illuminate\\Routing\\ControllerDispatcher->resolveClassMethodDependencies(Array, Object(App\\Http\\Controllers\\Administracion\\ClientesController), 'getClientesByPl...')
#4 C:\\Users\\luism\\OneDrive\\Documents\\Proyectos\\WMS-ARCOSA-NEW\\vendor\\laravel\\framework\\src\\Illuminate\\Routing\\ControllerDispatcher.php(40): Illuminate\\Routing\\ControllerDispatcher->resolveParameters(Object(Illuminate\\Routing\\Route), Object(App\\Http\\Controllers\\Administracion\\ClientesController), 'getClientesByPl...')
#5 C:\\Users\\luism\\OneDrive\\Documents\\Proyectos\\WMS-ARCOSA-NEW\\vendor\\laravel\\framework\\src\\Illuminate\\Routing\\Route.php(260): Illuminate\\Routing\\ControllerDispatcher->dispatch(Object(Illuminate\\Routing\\Route), Object(App\\Http\\Controllers\\Administracion\\ClientesController), 'getClientesByPl...')
#6 C:\\Users\\luism\\OneDrive\\Documents\\Proyectos\\WMS-ARCOSA-NEW\\vendor\\laravel\\framework\\src\\Illuminate\\Routing\\Route.php(206): Illuminate\\Routing\\Route->runController()
#7 C:\\Users\\luism\\OneDrive\\Documents\\Proyectos\\WMS-ARCOSA-NEW\\vendor\\laravel\\framework\\src\\Illuminate\\Routing\\Router.php(806): Illuminate\\Routing\\Route->run()
#8 C:\\Users\\luism\\OneDrive\\Documents\\Proyectos\\WMS-ARCOSA-NEW\\vendor\\laravel\\framework\\src\\Illuminate\\Pipeline\\Pipeline.php(144): Illuminate\\Routing\\Router->Illuminate\\Routing\\{closure}(Object(Illuminate\\Http\\Request))
#9 C:\\Users\\luism\\OneDrive\\Documents\\Proyectos\\WMS-ARCOSA-NEW\\vendor\\laravel\\framework\\src\\Illuminate\\Routing\\Middleware\\SubstituteBindings.php(50): Illuminate\\Pipeline\\Pipeline->Illuminate\\Pipeline\\{closure}(Object(Illuminate\\Http\\Request))
#10 C:\\Users\\luism\\OneDrive\\Documents\\Proyectos\\WMS-ARCOSA-NEW\\vendor\\laravel\\framework\\src\\Illuminate\\Pipeline\\Pipeline.php(183): Illuminate\\Routing\\Middleware\\SubstituteBindings->handle(Object(Illuminate\\Http\\Request), Object(Closure))
#11 C:\\Users\\luism\\OneDrive\\Documents\\Proyectos\\WMS-ARCOSA-NEW\\vendor\\laravel\\framework\\src\\Illuminate\\Auth\\Middleware\\Authenticate.php(64): Illuminate\\Pipeline\\Pipeline->Illuminate\\Pipeline\\{closure}(Object(Illuminate\\Http\\Request))
#12 C:\\Users\\luism\\OneDrive\\Documents\\Proyectos\\WMS-ARCOSA-NEW\\vendor\\laravel\\framework\\src\\Illuminate\\Pipeline\\Pipeline.php(183): Illuminate\\Auth\\Middleware\\Authenticate->handle(Object(Illuminate\\Http\\Request), Object(Closure), 'sanctum')
#13 C:\\Users\\luism\\OneDrive\\Documents\\Proyectos\\WMS-ARCOSA-NEW\\vendor\\laravel\\framework\\src\\Illuminate\\Pipeline\\Pipeline.php(119): Illuminate\\Pipeline\\Pipeline->Illuminate\\Pipeline\\{closure}(Object(Illuminate\\Http\\Request))
#14 C:\\Users\\luism\\OneDrive\\Documents\\Proyectos\\WMS-ARCOSA-NEW\\vendor\\laravel\\framework\\src\\Illuminate\\Routing\\Router.php(805): Illuminate\\Pipeline\\Pipeline->then(Object(Closure))
#15 C:\\Users\\luism\\OneDrive\\Documents\\Proyectos\\WMS-ARCOSA-NEW\\vendor\\laravel\\framework\\src\\Illuminate\\Routing\\Router.php(784): Illuminate\\Routing\\Router->runRouteWithinStack(Object(Illuminate\\Routing\\Route), Object(Illuminate\\Http\\Request))
#16 C:\\Users\\luism\\OneDrive\\Documents\\Proyectos\\WMS-ARCOSA-NEW\\vendor\\laravel\\framework\\src\\Illuminate\\Routing\\Router.php(748): Illuminate\\Routing\\Router->runRoute(Object(Illuminate\\Http\\Request), Object(Illuminate\\Routing\\Route))
#17 C:\\Users\\luism\\OneDrive\\Documents\\Proyectos\\WMS-ARCOSA-NEW\\vendor\\laravel\\framework\\src\\Illuminate\\Routing\\Router.php(737): Illuminate\\Routing\\Router->dispatchToRoute(Object(Illuminate\\Http\\Request))
#18 C:\\Users\\luism\\OneDrive\\Documents\\Proyectos\\WMS-ARCOSA-NEW\\vendor\\laravel\\framework\\src\\Illuminate\\Foundation\\Http\\Kernel.php(200): Illuminate\\Routing\\Router->dispatch(Object(Illuminate\\Http\\Request))
#19 C:\\Users\\luism\\OneDrive\\Documents\\Proyectos\\WMS-ARCOSA-NEW\\vendor\\laravel\\framework\\src\\Illuminate\\Pipeline\\Pipeline.php(144): Illuminate\\Foundation\\Http\\Kernel->Illuminate\\Foundation\\Http\\{closure}(Object(Illuminate\\Http\\Request))
#20 C:\\Users\\luism\\OneDrive\\Documents\\Proyectos\\WMS-ARCOSA-NEW\\vendor\\laravel\\framework\\src\\Illuminate\\Foundation\\Http\\Middleware\\TransformsRequest.php(21): Illuminate\\Pipeline\\Pipeline->Illuminate\\Pipeline\\{closure}(Object(Illuminate\\Http\\Request))
#21 C:\\Users\\luism\\OneDrive\\Documents\\Proyectos\\WMS-ARCOSA-NEW\\vendor\\laravel\\framework\\src\\Illuminate\\Foundation\\Http\\Middleware\\ConvertEmptyStringsToNull.php(31): Illuminate\\Foundation\\Http\\Middleware\\TransformsRequest->handle(Object(Illuminate\\Http\\Request), Object(Closure))
#22 C:\\Users\\luism\\OneDrive\\Documents\\Proyectos\\WMS-ARCOSA-NEW\\vendor\\laravel\\framework\\src\\Illuminate\\Pipeline\\Pipeline.php(183): Illuminate\\Foundation\\Http\\Middleware\\ConvertEmptyStringsToNull->handle(Object(Illuminate\\Http\\Request), Object(Closure))
#23 C:\\Users\\luism\\OneDrive\\Documents\\Proyectos\\WMS-ARCOSA-NEW\\vendor\\laravel\\framework\\src\\Illuminate\\Foundation\\Http\\Middleware\\TransformsRequest.php(21): Illuminate\\Pipeline\\Pipeline->Illuminate\\Pipeline\\{closure}(Object(Illuminate\\Http\\Request))
#24 C:\\Users\\luism\\OneDrive\\Documents\\Proyectos\\WMS-ARCOSA-NEW\\vendor\\laravel\\framework\\src\\Illuminate\\Foundation\\Http\\Middleware\\TrimStrings.php(51): Illuminate\\Foundation\\Http\\Middleware\\TransformsRequest->handle(Object(Illuminate\\Http\\Request), Object(Closure))
#25 C:\\Users\\luism\\OneDrive\\Documents\\Proyectos\\WMS-ARCOSA-NEW\\vendor\\laravel\\framework\\src\\Illuminate\\Pipeline\\Pipeline.php(183): Illuminate\\Foundation\\Http\\Middleware\\TrimStrings->handle(Object(Illuminate\\Http\\Request), Object(Closure))
#26 C:\\Users\\luism\\OneDrive\\Documents\\Proyectos\\WMS-ARCOSA-NEW\\vendor\\laravel\\framework\\src\\Illuminate\\Http\\Middleware\\ValidatePostSize.php(27): Illuminate\\Pipeline\\Pipeline->Illuminate\\Pipeline\\{closure}(Object(Illuminate\\Http\\Request))
#27 C:\\Users\\luism\\OneDrive\\Documents\\Proyectos\\WMS-ARCOSA-NEW\\vendor\\laravel\\framework\\src\\Illuminate\\Pipeline\\Pipeline.php(183): Illuminate\\Http\\Middleware\\ValidatePostSize->handle(Object(Illuminate\\Http\\Request), Object(Closure))
#28 C:\\Users\\luism\\OneDrive\\Documents\\Proyectos\\WMS-ARCOSA-NEW\\vendor\\laravel\\framework\\src\\Illuminate\\Foundation\\Http\\Middleware\\PreventRequestsDuringMaintenance.php(110): Illuminate\\Pipeline\\Pipeline->Illuminate\\Pipeline\\{closure}(Object(Illuminate\\Http\\Request))
#29 C:\\Users\\luism\\OneDrive\\Documents\\Proyectos\\WMS-ARCOSA-NEW\\vendor\\laravel\\framework\\src\\Illuminate\\Pipeline\\Pipeline.php(183): Illuminate\\Foundation\\Http\\Middleware\\PreventRequestsDuringMaintenance->handle(Object(Illuminate\\Http\\Request), Object(Closure))
#30 C:\\Users\\luism\\OneDrive\\Documents\\Proyectos\\WMS-ARCOSA-NEW\\vendor\\laravel\\framework\\src\\Illuminate\\Http\\Middleware\\HandleCors.php(62): Illuminate\\Pipeline\\Pipeline->Illuminate\\Pipeline\\{closure}(Object(Illuminate\\Http\\Request))
#31 C:\\Users\\luism\\OneDrive\\Documents\\Proyectos\\WMS-ARCOSA-NEW\\vendor\\laravel\\framework\\src\\Illuminate\\Pipeline\\Pipeline.php(183): Illuminate\\Http\\Middleware\\HandleCors->handle(Object(Illuminate\\Http\\Request), Object(Closure))
#32 C:\\Users\\luism\\OneDrive\\Documents\\Proyectos\\WMS-ARCOSA-NEW\\vendor\\laravel\\framework\\src\\Illuminate\\Http\\Middleware\\TrustProxies.php(57): Illuminate\\Pipeline\\Pipeline->Illuminate\\Pipeline\\{closure}(Object(Illuminate\\Http\\Request))
#33 C:\\Users\\luism\\OneDrive\\Documents\\Proyectos\\WMS-ARCOSA-NEW\\vendor\\laravel\\framework\\src\\Illuminate\\Pipeline\\Pipeline.php(183): Illuminate\\Http\\Middleware\\TrustProxies->handle(Object(Illuminate\\Http\\Request), Object(Closure))
#34 C:\\Users\\luism\\OneDrive\\Documents\\Proyectos\\WMS-ARCOSA-NEW\\vendor\\laravel\\framework\\src\\Illuminate\\Pipeline\\Pipeline.php(119): Illuminate\\Pipeline\\Pipeline->Illuminate\\Pipeline\\{closure}(Object(Illuminate\\Http\\Request))
#35 C:\\Users\\luism\\OneDrive\\Documents\\Proyectos\\WMS-ARCOSA-NEW\\vendor\\laravel\\framework\\src\\Illuminate\\Foundation\\Http\\Kernel.php(175): Illuminate\\Pipeline\\Pipeline->then(Object(Closure))
#36 C:\\Users\\luism\\OneDrive\\Documents\\Proyectos\\WMS-ARCOSA-NEW\\vendor\\laravel\\framework\\src\\Illuminate\\Foundation\\Http\\Kernel.php(144): Illuminate\\Foundation\\Http\\Kernel->sendRequestThroughRouter(Object(Illuminate\\Http\\Request))
#37 C:\\Users\\luism\\OneDrive\\Documents\\Proyectos\\WMS-ARCOSA-NEW\\vendor\\laravel\\framework\\src\\Illuminate\\Foundation\\Application.php(1183): Illuminate\\Foundation\\Http\\Kernel->handle(Object(Illuminate\\Http\\Request))
#38 C:\\Users\\luism\\OneDrive\\Documents\\Proyectos\\WMS-ARCOSA-NEW\\public\\index.php(17): Illuminate\\Foundation\\Application->handleRequest(Object(Illuminate\\Http\\Request))
#39 C:\\Users\\luism\\OneDrive\\Documents\\Proyectos\\WMS-ARCOSA-NEW\\vendor\\laravel\\framework\\src\\Illuminate\\Foundation\\resources\\server.php(16): require_once('C:\\\\Users\\\\luism\\\\...')
#40 {main}
"} 
[2024-07-29 16:48:41] local.ERROR: Target class [Database\Seeders\CatalogoPlantaSeeder] does not exist. {"exception":"[object] (Illuminate\\Contracts\\Container\\BindingResolutionException(code: 0): Target class [Database\\Seeders\\CatalogoPlantaSeeder] does not exist. at C:\\Users\\luism\\OneDrive\\Documents\\Proyectos\\MaterializeAuth\\vendor\\laravel\\framework\\src\\Illuminate\\Container\\Container.php:940)
[stacktrace]
#0 C:\\Users\\luism\\OneDrive\\Documents\\Proyectos\\MaterializeAuth\\vendor\\laravel\\framework\\src\\Illuminate\\Container\\Container.php(815): Illuminate\\Container\\Container->build('Database\\\\Seeder...')
#1 C:\\Users\\luism\\OneDrive\\Documents\\Proyectos\\MaterializeAuth\\vendor\\laravel\\framework\\src\\Illuminate\\Foundation\\Application.php(1046): Illuminate\\Container\\Container->resolve('Database\\\\Seeder...', Array, true)
#2 C:\\Users\\luism\\OneDrive\\Documents\\Proyectos\\MaterializeAuth\\vendor\\laravel\\framework\\src\\Illuminate\\Container\\Container.php(751): Illuminate\\Foundation\\Application->resolve('Database\\\\Seeder...', Array)
#3 C:\\Users\\luism\\OneDrive\\Documents\\Proyectos\\MaterializeAuth\\vendor\\laravel\\framework\\src\\Illuminate\\Foundation\\Application.php(1028): Illuminate\\Container\\Container->make('Database\\\\Seeder...', Array)
#4 C:\\Users\\luism\\OneDrive\\Documents\\Proyectos\\MaterializeAuth\\vendor\\laravel\\framework\\src\\Illuminate\\Database\\Seeder.php(129): Illuminate\\Foundation\\Application->make('Database\\\\Seeder...')
#5 C:\\Users\\luism\\OneDrive\\Documents\\Proyectos\\MaterializeAuth\\vendor\\laravel\\framework\\src\\Illuminate\\Database\\Seeder.php(48): Illuminate\\Database\\Seeder->resolve('Database\\\\Seeder...')
#6 C:\\Users\\luism\\OneDrive\\Documents\\Proyectos\\MaterializeAuth\\database\\seeders\\DatabaseSeeder.php(24): Illuminate\\Database\\Seeder->call('Database\\\\Seeder...')
#7 C:\\Users\\luism\\OneDrive\\Documents\\Proyectos\\MaterializeAuth\\vendor\\laravel\\framework\\src\\Illuminate\\Container\\BoundMethod.php(36): Database\\Seeders\\DatabaseSeeder->run()
#8 C:\\Users\\luism\\OneDrive\\Documents\\Proyectos\\MaterializeAuth\\vendor\\laravel\\framework\\src\\Illuminate\\Container\\Util.php(41): Illuminate\\Container\\BoundMethod::Illuminate\\Container\\{closure}()
#9 C:\\Users\\luism\\OneDrive\\Documents\\Proyectos\\MaterializeAuth\\vendor\\laravel\\framework\\src\\Illuminate\\Container\\BoundMethod.php(93): Illuminate\\Container\\Util::unwrapIfClosure(Object(Closure))
#10 C:\\Users\\luism\\OneDrive\\Documents\\Proyectos\\MaterializeAuth\\vendor\\laravel\\framework\\src\\Illuminate\\Container\\BoundMethod.php(35): Illuminate\\Container\\BoundMethod::callBoundMethod(Object(Illuminate\\Foundation\\Application), Array, Object(Closure))
#11 C:\\Users\\luism\\OneDrive\\Documents\\Proyectos\\MaterializeAuth\\vendor\\laravel\\framework\\src\\Illuminate\\Container\\Container.php(690): Illuminate\\Container\\BoundMethod::call(Object(Illuminate\\Foundation\\Application), Array, Array, NULL)
#12 C:\\Users\\luism\\OneDrive\\Documents\\Proyectos\\MaterializeAuth\\vendor\\laravel\\framework\\src\\Illuminate\\Database\\Seeder.php(184): Illuminate\\Container\\Container->call(Array, Array)
#13 C:\\Users\\luism\\OneDrive\\Documents\\Proyectos\\MaterializeAuth\\vendor\\laravel\\framework\\src\\Illuminate\\Database\\Seeder.php(193): Illuminate\\Database\\Seeder->Illuminate\\Database\\{closure}()
#14 C:\\Users\\luism\\OneDrive\\Documents\\Proyectos\\MaterializeAuth\\vendor\\laravel\\framework\\src\\Illuminate\\Database\\Console\\Seeds\\SeedCommand.php(70): Illuminate\\Database\\Seeder->__invoke()
#15 C:\\Users\\luism\\OneDrive\\Documents\\Proyectos\\MaterializeAuth\\vendor\\laravel\\framework\\src\\Illuminate\\Database\\Eloquent\\Concerns\\GuardsAttributes.php(155): Illuminate\\Database\\Console\\Seeds\\SeedCommand->Illuminate\\Database\\Console\\Seeds\\{closure}()
#16 C:\\Users\\luism\\OneDrive\\Documents\\Proyectos\\MaterializeAuth\\vendor\\laravel\\framework\\src\\Illuminate\\Database\\Console\\Seeds\\SeedCommand.php(69): Illuminate\\Database\\Eloquent\\Model::unguarded(Object(Closure))
#17 C:\\Users\\luism\\OneDrive\\Documents\\Proyectos\\MaterializeAuth\\vendor\\laravel\\framework\\src\\Illuminate\\Container\\BoundMethod.php(36): Illuminate\\Database\\Console\\Seeds\\SeedCommand->handle()
#18 C:\\Users\\luism\\OneDrive\\Documents\\Proyectos\\MaterializeAuth\\vendor\\laravel\\framework\\src\\Illuminate\\Container\\Util.php(41): Illuminate\\Container\\BoundMethod::Illuminate\\Container\\{closure}()
#19 C:\\Users\\luism\\OneDrive\\Documents\\Proyectos\\MaterializeAuth\\vendor\\laravel\\framework\\src\\Illuminate\\Container\\BoundMethod.php(93): Illuminate\\Container\\Util::unwrapIfClosure(Object(Closure))
#20 C:\\Users\\luism\\OneDrive\\Documents\\Proyectos\\MaterializeAuth\\vendor\\laravel\\framework\\src\\Illuminate\\Container\\BoundMethod.php(35): Illuminate\\Container\\BoundMethod::callBoundMethod(Object(Illuminate\\Foundation\\Application), Array, Object(Closure))
#21 C:\\Users\\luism\\OneDrive\\Documents\\Proyectos\\MaterializeAuth\\vendor\\laravel\\framework\\src\\Illuminate\\Container\\Container.php(690): Illuminate\\Container\\BoundMethod::call(Object(Illuminate\\Foundation\\Application), Array, Array, NULL)
#22 C:\\Users\\luism\\OneDrive\\Documents\\Proyectos\\MaterializeAuth\\vendor\\laravel\\framework\\src\\Illuminate\\Console\\Command.php(213): Illuminate\\Container\\Container->call(Array)
#23 C:\\Users\\luism\\OneDrive\\Documents\\Proyectos\\MaterializeAuth\\vendor\\symfony\\console\\Command\\Command.php(279): Illuminate\\Console\\Command->execute(Object(Symfony\\Component\\Console\\Input\\ArgvInput), Object(Illuminate\\Console\\OutputStyle))
#24 C:\\Users\\luism\\OneDrive\\Documents\\Proyectos\\MaterializeAuth\\vendor\\laravel\\framework\\src\\Illuminate\\Console\\Command.php(182): Symfony\\Component\\Console\\Command\\Command->run(Object(Symfony\\Component\\Console\\Input\\ArgvInput), Object(Illuminate\\Console\\OutputStyle))
#25 C:\\Users\\luism\\OneDrive\\Documents\\Proyectos\\MaterializeAuth\\vendor\\symfony\\console\\Application.php(1047): Illuminate\\Console\\Command->run(Object(Symfony\\Component\\Console\\Input\\ArgvInput), Object(Symfony\\Component\\Console\\Output\\ConsoleOutput))
#26 C:\\Users\\luism\\OneDrive\\Documents\\Proyectos\\MaterializeAuth\\vendor\\symfony\\console\\Application.php(316): Symfony\\Component\\Console\\Application->doRunCommand(Object(Illuminate\\Database\\Console\\Seeds\\SeedCommand), Object(Symfony\\Component\\Console\\Input\\ArgvInput), Object(Symfony\\Component\\Console\\Output\\ConsoleOutput))
#27 C:\\Users\\luism\\OneDrive\\Documents\\Proyectos\\MaterializeAuth\\vendor\\symfony\\console\\Application.php(167): Symfony\\Component\\Console\\Application->doRun(Object(Symfony\\Component\\Console\\Input\\ArgvInput), Object(Symfony\\Component\\Console\\Output\\ConsoleOutput))
#28 C:\\Users\\luism\\OneDrive\\Documents\\Proyectos\\MaterializeAuth\\vendor\\laravel\\framework\\src\\Illuminate\\Foundation\\Console\\Kernel.php(197): Symfony\\Component\\Console\\Application->run(Object(Symfony\\Component\\Console\\Input\\ArgvInput), Object(Symfony\\Component\\Console\\Output\\ConsoleOutput))
#29 C:\\Users\\luism\\OneDrive\\Documents\\Proyectos\\MaterializeAuth\\vendor\\laravel\\framework\\src\\Illuminate\\Foundation\\Application.php(1203): Illuminate\\Foundation\\Console\\Kernel->handle(Object(Symfony\\Component\\Console\\Input\\ArgvInput), Object(Symfony\\Component\\Console\\Output\\ConsoleOutput))
#30 C:\\Users\\luism\\OneDrive\\Documents\\Proyectos\\MaterializeAuth\\artisan(13): Illuminate\\Foundation\\Application->handleCommand(Object(Symfony\\Component\\Console\\Input\\ArgvInput))
#31 {main}

[previous exception] [object] (ReflectionException(code: -1): Class \"Database\\Seeders\\CatalogoPlantaSeeder\" does not exist at C:\\Users\\luism\\OneDrive\\Documents\\Proyectos\\MaterializeAuth\\vendor\\laravel\\framework\\src\\Illuminate\\Container\\Container.php:938)
[stacktrace]
#0 C:\\Users\\luism\\OneDrive\\Documents\\Proyectos\\MaterializeAuth\\vendor\\laravel\\framework\\src\\Illuminate\\Container\\Container.php(938): ReflectionClass->__construct('Database\\\\Seeder...')
#1 C:\\Users\\luism\\OneDrive\\Documents\\Proyectos\\MaterializeAuth\\vendor\\laravel\\framework\\src\\Illuminate\\Container\\Container.php(815): Illuminate\\Container\\Container->build('Database\\\\Seeder...')
#2 C:\\Users\\luism\\OneDrive\\Documents\\Proyectos\\MaterializeAuth\\vendor\\laravel\\framework\\src\\Illuminate\\Foundation\\Application.php(1046): Illuminate\\Container\\Container->resolve('Database\\\\Seeder...', Array, true)
#3 C:\\Users\\luism\\OneDrive\\Documents\\Proyectos\\MaterializeAuth\\vendor\\laravel\\framework\\src\\Illuminate\\Container\\Container.php(751): Illuminate\\Foundation\\Application->resolve('Database\\\\Seeder...', Array)
#4 C:\\Users\\luism\\OneDrive\\Documents\\Proyectos\\MaterializeAuth\\vendor\\laravel\\framework\\src\\Illuminate\\Foundation\\Application.php(1028): Illuminate\\Container\\Container->make('Database\\\\Seeder...', Array)
#5 C:\\Users\\luism\\OneDrive\\Documents\\Proyectos\\MaterializeAuth\\vendor\\laravel\\framework\\src\\Illuminate\\Database\\Seeder.php(129): Illuminate\\Foundation\\Application->make('Database\\\\Seeder...')
#6 C:\\Users\\luism\\OneDrive\\Documents\\Proyectos\\MaterializeAuth\\vendor\\laravel\\framework\\src\\Illuminate\\Database\\Seeder.php(48): Illuminate\\Database\\Seeder->resolve('Database\\\\Seeder...')
#7 C:\\Users\\luism\\OneDrive\\Documents\\Proyectos\\MaterializeAuth\\database\\seeders\\DatabaseSeeder.php(24): Illuminate\\Database\\Seeder->call('Database\\\\Seeder...')
#8 C:\\Users\\luism\\OneDrive\\Documents\\Proyectos\\MaterializeAuth\\vendor\\laravel\\framework\\src\\Illuminate\\Container\\BoundMethod.php(36): Database\\Seeders\\DatabaseSeeder->run()
#9 C:\\Users\\luism\\OneDrive\\Documents\\Proyectos\\MaterializeAuth\\vendor\\laravel\\framework\\src\\Illuminate\\Container\\Util.php(41): Illuminate\\Container\\BoundMethod::Illuminate\\Container\\{closure}()
#10 C:\\Users\\luism\\OneDrive\\Documents\\Proyectos\\MaterializeAuth\\vendor\\laravel\\framework\\src\\Illuminate\\Container\\BoundMethod.php(93): Illuminate\\Container\\Util::unwrapIfClosure(Object(Closure))
#11 C:\\Users\\luism\\OneDrive\\Documents\\Proyectos\\MaterializeAuth\\vendor\\laravel\\framework\\src\\Illuminate\\Container\\BoundMethod.php(35): Illuminate\\Container\\BoundMethod::callBoundMethod(Object(Illuminate\\Foundation\\Application), Array, Object(Closure))
#12 C:\\Users\\luism\\OneDrive\\Documents\\Proyectos\\MaterializeAuth\\vendor\\laravel\\framework\\src\\Illuminate\\Container\\Container.php(690): Illuminate\\Container\\BoundMethod::call(Object(Illuminate\\Foundation\\Application), Array, Array, NULL)
#13 C:\\Users\\luism\\OneDrive\\Documents\\Proyectos\\MaterializeAuth\\vendor\\laravel\\framework\\src\\Illuminate\\Database\\Seeder.php(184): Illuminate\\Container\\Container->call(Array, Array)
#14 C:\\Users\\luism\\OneDrive\\Documents\\Proyectos\\MaterializeAuth\\vendor\\laravel\\framework\\src\\Illuminate\\Database\\Seeder.php(193): Illuminate\\Database\\Seeder->Illuminate\\Database\\{closure}()
#15 C:\\Users\\luism\\OneDrive\\Documents\\Proyectos\\MaterializeAuth\\vendor\\laravel\\framework\\src\\Illuminate\\Database\\Console\\Seeds\\SeedCommand.php(70): Illuminate\\Database\\Seeder->__invoke()
#16 C:\\Users\\luism\\OneDrive\\Documents\\Proyectos\\MaterializeAuth\\vendor\\laravel\\framework\\src\\Illuminate\\Database\\Eloquent\\Concerns\\GuardsAttributes.php(155): Illuminate\\Database\\Console\\Seeds\\SeedCommand->Illuminate\\Database\\Console\\Seeds\\{closure}()
#17 C:\\Users\\luism\\OneDrive\\Documents\\Proyectos\\MaterializeAuth\\vendor\\laravel\\framework\\src\\Illuminate\\Database\\Console\\Seeds\\SeedCommand.php(69): Illuminate\\Database\\Eloquent\\Model::unguarded(Object(Closure))
#18 C:\\Users\\luism\\OneDrive\\Documents\\Proyectos\\MaterializeAuth\\vendor\\laravel\\framework\\src\\Illuminate\\Container\\BoundMethod.php(36): Illuminate\\Database\\Console\\Seeds\\SeedCommand->handle()
#19 C:\\Users\\luism\\OneDrive\\Documents\\Proyectos\\MaterializeAuth\\vendor\\laravel\\framework\\src\\Illuminate\\Container\\Util.php(41): Illuminate\\Container\\BoundMethod::Illuminate\\Container\\{closure}()
#20 C:\\Users\\luism\\OneDrive\\Documents\\Proyectos\\MaterializeAuth\\vendor\\laravel\\framework\\src\\Illuminate\\Container\\BoundMethod.php(93): Illuminate\\Container\\Util::unwrapIfClosure(Object(Closure))
#21 C:\\Users\\luism\\OneDrive\\Documents\\Proyectos\\MaterializeAuth\\vendor\\laravel\\framework\\src\\Illuminate\\Container\\BoundMethod.php(35): Illuminate\\Container\\BoundMethod::callBoundMethod(Object(Illuminate\\Foundation\\Application), Array, Object(Closure))
#22 C:\\Users\\luism\\OneDrive\\Documents\\Proyectos\\MaterializeAuth\\vendor\\laravel\\framework\\src\\Illuminate\\Container\\Container.php(690): Illuminate\\Container\\BoundMethod::call(Object(Illuminate\\Foundation\\Application), Array, Array, NULL)
#23 C:\\Users\\luism\\OneDrive\\Documents\\Proyectos\\MaterializeAuth\\vendor\\laravel\\framework\\src\\Illuminate\\Console\\Command.php(213): Illuminate\\Container\\Container->call(Array)
#24 C:\\Users\\luism\\OneDrive\\Documents\\Proyectos\\MaterializeAuth\\vendor\\symfony\\console\\Command\\Command.php(279): Illuminate\\Console\\Command->execute(Object(Symfony\\Component\\Console\\Input\\ArgvInput), Object(Illuminate\\Console\\OutputStyle))
#25 C:\\Users\\luism\\OneDrive\\Documents\\Proyectos\\MaterializeAuth\\vendor\\laravel\\framework\\src\\Illuminate\\Console\\Command.php(182): Symfony\\Component\\Console\\Command\\Command->run(Object(Symfony\\Component\\Console\\Input\\ArgvInput), Object(Illuminate\\Console\\OutputStyle))
#26 C:\\Users\\luism\\OneDrive\\Documents\\Proyectos\\MaterializeAuth\\vendor\\symfony\\console\\Application.php(1047): Illuminate\\Console\\Command->run(Object(Symfony\\Component\\Console\\Input\\ArgvInput), Object(Symfony\\Component\\Console\\Output\\ConsoleOutput))
#27 C:\\Users\\luism\\OneDrive\\Documents\\Proyectos\\MaterializeAuth\\vendor\\symfony\\console\\Application.php(316): Symfony\\Component\\Console\\Application->doRunCommand(Object(Illuminate\\Database\\Console\\Seeds\\SeedCommand), Object(Symfony\\Component\\Console\\Input\\ArgvInput), Object(Symfony\\Component\\Console\\Output\\ConsoleOutput))
#28 C:\\Users\\luism\\OneDrive\\Documents\\Proyectos\\MaterializeAuth\\vendor\\symfony\\console\\Application.php(167): Symfony\\Component\\Console\\Application->doRun(Object(Symfony\\Component\\Console\\Input\\ArgvInput), Object(Symfony\\Component\\Console\\Output\\ConsoleOutput))
#29 C:\\Users\\luism\\OneDrive\\Documents\\Proyectos\\MaterializeAuth\\vendor\\laravel\\framework\\src\\Illuminate\\Foundation\\Console\\Kernel.php(197): Symfony\\Component\\Console\\Application->run(Object(Symfony\\Component\\Console\\Input\\ArgvInput), Object(Symfony\\Component\\Console\\Output\\ConsoleOutput))
#30 C:\\Users\\luism\\OneDrive\\Documents\\Proyectos\\MaterializeAuth\\vendor\\laravel\\framework\\src\\Illuminate\\Foundation\\Application.php(1203): Illuminate\\Foundation\\Console\\Kernel->handle(Object(Symfony\\Component\\Console\\Input\\ArgvInput), Object(Symfony\\Component\\Console\\Output\\ConsoleOutput))
#31 C:\\Users\\luism\\OneDrive\\Documents\\Proyectos\\MaterializeAuth\\artisan(13): Illuminate\\Foundation\\Application->handleCommand(Object(Symfony\\Component\\Console\\Input\\ArgvInput))
#32 {main}
"} 
[2025-01-06 18:55:11] local.ERROR: SQLSTATE[HY000] [1049] Unknown database 'tablero' (Connection: mariadb, SQL: select * from `sessions` where `id` = sjWvRvzRCMhVBbgxErlTLQAuDNLMWeKGhj2gYjcF limit 1) {"exception":"[object] (Illuminate\\Database\\QueryException(code: 1049): SQLSTATE[HY000] [1049] Unknown database 'tablero' (Connection: mariadb, SQL: select * from `sessions` where `id` = sjWvRvzRCMhVBbgxErlTLQAuDNLMWeKGhj2gYjcF limit 1) at C:\\Users\\luism\\OneDrive\\Documents\\Proyectos\\ARCOSA - Tablero De Mando\\vendor\\laravel\\framework\\src\\Illuminate\\Database\\Connection.php:813)
[stacktrace]
#0 C:\\Users\\luism\\OneDrive\\Documents\\Proyectos\\ARCOSA - Tablero De Mando\\vendor\\laravel\\framework\\src\\Illuminate\\Database\\Connection.php(767): Illuminate\\Database\\Connection->runQueryCallback('select * from `...', Array, Object(Closure))
#1 C:\\Users\\luism\\OneDrive\\Documents\\Proyectos\\ARCOSA - Tablero De Mando\\vendor\\laravel\\framework\\src\\Illuminate\\Database\\Connection.php(398): Illuminate\\Database\\Connection->run('select * from `...', Array, Object(Closure))
#2 C:\\Users\\luism\\OneDrive\\Documents\\Proyectos\\ARCOSA - Tablero De Mando\\vendor\\laravel\\framework\\src\\Illuminate\\Database\\Query\\Builder.php(3061): Illuminate\\Database\\Connection->select('select * from `...', Array, true)
#3 C:\\Users\\luism\\OneDrive\\Documents\\Proyectos\\ARCOSA - Tablero De Mando\\vendor\\laravel\\framework\\src\\Illuminate\\Database\\Query\\Builder.php(3046): Illuminate\\Database\\Query\\Builder->runSelect()
#4 C:\\Users\\luism\\OneDrive\\Documents\\Proyectos\\ARCOSA - Tablero De Mando\\vendor\\laravel\\framework\\src\\Illuminate\\Database\\Query\\Builder.php(3634): Illuminate\\Database\\Query\\Builder->Illuminate\\Database\\Query\\{closure}()
#5 C:\\Users\\luism\\OneDrive\\Documents\\Proyectos\\ARCOSA - Tablero De Mando\\vendor\\laravel\\framework\\src\\Illuminate\\Database\\Query\\Builder.php(3045): Illuminate\\Database\\Query\\Builder->onceWithColumns(Array, Object(Closure))
#6 C:\\Users\\luism\\OneDrive\\Documents\\Proyectos\\ARCOSA - Tablero De Mando\\vendor\\laravel\\framework\\src\\Illuminate\\Database\\Concerns\\BuildsQueries.php(343): Illuminate\\Database\\Query\\Builder->get(Array)
#7 C:\\Users\\luism\\OneDrive\\Documents\\Proyectos\\ARCOSA - Tablero De Mando\\vendor\\laravel\\framework\\src\\Illuminate\\Database\\Query\\Builder.php(2966): Illuminate\\Database\\Query\\Builder->first(Array)
#8 C:\\Users\\luism\\OneDrive\\Documents\\Proyectos\\ARCOSA - Tablero De Mando\\vendor\\laravel\\framework\\src\\Illuminate\\Session\\DatabaseSessionHandler.php(97): Illuminate\\Database\\Query\\Builder->find('sjWvRvzRCMhVBbg...')
#9 C:\\Users\\luism\\OneDrive\\Documents\\Proyectos\\ARCOSA - Tablero De Mando\\vendor\\laravel\\framework\\src\\Illuminate\\Session\\Store.php(113): Illuminate\\Session\\DatabaseSessionHandler->read('sjWvRvzRCMhVBbg...')
#10 C:\\Users\\luism\\OneDrive\\Documents\\Proyectos\\ARCOSA - Tablero De Mando\\vendor\\laravel\\framework\\src\\Illuminate\\Session\\Store.php(101): Illuminate\\Session\\Store->readFromHandler()
#11 C:\\Users\\luism\\OneDrive\\Documents\\Proyectos\\ARCOSA - Tablero De Mando\\vendor\\laravel\\framework\\src\\Illuminate\\Session\\Store.php(85): Illuminate\\Session\\Store->loadSession()
#12 C:\\Users\\luism\\OneDrive\\Documents\\Proyectos\\ARCOSA - Tablero De Mando\\vendor\\laravel\\framework\\src\\Illuminate\\Session\\Middleware\\StartSession.php(147): Illuminate\\Session\\Store->start()
#13 C:\\Users\\luism\\OneDrive\\Documents\\Proyectos\\ARCOSA - Tablero De Mando\\vendor\\laravel\\framework\\src\\Illuminate\\Support\\helpers.php(380): Illuminate\\Session\\Middleware\\StartSession->Illuminate\\Session\\Middleware\\{closure}(Object(Illuminate\\Session\\Store))
#14 C:\\Users\\luism\\OneDrive\\Documents\\Proyectos\\ARCOSA - Tablero De Mando\\vendor\\laravel\\framework\\src\\Illuminate\\Session\\Middleware\\StartSession.php(144): tap(Object(Illuminate\\Session\\Store), Object(Closure))
#15 C:\\Users\\luism\\OneDrive\\Documents\\Proyectos\\ARCOSA - Tablero De Mando\\vendor\\laravel\\framework\\src\\Illuminate\\Session\\Middleware\\StartSession.php(116): Illuminate\\Session\\Middleware\\StartSession->startSession(Object(Illuminate\\Http\\Request), Object(Illuminate\\Session\\Store))
#16 C:\\Users\\luism\\OneDrive\\Documents\\Proyectos\\ARCOSA - Tablero De Mando\\vendor\\laravel\\framework\\src\\Illuminate\\Session\\Middleware\\StartSession.php(64): Illuminate\\Session\\Middleware\\StartSession->handleStatefulRequest(Object(Illuminate\\Http\\Request), Object(Illuminate\\Session\\Store), Object(Closure))
#17 C:\\Users\\luism\\OneDrive\\Documents\\Proyectos\\ARCOSA - Tablero De Mando\\vendor\\laravel\\framework\\src\\Illuminate\\Pipeline\\Pipeline.php(183): Illuminate\\Session\\Middleware\\StartSession->handle(Object(Illuminate\\Http\\Request), Object(Closure))
#18 C:\\Users\\luism\\OneDrive\\Documents\\Proyectos\\ARCOSA - Tablero De Mando\\vendor\\laravel\\framework\\src\\Illuminate\\Cookie\\Middleware\\AddQueuedCookiesToResponse.php(37): Illuminate\\Pipeline\\Pipeline->Illuminate\\Pipeline\\{closure}(Object(Illuminate\\Http\\Request))
#19 C:\\Users\\luism\\OneDrive\\Documents\\Proyectos\\ARCOSA - Tablero De Mando\\vendor\\laravel\\framework\\src\\Illuminate\\Pipeline\\Pipeline.php(183): Illuminate\\Cookie\\Middleware\\AddQueuedCookiesToResponse->handle(Object(Illuminate\\Http\\Request), Object(Closure))
#20 C:\\Users\\luism\\OneDrive\\Documents\\Proyectos\\ARCOSA - Tablero De Mando\\vendor\\laravel\\framework\\src\\Illuminate\\Cookie\\Middleware\\EncryptCookies.php(75): Illuminate\\Pipeline\\Pipeline->Illuminate\\Pipeline\\{closure}(Object(Illuminate\\Http\\Request))
#21 C:\\Users\\luism\\OneDrive\\Documents\\Proyectos\\ARCOSA - Tablero De Mando\\vendor\\laravel\\framework\\src\\Illuminate\\Pipeline\\Pipeline.php(183): Illuminate\\Cookie\\Middleware\\EncryptCookies->handle(Object(Illuminate\\Http\\Request), Object(Closure))
#22 C:\\Users\\luism\\OneDrive\\Documents\\Proyectos\\ARCOSA - Tablero De Mando\\vendor\\laravel\\framework\\src\\Illuminate\\Pipeline\\Pipeline.php(119): Illuminate\\Pipeline\\Pipeline->Illuminate\\Pipeline\\{closure}(Object(Illuminate\\Http\\Request))
#23 C:\\Users\\luism\\OneDrive\\Documents\\Proyectos\\ARCOSA - Tablero De Mando\\vendor\\laravel\\framework\\src\\Illuminate\\Routing\\Router.php(807): Illuminate\\Pipeline\\Pipeline->then(Object(Closure))
#24 C:\\Users\\luism\\OneDrive\\Documents\\Proyectos\\ARCOSA - Tablero De Mando\\vendor\\laravel\\framework\\src\\Illuminate\\Routing\\Router.php(786): Illuminate\\Routing\\Router->runRouteWithinStack(Object(Illuminate\\Routing\\Route), Object(Illuminate\\Http\\Request))
#25 C:\\Users\\luism\\OneDrive\\Documents\\Proyectos\\ARCOSA - Tablero De Mando\\vendor\\laravel\\framework\\src\\Illuminate\\Routing\\Router.php(750): Illuminate\\Routing\\Router->runRoute(Object(Illuminate\\Http\\Request), Object(Illuminate\\Routing\\Route))
#26 C:\\Users\\luism\\OneDrive\\Documents\\Proyectos\\ARCOSA - Tablero De Mando\\vendor\\laravel\\framework\\src\\Illuminate\\Routing\\Router.php(739): Illuminate\\Routing\\Router->dispatchToRoute(Object(Illuminate\\Http\\Request))
#27 C:\\Users\\luism\\OneDrive\\Documents\\Proyectos\\ARCOSA - Tablero De Mando\\vendor\\laravel\\framework\\src\\Illuminate\\Foundation\\Http\\Kernel.php(201): Illuminate\\Routing\\Router->dispatch(Object(Illuminate\\Http\\Request))
#28 C:\\Users\\luism\\OneDrive\\Documents\\Proyectos\\ARCOSA - Tablero De Mando\\vendor\\laravel\\framework\\src\\Illuminate\\Pipeline\\Pipeline.php(144): Illuminate\\Foundation\\Http\\Kernel->Illuminate\\Foundation\\Http\\{closure}(Object(Illuminate\\Http\\Request))
#29 C:\\Users\\luism\\OneDrive\\Documents\\Proyectos\\ARCOSA - Tablero De Mando\\vendor\\laravel\\framework\\src\\Illuminate\\Foundation\\Http\\Middleware\\TransformsRequest.php(21): Illuminate\\Pipeline\\Pipeline->Illuminate\\Pipeline\\{closure}(Object(Illuminate\\Http\\Request))
#30 C:\\Users\\luism\\OneDrive\\Documents\\Proyectos\\ARCOSA - Tablero De Mando\\vendor\\laravel\\framework\\src\\Illuminate\\Foundation\\Http\\Middleware\\ConvertEmptyStringsToNull.php(31): Illuminate\\Foundation\\Http\\Middleware\\TransformsRequest->handle(Object(Illuminate\\Http\\Request), Object(Closure))
#31 C:\\Users\\luism\\OneDrive\\Documents\\Proyectos\\ARCOSA - Tablero De Mando\\vendor\\laravel\\framework\\src\\Illuminate\\Pipeline\\Pipeline.php(183): Illuminate\\Foundation\\Http\\Middleware\\ConvertEmptyStringsToNull->handle(Object(Illuminate\\Http\\Request), Object(Closure))
#32 C:\\Users\\luism\\OneDrive\\Documents\\Proyectos\\ARCOSA - Tablero De Mando\\vendor\\laravel\\framework\\src\\Illuminate\\Foundation\\Http\\Middleware\\TransformsRequest.php(21): Illuminate\\Pipeline\\Pipeline->Illuminate\\Pipeline\\{closure}(Object(Illuminate\\Http\\Request))
#33 C:\\Users\\luism\\OneDrive\\Documents\\Proyectos\\ARCOSA - Tablero De Mando\\vendor\\laravel\\framework\\src\\Illuminate\\Foundation\\Http\\Middleware\\TrimStrings.php(51): Illuminate\\Foundation\\Http\\Middleware\\TransformsRequest->handle(Object(Illuminate\\Http\\Request), Object(Closure))
#34 C:\\Users\\luism\\OneDrive\\Documents\\Proyectos\\ARCOSA - Tablero De Mando\\vendor\\laravel\\framework\\src\\Illuminate\\Pipeline\\Pipeline.php(183): Illuminate\\Foundation\\Http\\Middleware\\TrimStrings->handle(Object(Illuminate\\Http\\Request), Object(Closure))
#35 C:\\Users\\luism\\OneDrive\\Documents\\Proyectos\\ARCOSA - Tablero De Mando\\vendor\\laravel\\framework\\src\\Illuminate\\Http\\Middleware\\ValidatePostSize.php(27): Illuminate\\Pipeline\\Pipeline->Illuminate\\Pipeline\\{closure}(Object(Illuminate\\Http\\Request))
#36 C:\\Users\\luism\\OneDrive\\Documents\\Proyectos\\ARCOSA - Tablero De Mando\\vendor\\laravel\\framework\\src\\Illuminate\\Pipeline\\Pipeline.php(183): Illuminate\\Http\\Middleware\\ValidatePostSize->handle(Object(Illuminate\\Http\\Request), Object(Closure))
#37 C:\\Users\\luism\\OneDrive\\Documents\\Proyectos\\ARCOSA - Tablero De Mando\\vendor\\laravel\\framework\\src\\Illuminate\\Foundation\\Http\\Middleware\\PreventRequestsDuringMaintenance.php(110): Illuminate\\Pipeline\\Pipeline->Illuminate\\Pipeline\\{closure}(Object(Illuminate\\Http\\Request))
#38 C:\\Users\\luism\\OneDrive\\Documents\\Proyectos\\ARCOSA - Tablero De Mando\\vendor\\laravel\\framework\\src\\Illuminate\\Pipeline\\Pipeline.php(183): Illuminate\\Foundation\\Http\\Middleware\\PreventRequestsDuringMaintenance->handle(Object(Illuminate\\Http\\Request), Object(Closure))
#39 C:\\Users\\luism\\OneDrive\\Documents\\Proyectos\\ARCOSA - Tablero De Mando\\vendor\\laravel\\framework\\src\\Illuminate\\Http\\Middleware\\HandleCors.php(49): Illuminate\\Pipeline\\Pipeline->Illuminate\\Pipeline\\{closure}(Object(Illuminate\\Http\\Request))
#40 C:\\Users\\luism\\OneDrive\\Documents\\Proyectos\\ARCOSA - Tablero De Mando\\vendor\\laravel\\framework\\src\\Illuminate\\Pipeline\\Pipeline.php(183): Illuminate\\Http\\Middleware\\HandleCors->handle(Object(Illuminate\\Http\\Request), Object(Closure))
#41 C:\\Users\\luism\\OneDrive\\Documents\\Proyectos\\ARCOSA - Tablero De Mando\\vendor\\laravel\\framework\\src\\Illuminate\\Http\\Middleware\\TrustProxies.php(57): Illuminate\\Pipeline\\Pipeline->Illuminate\\Pipeline\\{closure}(Object(Illuminate\\Http\\Request))
#42 C:\\Users\\luism\\OneDrive\\Documents\\Proyectos\\ARCOSA - Tablero De Mando\\vendor\\laravel\\framework\\src\\Illuminate\\Pipeline\\Pipeline.php(183): Illuminate\\Http\\Middleware\\TrustProxies->handle(Object(Illuminate\\Http\\Request), Object(Closure))
#43 C:\\Users\\luism\\OneDrive\\Documents\\Proyectos\\ARCOSA - Tablero De Mando\\vendor\\laravel\\framework\\src\\Illuminate\\Pipeline\\Pipeline.php(119): Illuminate\\Pipeline\\Pipeline->Illuminate\\Pipeline\\{closure}(Object(Illuminate\\Http\\Request))
#44 C:\\Users\\luism\\OneDrive\\Documents\\Proyectos\\ARCOSA - Tablero De Mando\\vendor\\laravel\\framework\\src\\Illuminate\\Foundation\\Http\\Kernel.php(176): Illuminate\\Pipeline\\Pipeline->then(Object(Closure))
#45 C:\\Users\\luism\\OneDrive\\Documents\\Proyectos\\ARCOSA - Tablero De Mando\\vendor\\laravel\\framework\\src\\Illuminate\\Foundation\\Http\\Kernel.php(145): Illuminate\\Foundation\\Http\\Kernel->sendRequestThroughRouter(Object(Illuminate\\Http\\Request))
#46 C:\\Users\\luism\\OneDrive\\Documents\\Proyectos\\ARCOSA - Tablero De Mando\\vendor\\laravel\\framework\\src\\Illuminate\\Foundation\\Application.php(1188): Illuminate\\Foundation\\Http\\Kernel->handle(Object(Illuminate\\Http\\Request))
#47 C:\\Users\\luism\\OneDrive\\Documents\\Proyectos\\ARCOSA - Tablero De Mando\\public\\index.php(17): Illuminate\\Foundation\\Application->handleRequest(Object(Illuminate\\Http\\Request))
#48 C:\\Users\\luism\\OneDrive\\Documents\\Proyectos\\ARCOSA - Tablero De Mando\\vendor\\laravel\\framework\\src\\Illuminate\\Foundation\\resources\\server.php(23): require_once('C:\\\\Users\\\\luism\\\\...')
#49 {main}

[previous exception] [object] (PDOException(code: 1049): SQLSTATE[HY000] [1049] Unknown database 'tablero' at C:\\Users\\luism\\OneDrive\\Documents\\Proyectos\\ARCOSA - Tablero De Mando\\vendor\\laravel\\framework\\src\\Illuminate\\Database\\Connectors\\Connector.php:65)
[stacktrace]
#0 C:\\Users\\luism\\OneDrive\\Documents\\Proyectos\\ARCOSA - Tablero De Mando\\vendor\\laravel\\framework\\src\\Illuminate\\Database\\Connectors\\Connector.php(65): PDO->__construct('mysql:host=127....', 'root', Object(SensitiveParameterValue), Array)
#1 C:\\Users\\luism\\OneDrive\\Documents\\Proyectos\\ARCOSA - Tablero De Mando\\vendor\\laravel\\framework\\src\\Illuminate\\Database\\Connectors\\Connector.php(44): Illuminate\\Database\\Connectors\\Connector->createPdoConnection('mysql:host=127....', 'root', 'root', Array)
#2 C:\\Users\\luism\\OneDrive\\Documents\\Proyectos\\ARCOSA - Tablero De Mando\\vendor\\laravel\\framework\\src\\Illuminate\\Database\\Connectors\\MySqlConnector.php(24): Illuminate\\Database\\Connectors\\Connector->createConnection('mysql:host=127....', Array, Array)
#3 C:\\Users\\luism\\OneDrive\\Documents\\Proyectos\\ARCOSA - Tablero De Mando\\vendor\\laravel\\framework\\src\\Illuminate\\Database\\Connectors\\ConnectionFactory.php(185): Illuminate\\Database\\Connectors\\MySqlConnector->connect(Array)
#4 [internal function]: Illuminate\\Database\\Connectors\\ConnectionFactory->Illuminate\\Database\\Connectors\\{closure}()
#5 C:\\Users\\luism\\OneDrive\\Documents\\Proyectos\\ARCOSA - Tablero De Mando\\vendor\\laravel\\framework\\src\\Illuminate\\Database\\Connection.php(1219): call_user_func(Object(Closure))
#6 C:\\Users\\luism\\OneDrive\\Documents\\Proyectos\\ARCOSA - Tablero De Mando\\vendor\\laravel\\framework\\src\\Illuminate\\Database\\Connection.php(1255): Illuminate\\Database\\Connection->getPdo()
#7 C:\\Users\\luism\\OneDrive\\Documents\\Proyectos\\ARCOSA - Tablero De Mando\\vendor\\laravel\\framework\\src\\Illuminate\\Database\\Connection.php(512): Illuminate\\Database\\Connection->getReadPdo()
#8 C:\\Users\\luism\\OneDrive\\Documents\\Proyectos\\ARCOSA - Tablero De Mando\\vendor\\laravel\\framework\\src\\Illuminate\\Database\\Connection.php(407): Illuminate\\Database\\Connection->getPdoForSelect(true)
#9 C:\\Users\\luism\\OneDrive\\Documents\\Proyectos\\ARCOSA - Tablero De Mando\\vendor\\laravel\\framework\\src\\Illuminate\\Database\\Connection.php(800): Illuminate\\Database\\Connection->Illuminate\\Database\\{closure}('select * from `...', Array)
#10 C:\\Users\\luism\\OneDrive\\Documents\\Proyectos\\ARCOSA - Tablero De Mando\\vendor\\laravel\\framework\\src\\Illuminate\\Database\\Connection.php(767): Illuminate\\Database\\Connection->runQueryCallback('select * from `...', Array, Object(Closure))
#11 C:\\Users\\luism\\OneDrive\\Documents\\Proyectos\\ARCOSA - Tablero De Mando\\vendor\\laravel\\framework\\src\\Illuminate\\Database\\Connection.php(398): Illuminate\\Database\\Connection->run('select * from `...', Array, Object(Closure))
#12 C:\\Users\\luism\\OneDrive\\Documents\\Proyectos\\ARCOSA - Tablero De Mando\\vendor\\laravel\\framework\\src\\Illuminate\\Database\\Query\\Builder.php(3061): Illuminate\\Database\\Connection->select('select * from `...', Array, true)
#13 C:\\Users\\luism\\OneDrive\\Documents\\Proyectos\\ARCOSA - Tablero De Mando\\vendor\\laravel\\framework\\src\\Illuminate\\Database\\Query\\Builder.php(3046): Illuminate\\Database\\Query\\Builder->runSelect()
#14 C:\\Users\\luism\\OneDrive\\Documents\\Proyectos\\ARCOSA - Tablero De Mando\\vendor\\laravel\\framework\\src\\Illuminate\\Database\\Query\\Builder.php(3634): Illuminate\\Database\\Query\\Builder->Illuminate\\Database\\Query\\{closure}()
#15 C:\\Users\\luism\\OneDrive\\Documents\\Proyectos\\ARCOSA - Tablero De Mando\\vendor\\laravel\\framework\\src\\Illuminate\\Database\\Query\\Builder.php(3045): Illuminate\\Database\\Query\\Builder->onceWithColumns(Array, Object(Closure))
#16 C:\\Users\\luism\\OneDrive\\Documents\\Proyectos\\ARCOSA - Tablero De Mando\\vendor\\laravel\\framework\\src\\Illuminate\\Database\\Concerns\\BuildsQueries.php(343): Illuminate\\Database\\Query\\Builder->get(Array)
#17 C:\\Users\\luism\\OneDrive\\Documents\\Proyectos\\ARCOSA - Tablero De Mando\\vendor\\laravel\\framework\\src\\Illuminate\\Database\\Query\\Builder.php(2966): Illuminate\\Database\\Query\\Builder->first(Array)
#18 C:\\Users\\luism\\OneDrive\\Documents\\Proyectos\\ARCOSA - Tablero De Mando\\vendor\\laravel\\framework\\src\\Illuminate\\Session\\DatabaseSessionHandler.php(97): Illuminate\\Database\\Query\\Builder->find('sjWvRvzRCMhVBbg...')
#19 C:\\Users\\luism\\OneDrive\\Documents\\Proyectos\\ARCOSA - Tablero De Mando\\vendor\\laravel\\framework\\src\\Illuminate\\Session\\Store.php(113): Illuminate\\Session\\DatabaseSessionHandler->read('sjWvRvzRCMhVBbg...')
#20 C:\\Users\\luism\\OneDrive\\Documents\\Proyectos\\ARCOSA - Tablero De Mando\\vendor\\laravel\\framework\\src\\Illuminate\\Session\\Store.php(101): Illuminate\\Session\\Store->readFromHandler()
#21 C:\\Users\\luism\\OneDrive\\Documents\\Proyectos\\ARCOSA - Tablero De Mando\\vendor\\laravel\\framework\\src\\Illuminate\\Session\\Store.php(85): Illuminate\\Session\\Store->loadSession()
#22 C:\\Users\\luism\\OneDrive\\Documents\\Proyectos\\ARCOSA - Tablero De Mando\\vendor\\laravel\\framework\\src\\Illuminate\\Session\\Middleware\\StartSession.php(147): Illuminate\\Session\\Store->start()
#23 C:\\Users\\luism\\OneDrive\\Documents\\Proyectos\\ARCOSA - Tablero De Mando\\vendor\\laravel\\framework\\src\\Illuminate\\Support\\helpers.php(380): Illuminate\\Session\\Middleware\\StartSession->Illuminate\\Session\\Middleware\\{closure}(Object(Illuminate\\Session\\Store))
#24 C:\\Users\\luism\\OneDrive\\Documents\\Proyectos\\ARCOSA - Tablero De Mando\\vendor\\laravel\\framework\\src\\Illuminate\\Session\\Middleware\\StartSession.php(144): tap(Object(Illuminate\\Session\\Store), Object(Closure))
#25 C:\\Users\\luism\\OneDrive\\Documents\\Proyectos\\ARCOSA - Tablero De Mando\\vendor\\laravel\\framework\\src\\Illuminate\\Session\\Middleware\\StartSession.php(116): Illuminate\\Session\\Middleware\\StartSession->startSession(Object(Illuminate\\Http\\Request), Object(Illuminate\\Session\\Store))
#26 C:\\Users\\luism\\OneDrive\\Documents\\Proyectos\\ARCOSA - Tablero De Mando\\vendor\\laravel\\framework\\src\\Illuminate\\Session\\Middleware\\StartSession.php(64): Illuminate\\Session\\Middleware\\StartSession->handleStatefulRequest(Object(Illuminate\\Http\\Request), Object(Illuminate\\Session\\Store), Object(Closure))
#27 C:\\Users\\luism\\OneDrive\\Documents\\Proyectos\\ARCOSA - Tablero De Mando\\vendor\\laravel\\framework\\src\\Illuminate\\Pipeline\\Pipeline.php(183): Illuminate\\Session\\Middleware\\StartSession->handle(Object(Illuminate\\Http\\Request), Object(Closure))
#28 C:\\Users\\luism\\OneDrive\\Documents\\Proyectos\\ARCOSA - Tablero De Mando\\vendor\\laravel\\framework\\src\\Illuminate\\Cookie\\Middleware\\AddQueuedCookiesToResponse.php(37): Illuminate\\Pipeline\\Pipeline->Illuminate\\Pipeline\\{closure}(Object(Illuminate\\Http\\Request))
#29 C:\\Users\\luism\\OneDrive\\Documents\\Proyectos\\ARCOSA - Tablero De Mando\\vendor\\laravel\\framework\\src\\Illuminate\\Pipeline\\Pipeline.php(183): Illuminate\\Cookie\\Middleware\\AddQueuedCookiesToResponse->handle(Object(Illuminate\\Http\\Request), Object(Closure))
#30 C:\\Users\\luism\\OneDrive\\Documents\\Proyectos\\ARCOSA - Tablero De Mando\\vendor\\laravel\\framework\\src\\Illuminate\\Cookie\\Middleware\\EncryptCookies.php(75): Illuminate\\Pipeline\\Pipeline->Illuminate\\Pipeline\\{closure}(Object(Illuminate\\Http\\Request))
#31 C:\\Users\\luism\\OneDrive\\Documents\\Proyectos\\ARCOSA - Tablero De Mando\\vendor\\laravel\\framework\\src\\Illuminate\\Pipeline\\Pipeline.php(183): Illuminate\\Cookie\\Middleware\\EncryptCookies->handle(Object(Illuminate\\Http\\Request), Object(Closure))
#32 C:\\Users\\luism\\OneDrive\\Documents\\Proyectos\\ARCOSA - Tablero De Mando\\vendor\\laravel\\framework\\src\\Illuminate\\Pipeline\\Pipeline.php(119): Illuminate\\Pipeline\\Pipeline->Illuminate\\Pipeline\\{closure}(Object(Illuminate\\Http\\Request))
#33 C:\\Users\\luism\\OneDrive\\Documents\\Proyectos\\ARCOSA - Tablero De Mando\\vendor\\laravel\\framework\\src\\Illuminate\\Routing\\Router.php(807): Illuminate\\Pipeline\\Pipeline->then(Object(Closure))
#34 C:\\Users\\luism\\OneDrive\\Documents\\Proyectos\\ARCOSA - Tablero De Mando\\vendor\\laravel\\framework\\src\\Illuminate\\Routing\\Router.php(786): Illuminate\\Routing\\Router->runRouteWithinStack(Object(Illuminate\\Routing\\Route), Object(Illuminate\\Http\\Request))
#35 C:\\Users\\luism\\OneDrive\\Documents\\Proyectos\\ARCOSA - Tablero De Mando\\vendor\\laravel\\framework\\src\\Illuminate\\Routing\\Router.php(750): Illuminate\\Routing\\Router->runRoute(Object(Illuminate\\Http\\Request), Object(Illuminate\\Routing\\Route))
#36 C:\\Users\\luism\\OneDrive\\Documents\\Proyectos\\ARCOSA - Tablero De Mando\\vendor\\laravel\\framework\\src\\Illuminate\\Routing\\Router.php(739): Illuminate\\Routing\\Router->dispatchToRoute(Object(Illuminate\\Http\\Request))
#37 C:\\Users\\luism\\OneDrive\\Documents\\Proyectos\\ARCOSA - Tablero De Mando\\vendor\\laravel\\framework\\src\\Illuminate\\Foundation\\Http\\Kernel.php(201): Illuminate\\Routing\\Router->dispatch(Object(Illuminate\\Http\\Request))
#38 C:\\Users\\luism\\OneDrive\\Documents\\Proyectos\\ARCOSA - Tablero De Mando\\vendor\\laravel\\framework\\src\\Illuminate\\Pipeline\\Pipeline.php(144): Illuminate\\Foundation\\Http\\Kernel->Illuminate\\Foundation\\Http\\{closure}(Object(Illuminate\\Http\\Request))
#39 C:\\Users\\luism\\OneDrive\\Documents\\Proyectos\\ARCOSA - Tablero De Mando\\vendor\\laravel\\framework\\src\\Illuminate\\Foundation\\Http\\Middleware\\TransformsRequest.php(21): Illuminate\\Pipeline\\Pipeline->Illuminate\\Pipeline\\{closure}(Object(Illuminate\\Http\\Request))
#40 C:\\Users\\luism\\OneDrive\\Documents\\Proyectos\\ARCOSA - Tablero De Mando\\vendor\\laravel\\framework\\src\\Illuminate\\Foundation\\Http\\Middleware\\ConvertEmptyStringsToNull.php(31): Illuminate\\Foundation\\Http\\Middleware\\TransformsRequest->handle(Object(Illuminate\\Http\\Request), Object(Closure))
#41 C:\\Users\\luism\\OneDrive\\Documents\\Proyectos\\ARCOSA - Tablero De Mando\\vendor\\laravel\\framework\\src\\Illuminate\\Pipeline\\Pipeline.php(183): Illuminate\\Foundation\\Http\\Middleware\\ConvertEmptyStringsToNull->handle(Object(Illuminate\\Http\\Request), Object(Closure))
#42 C:\\Users\\luism\\OneDrive\\Documents\\Proyectos\\ARCOSA - Tablero De Mando\\vendor\\laravel\\framework\\src\\Illuminate\\Foundation\\Http\\Middleware\\TransformsRequest.php(21): Illuminate\\Pipeline\\Pipeline->Illuminate\\Pipeline\\{closure}(Object(Illuminate\\Http\\Request))
#43 C:\\Users\\luism\\OneDrive\\Documents\\Proyectos\\ARCOSA - Tablero De Mando\\vendor\\laravel\\framework\\src\\Illuminate\\Foundation\\Http\\Middleware\\TrimStrings.php(51): Illuminate\\Foundation\\Http\\Middleware\\TransformsRequest->handle(Object(Illuminate\\Http\\Request), Object(Closure))
#44 C:\\Users\\luism\\OneDrive\\Documents\\Proyectos\\ARCOSA - Tablero De Mando\\vendor\\laravel\\framework\\src\\Illuminate\\Pipeline\\Pipeline.php(183): Illuminate\\Foundation\\Http\\Middleware\\TrimStrings->handle(Object(Illuminate\\Http\\Request), Object(Closure))
#45 C:\\Users\\luism\\OneDrive\\Documents\\Proyectos\\ARCOSA - Tablero De Mando\\vendor\\laravel\\framework\\src\\Illuminate\\Http\\Middleware\\ValidatePostSize.php(27): Illuminate\\Pipeline\\Pipeline->Illuminate\\Pipeline\\{closure}(Object(Illuminate\\Http\\Request))
#46 C:\\Users\\luism\\OneDrive\\Documents\\Proyectos\\ARCOSA - Tablero De Mando\\vendor\\laravel\\framework\\src\\Illuminate\\Pipeline\\Pipeline.php(183): Illuminate\\Http\\Middleware\\ValidatePostSize->handle(Object(Illuminate\\Http\\Request), Object(Closure))
#47 C:\\Users\\luism\\OneDrive\\Documents\\Proyectos\\ARCOSA - Tablero De Mando\\vendor\\laravel\\framework\\src\\Illuminate\\Foundation\\Http\\Middleware\\PreventRequestsDuringMaintenance.php(110): Illuminate\\Pipeline\\Pipeline->Illuminate\\Pipeline\\{closure}(Object(Illuminate\\Http\\Request))
#48 C:\\Users\\luism\\OneDrive\\Documents\\Proyectos\\ARCOSA - Tablero De Mando\\vendor\\laravel\\framework\\src\\Illuminate\\Pipeline\\Pipeline.php(183): Illuminate\\Foundation\\Http\\Middleware\\PreventRequestsDuringMaintenance->handle(Object(Illuminate\\Http\\Request), Object(Closure))
#49 C:\\Users\\luism\\OneDrive\\Documents\\Proyectos\\ARCOSA - Tablero De Mando\\vendor\\laravel\\framework\\src\\Illuminate\\Http\\Middleware\\HandleCors.php(49): Illuminate\\Pipeline\\Pipeline->Illuminate\\Pipeline\\{closure}(Object(Illuminate\\Http\\Request))
#50 C:\\Users\\luism\\OneDrive\\Documents\\Proyectos\\ARCOSA - Tablero De Mando\\vendor\\laravel\\framework\\src\\Illuminate\\Pipeline\\Pipeline.php(183): Illuminate\\Http\\Middleware\\HandleCors->handle(Object(Illuminate\\Http\\Request), Object(Closure))
#51 C:\\Users\\luism\\OneDrive\\Documents\\Proyectos\\ARCOSA - Tablero De Mando\\vendor\\laravel\\framework\\src\\Illuminate\\Http\\Middleware\\TrustProxies.php(57): Illuminate\\Pipeline\\Pipeline->Illuminate\\Pipeline\\{closure}(Object(Illuminate\\Http\\Request))
#52 C:\\Users\\luism\\OneDrive\\Documents\\Proyectos\\ARCOSA - Tablero De Mando\\vendor\\laravel\\framework\\src\\Illuminate\\Pipeline\\Pipeline.php(183): Illuminate\\Http\\Middleware\\TrustProxies->handle(Object(Illuminate\\Http\\Request), Object(Closure))
#53 C:\\Users\\luism\\OneDrive\\Documents\\Proyectos\\ARCOSA - Tablero De Mando\\vendor\\laravel\\framework\\src\\Illuminate\\Pipeline\\Pipeline.php(119): Illuminate\\Pipeline\\Pipeline->Illuminate\\Pipeline\\{closure}(Object(Illuminate\\Http\\Request))
#54 C:\\Users\\luism\\OneDrive\\Documents\\Proyectos\\ARCOSA - Tablero De Mando\\vendor\\laravel\\framework\\src\\Illuminate\\Foundation\\Http\\Kernel.php(176): Illuminate\\Pipeline\\Pipeline->then(Object(Closure))
#55 C:\\Users\\luism\\OneDrive\\Documents\\Proyectos\\ARCOSA - Tablero De Mando\\vendor\\laravel\\framework\\src\\Illuminate\\Foundation\\Http\\Kernel.php(145): Illuminate\\Foundation\\Http\\Kernel->sendRequestThroughRouter(Object(Illuminate\\Http\\Request))
#56 C:\\Users\\luism\\OneDrive\\Documents\\Proyectos\\ARCOSA - Tablero De Mando\\vendor\\laravel\\framework\\src\\Illuminate\\Foundation\\Application.php(1188): Illuminate\\Foundation\\Http\\Kernel->handle(Object(Illuminate\\Http\\Request))
#57 C:\\Users\\luism\\OneDrive\\Documents\\Proyectos\\ARCOSA - Tablero De Mando\\public\\index.php(17): Illuminate\\Foundation\\Application->handleRequest(Object(Illuminate\\Http\\Request))
#58 C:\\Users\\luism\\OneDrive\\Documents\\Proyectos\\ARCOSA - Tablero De Mando\\vendor\\laravel\\framework\\src\\Illuminate\\Foundation\\resources\\server.php(23): require_once('C:\\\\Users\\\\luism\\\\...')
#59 {main}
"} 
